C:\Program Files\Microsoft Visual Studio\2022\Community\MSBuild\Microsoft\VC\v170\Microsoft.CppBuild.targets(524,5): warning MSB8004: Output Directory does not end with a trailing slash.  This build instance will add the slash as it is required to allow proper evaluation of the Output Directory.
  imgui_impl_dx11.cpp
C:\Users\SANDY\OneDrive\Desktop\PROJECT\OZALERX_INTERNAL\INTERNAL\SDK\Include\dxgitype.h(12,9): warning C4005: 'DXGI_STATUS_OCCLUDED': macro redefinition
  (compiling source file '../../backends/imgui_impl_dx11.cpp')
      C:\Program Files (x86)\Windows Kits\10\Include\10.0.26100.0\shared\winerror.h(59282,9):
      see previous definition of 'DXGI_STATUS_OCCLUDED'
  
C:\Users\SANDY\OneDrive\Desktop\PROJECT\OZALERX_INTERNAL\INTERNAL\SDK\Include\dxgitype.h(13,9): warning C4005: 'DXGI_STATUS_CLIPPED': macro redefinition
  (compiling source file '../../backends/imgui_impl_dx11.cpp')
      C:\Program Files (x86)\Windows Kits\10\Include\10.0.26100.0\shared\winerror.h(59291,9):
      see previous definition of 'DXGI_STATUS_CLIPPED'
  
C:\Users\SANDY\OneDrive\Desktop\PROJECT\OZALERX_INTERNAL\INTERNAL\SDK\Include\dxgitype.h(14,9): warning C4005: 'DXGI_STATUS_NO_REDIRECTION': macro redefinition
  (compiling source file '../../backends/imgui_impl_dx11.cpp')
      C:\Program Files (x86)\Windows Kits\10\Include\10.0.26100.0\shared\winerror.h(59300,9):
      see previous definition of 'DXGI_STATUS_NO_REDIRECTION'
  
C:\Users\SANDY\OneDrive\Desktop\PROJECT\OZALERX_INTERNAL\INTERNAL\SDK\Include\dxgitype.h(15,9): warning C4005: 'DXGI_STATUS_NO_DESKTOP_ACCESS': macro redefinition
  (compiling source file '../../backends/imgui_impl_dx11.cpp')
      C:\Program Files (x86)\Windows Kits\10\Include\10.0.26100.0\shared\winerror.h(59309,9):
      see previous definition of 'DXGI_STATUS_NO_DESKTOP_ACCESS'
  
C:\Users\SANDY\OneDrive\Desktop\PROJECT\OZALERX_INTERNAL\INTERNAL\SDK\Include\dxgitype.h(16,9): warning C4005: 'DXGI_STATUS_GRAPHICS_VIDPN_SOURCE_IN_USE': macro redefinition
  (compiling source file '../../backends/imgui_impl_dx11.cpp')
      C:\Program Files (x86)\Windows Kits\10\Include\10.0.26100.0\shared\winerror.h(59318,9):
      see previous definition of 'DXGI_STATUS_GRAPHICS_VIDPN_SOURCE_IN_USE'
  
C:\Users\SANDY\OneDrive\Desktop\PROJECT\OZALERX_INTERNAL\INTERNAL\SDK\Include\dxgitype.h(17,9): warning C4005: 'DXGI_STATUS_MODE_CHANGED': macro redefinition
  (compiling source file '../../backends/imgui_impl_dx11.cpp')
      C:\Program Files (x86)\Windows Kits\10\Include\10.0.26100.0\shared\winerror.h(59327,9):
      see previous definition of 'DXGI_STATUS_MODE_CHANGED'
  
C:\Users\SANDY\OneDrive\Desktop\PROJECT\OZALERX_INTERNAL\INTERNAL\SDK\Include\dxgitype.h(18,9): warning C4005: 'DXGI_STATUS_MODE_CHANGE_IN_PROGRESS': macro redefinition
  (compiling source file '../../backends/imgui_impl_dx11.cpp')
      C:\Program Files (x86)\Windows Kits\10\Include\10.0.26100.0\shared\winerror.h(59336,9):
      see previous definition of 'DXGI_STATUS_MODE_CHANGE_IN_PROGRESS'
  
C:\Users\SANDY\OneDrive\Desktop\PROJECT\OZALERX_INTERNAL\INTERNAL\SDK\Include\dxgitype.h(21,9): warning C4005: 'DXGI_ERROR_INVALID_CALL': macro redefinition
  (compiling source file '../../backends/imgui_impl_dx11.cpp')
      C:\Program Files (x86)\Windows Kits\10\Include\10.0.26100.0\shared\winerror.h(59351,9):
      see previous definition of 'DXGI_ERROR_INVALID_CALL'
  
C:\Users\SANDY\OneDrive\Desktop\PROJECT\OZALERX_INTERNAL\INTERNAL\SDK\Include\dxgitype.h(22,9): warning C4005: 'DXGI_ERROR_NOT_FOUND': macro redefinition
  (compiling source file '../../backends/imgui_impl_dx11.cpp')
      C:\Program Files (x86)\Windows Kits\10\Include\10.0.26100.0\shared\winerror.h(59360,9):
      see previous definition of 'DXGI_ERROR_NOT_FOUND'
  
C:\Users\SANDY\OneDrive\Desktop\PROJECT\OZALERX_INTERNAL\INTERNAL\SDK\Include\dxgitype.h(23,9): warning C4005: 'DXGI_ERROR_MORE_DATA': macro redefinition
  (compiling source file '../../backends/imgui_impl_dx11.cpp')
      C:\Program Files (x86)\Windows Kits\10\Include\10.0.26100.0\shared\winerror.h(59369,9):
      see previous definition of 'DXGI_ERROR_MORE_DATA'
  
C:\Users\SANDY\OneDrive\Desktop\PROJECT\OZALERX_INTERNAL\INTERNAL\SDK\Include\dxgitype.h(24,9): warning C4005: 'DXGI_ERROR_UNSUPPORTED': macro redefinition
  (compiling source file '../../backends/imgui_impl_dx11.cpp')
      C:\Program Files (x86)\Windows Kits\10\Include\10.0.26100.0\shared\winerror.h(59378,9):
      see previous definition of 'DXGI_ERROR_UNSUPPORTED'
  
C:\Users\SANDY\OneDrive\Desktop\PROJECT\OZALERX_INTERNAL\INTERNAL\SDK\Include\dxgitype.h(25,9): warning C4005: 'DXGI_ERROR_DEVICE_REMOVED': macro redefinition
  (compiling source file '../../backends/imgui_impl_dx11.cpp')
      C:\Program Files (x86)\Windows Kits\10\Include\10.0.26100.0\shared\winerror.h(59387,9):
      see previous definition of 'DXGI_ERROR_DEVICE_REMOVED'
  
C:\Users\SANDY\OneDrive\Desktop\PROJECT\OZALERX_INTERNAL\INTERNAL\SDK\Include\dxgitype.h(26,9): warning C4005: 'DXGI_ERROR_DEVICE_HUNG': macro redefinition
  (compiling source file '../../backends/imgui_impl_dx11.cpp')
      C:\Program Files (x86)\Windows Kits\10\Include\10.0.26100.0\shared\winerror.h(59396,9):
      see previous definition of 'DXGI_ERROR_DEVICE_HUNG'
  
C:\Users\SANDY\OneDrive\Desktop\PROJECT\OZALERX_INTERNAL\INTERNAL\SDK\Include\dxgitype.h(27,9): warning C4005: 'DXGI_ERROR_DEVICE_RESET': macro redefinition
  (compiling source file '../../backends/imgui_impl_dx11.cpp')
      C:\Program Files (x86)\Windows Kits\10\Include\10.0.26100.0\shared\winerror.h(59406,9):
      see previous definition of 'DXGI_ERROR_DEVICE_RESET'
  
C:\Users\SANDY\OneDrive\Desktop\PROJECT\OZALERX_INTERNAL\INTERNAL\SDK\Include\dxgitype.h(28,9): warning C4005: 'DXGI_ERROR_WAS_STILL_DRAWING': macro redefinition
  (compiling source file '../../backends/imgui_impl_dx11.cpp')
      C:\Program Files (x86)\Windows Kits\10\Include\10.0.26100.0\shared\winerror.h(59415,9):
      see previous definition of 'DXGI_ERROR_WAS_STILL_DRAWING'
  
C:\Users\SANDY\OneDrive\Desktop\PROJECT\OZALERX_INTERNAL\INTERNAL\SDK\Include\dxgitype.h(29,9): warning C4005: 'DXGI_ERROR_FRAME_STATISTICS_DISJOINT': macro redefinition
  (compiling source file '../../backends/imgui_impl_dx11.cpp')
      C:\Program Files (x86)\Windows Kits\10\Include\10.0.26100.0\shared\winerror.h(59425,9):
      see previous definition of 'DXGI_ERROR_FRAME_STATISTICS_DISJOINT'
  
C:\Users\SANDY\OneDrive\Desktop\PROJECT\OZALERX_INTERNAL\INTERNAL\SDK\Include\dxgitype.h(30,9): warning C4005: 'DXGI_ERROR_GRAPHICS_VIDPN_SOURCE_IN_USE': macro redefinition
  (compiling source file '../../backends/imgui_impl_dx11.cpp')
      C:\Program Files (x86)\Windows Kits\10\Include\10.0.26100.0\shared\winerror.h(59434,9):
      see previous definition of 'DXGI_ERROR_GRAPHICS_VIDPN_SOURCE_IN_USE'
  
C:\Users\SANDY\OneDrive\Desktop\PROJECT\OZALERX_INTERNAL\INTERNAL\SDK\Include\dxgitype.h(31,9): warning C4005: 'DXGI_ERROR_DRIVER_INTERNAL_ERROR': macro redefinition
  (compiling source file '../../backends/imgui_impl_dx11.cpp')
      C:\Program Files (x86)\Windows Kits\10\Include\10.0.26100.0\shared\winerror.h(59444,9):
      see previous definition of 'DXGI_ERROR_DRIVER_INTERNAL_ERROR'
  
C:\Users\SANDY\OneDrive\Desktop\PROJECT\OZALERX_INTERNAL\INTERNAL\SDK\Include\dxgitype.h(32,9): warning C4005: 'DXGI_ERROR_NONEXCLUSIVE': macro redefinition
  (compiling source file '../../backends/imgui_impl_dx11.cpp')
      C:\Program Files (x86)\Windows Kits\10\Include\10.0.26100.0\shared\winerror.h(59453,9):
      see previous definition of 'DXGI_ERROR_NONEXCLUSIVE'
  
C:\Users\SANDY\OneDrive\Desktop\PROJECT\OZALERX_INTERNAL\INTERNAL\SDK\Include\dxgitype.h(33,9): warning C4005: 'DXGI_ERROR_NOT_CURRENTLY_AVAILABLE': macro redefinition
  (compiling source file '../../backends/imgui_impl_dx11.cpp')
      C:\Program Files (x86)\Windows Kits\10\Include\10.0.26100.0\shared\winerror.h(59462,9):
      see previous definition of 'DXGI_ERROR_NOT_CURRENTLY_AVAILABLE'
  
C:\Users\SANDY\OneDrive\Desktop\PROJECT\OZALERX_INTERNAL\INTERNAL\SDK\Include\dxgitype.h(34,9): warning C4005: 'DXGI_ERROR_REMOTE_CLIENT_DISCONNECTED': macro redefinition
  (compiling source file '../../backends/imgui_impl_dx11.cpp')
      C:\Program Files (x86)\Windows Kits\10\Include\10.0.26100.0\shared\winerror.h(59472,9):
      see previous definition of 'DXGI_ERROR_REMOTE_CLIENT_DISCONNECTED'
  
C:\Users\SANDY\OneDrive\Desktop\PROJECT\OZALERX_INTERNAL\INTERNAL\SDK\Include\dxgitype.h(35,9): warning C4005: 'DXGI_ERROR_REMOTE_OUTOFMEMORY': macro redefinition
  (compiling source file '../../backends/imgui_impl_dx11.cpp')
      C:\Program Files (x86)\Windows Kits\10\Include\10.0.26100.0\shared\winerror.h(59481,9):
      see previous definition of 'DXGI_ERROR_REMOTE_OUTOFMEMORY'
  
C:\Users\SANDY\OneDrive\Desktop\PROJECT\OZALERX_INTERNAL\INTERNAL\SDK\Include\d3d11.h(917,9): warning C4005: 'D3D11_ERROR_TOO_MANY_UNIQUE_STATE_OBJECTS': macro redefinition
  (compiling source file '../../backends/imgui_impl_dx11.cpp')
      C:\Program Files (x86)\Windows Kits\10\Include\10.0.26100.0\shared\winerror.h(59796,9):
      see previous definition of 'D3D11_ERROR_TOO_MANY_UNIQUE_STATE_OBJECTS'
  
C:\Users\SANDY\OneDrive\Desktop\PROJECT\OZALERX_INTERNAL\INTERNAL\SDK\Include\d3d11.h(918,9): warning C4005: 'D3D11_ERROR_FILE_NOT_FOUND': macro redefinition
  (compiling source file '../../backends/imgui_impl_dx11.cpp')
      C:\Program Files (x86)\Windows Kits\10\Include\10.0.26100.0\shared\winerror.h(59805,9):
      see previous definition of 'D3D11_ERROR_FILE_NOT_FOUND'
  
C:\Users\SANDY\OneDrive\Desktop\PROJECT\OZALERX_INTERNAL\INTERNAL\SDK\Include\d3d11.h(919,9): warning C4005: 'D3D11_ERROR_TOO_MANY_UNIQUE_VIEW_OBJECTS': macro redefinition
  (compiling source file '../../backends/imgui_impl_dx11.cpp')
      C:\Program Files (x86)\Windows Kits\10\Include\10.0.26100.0\shared\winerror.h(59815,9):
      see previous definition of 'D3D11_ERROR_TOO_MANY_UNIQUE_VIEW_OBJECTS'
  
C:\Users\SANDY\OneDrive\Desktop\PROJECT\OZALERX_INTERNAL\INTERNAL\SDK\Include\d3d11.h(920,9): warning C4005: 'D3D11_ERROR_DEFERRED_CONTEXT_MAP_WITHOUT_INITIAL_DISCARD': macro redefinition
  (compiling source file '../../backends/imgui_impl_dx11.cpp')
      C:\Program Files (x86)\Windows Kits\10\Include\10.0.26100.0\shared\winerror.h(59824,9):
      see previous definition of 'D3D11_ERROR_DEFERRED_CONTEXT_MAP_WITHOUT_INITIAL_DISCARD'
  
C:\Users\SANDY\OneDrive\Desktop\PROJECT\OZALERX_INTERNAL\INTERNAL\SDK\Include\d3d10.h(608,9): warning C4005: 'D3D10_ERROR_TOO_MANY_UNIQUE_STATE_OBJECTS': macro redefinition
  (compiling source file '../../backends/imgui_impl_dx11.cpp')
      C:\Program Files (x86)\Windows Kits\10\Include\10.0.26100.0\shared\winerror.h(59772,9):
      see previous definition of 'D3D10_ERROR_TOO_MANY_UNIQUE_STATE_OBJECTS'
  
C:\Users\SANDY\OneDrive\Desktop\PROJECT\OZALERX_INTERNAL\INTERNAL\SDK\Include\d3d10.h(609,9): warning C4005: 'D3D10_ERROR_FILE_NOT_FOUND': macro redefinition
  (compiling source file '../../backends/imgui_impl_dx11.cpp')
      C:\Program Files (x86)\Windows Kits\10\Include\10.0.26100.0\shared\winerror.h(59781,9):
      see previous definition of 'D3D10_ERROR_FILE_NOT_FOUND'
  
  Compiling...
  imgui_impl_win32.cpp
  Compiling...
  imgui.cpp
  Compiling...
  imgui_draw.cpp
  Compiling...
  imgui_freetype.cpp
  Compiling...
  imgui_tables.cpp
  Compiling...
  imgui_widgets.cpp
C:\Users\SANDY\OneDrive\Desktop\PROJECT\OZALERX_INTERNAL\INTERNAL\SDK\Include\dxgitype.h(12,9): warning C4005: 'DXGI_STATUS_OCCLUDED': macro redefinition
  (compiling source file '../../imgui_widgets.cpp')
      C:\Program Files (x86)\Windows Kits\10\Include\10.0.26100.0\shared\winerror.h(59282,9):
      see previous definition of 'DXGI_STATUS_OCCLUDED'
  
C:\Users\SANDY\OneDrive\Desktop\PROJECT\OZALERX_INTERNAL\INTERNAL\SDK\Include\dxgitype.h(13,9): warning C4005: 'DXGI_STATUS_CLIPPED': macro redefinition
  (compiling source file '../../imgui_widgets.cpp')
      C:\Program Files (x86)\Windows Kits\10\Include\10.0.26100.0\shared\winerror.h(59291,9):
      see previous definition of 'DXGI_STATUS_CLIPPED'
  
C:\Users\SANDY\OneDrive\Desktop\PROJECT\OZALERX_INTERNAL\INTERNAL\SDK\Include\dxgitype.h(14,9): warning C4005: 'DXGI_STATUS_NO_REDIRECTION': macro redefinition
  (compiling source file '../../imgui_widgets.cpp')
      C:\Program Files (x86)\Windows Kits\10\Include\10.0.26100.0\shared\winerror.h(59300,9):
      see previous definition of 'DXGI_STATUS_NO_REDIRECTION'
  
C:\Users\SANDY\OneDrive\Desktop\PROJECT\OZALERX_INTERNAL\INTERNAL\SDK\Include\dxgitype.h(15,9): warning C4005: 'DXGI_STATUS_NO_DESKTOP_ACCESS': macro redefinition
  (compiling source file '../../imgui_widgets.cpp')
      C:\Program Files (x86)\Windows Kits\10\Include\10.0.26100.0\shared\winerror.h(59309,9):
      see previous definition of 'DXGI_STATUS_NO_DESKTOP_ACCESS'
  
C:\Users\SANDY\OneDrive\Desktop\PROJECT\OZALERX_INTERNAL\INTERNAL\SDK\Include\dxgitype.h(16,9): warning C4005: 'DXGI_STATUS_GRAPHICS_VIDPN_SOURCE_IN_USE': macro redefinition
  (compiling source file '../../imgui_widgets.cpp')
      C:\Program Files (x86)\Windows Kits\10\Include\10.0.26100.0\shared\winerror.h(59318,9):
      see previous definition of 'DXGI_STATUS_GRAPHICS_VIDPN_SOURCE_IN_USE'
  
C:\Users\SANDY\OneDrive\Desktop\PROJECT\OZALERX_INTERNAL\INTERNAL\SDK\Include\dxgitype.h(17,9): warning C4005: 'DXGI_STATUS_MODE_CHANGED': macro redefinition
  (compiling source file '../../imgui_widgets.cpp')
      C:\Program Files (x86)\Windows Kits\10\Include\10.0.26100.0\shared\winerror.h(59327,9):
      see previous definition of 'DXGI_STATUS_MODE_CHANGED'
  
C:\Users\SANDY\OneDrive\Desktop\PROJECT\OZALERX_INTERNAL\INTERNAL\SDK\Include\dxgitype.h(18,9): warning C4005: 'DXGI_STATUS_MODE_CHANGE_IN_PROGRESS': macro redefinition
  (compiling source file '../../imgui_widgets.cpp')
      C:\Program Files (x86)\Windows Kits\10\Include\10.0.26100.0\shared\winerror.h(59336,9):
      see previous definition of 'DXGI_STATUS_MODE_CHANGE_IN_PROGRESS'
  
C:\Users\SANDY\OneDrive\Desktop\PROJECT\OZALERX_INTERNAL\INTERNAL\SDK\Include\dxgitype.h(21,9): warning C4005: 'DXGI_ERROR_INVALID_CALL': macro redefinition
  (compiling source file '../../imgui_widgets.cpp')
      C:\Program Files (x86)\Windows Kits\10\Include\10.0.26100.0\shared\winerror.h(59351,9):
      see previous definition of 'DXGI_ERROR_INVALID_CALL'
  
C:\Users\SANDY\OneDrive\Desktop\PROJECT\OZALERX_INTERNAL\INTERNAL\SDK\Include\dxgitype.h(22,9): warning C4005: 'DXGI_ERROR_NOT_FOUND': macro redefinition
  (compiling source file '../../imgui_widgets.cpp')
      C:\Program Files (x86)\Windows Kits\10\Include\10.0.26100.0\shared\winerror.h(59360,9):
      see previous definition of 'DXGI_ERROR_NOT_FOUND'
  
C:\Users\SANDY\OneDrive\Desktop\PROJECT\OZALERX_INTERNAL\INTERNAL\SDK\Include\dxgitype.h(23,9): warning C4005: 'DXGI_ERROR_MORE_DATA': macro redefinition
  (compiling source file '../../imgui_widgets.cpp')
      C:\Program Files (x86)\Windows Kits\10\Include\10.0.26100.0\shared\winerror.h(59369,9):
      see previous definition of 'DXGI_ERROR_MORE_DATA'
  
C:\Users\SANDY\OneDrive\Desktop\PROJECT\OZALERX_INTERNAL\INTERNAL\SDK\Include\dxgitype.h(24,9): warning C4005: 'DXGI_ERROR_UNSUPPORTED': macro redefinition
  (compiling source file '../../imgui_widgets.cpp')
      C:\Program Files (x86)\Windows Kits\10\Include\10.0.26100.0\shared\winerror.h(59378,9):
      see previous definition of 'DXGI_ERROR_UNSUPPORTED'
  
C:\Users\SANDY\OneDrive\Desktop\PROJECT\OZALERX_INTERNAL\INTERNAL\SDK\Include\dxgitype.h(25,9): warning C4005: 'DXGI_ERROR_DEVICE_REMOVED': macro redefinition
  (compiling source file '../../imgui_widgets.cpp')
      C:\Program Files (x86)\Windows Kits\10\Include\10.0.26100.0\shared\winerror.h(59387,9):
      see previous definition of 'DXGI_ERROR_DEVICE_REMOVED'
  
C:\Users\SANDY\OneDrive\Desktop\PROJECT\OZALERX_INTERNAL\INTERNAL\SDK\Include\dxgitype.h(26,9): warning C4005: 'DXGI_ERROR_DEVICE_HUNG': macro redefinition
  (compiling source file '../../imgui_widgets.cpp')
      C:\Program Files (x86)\Windows Kits\10\Include\10.0.26100.0\shared\winerror.h(59396,9):
      see previous definition of 'DXGI_ERROR_DEVICE_HUNG'
  
C:\Users\SANDY\OneDrive\Desktop\PROJECT\OZALERX_INTERNAL\INTERNAL\SDK\Include\dxgitype.h(27,9): warning C4005: 'DXGI_ERROR_DEVICE_RESET': macro redefinition
  (compiling source file '../../imgui_widgets.cpp')
      C:\Program Files (x86)\Windows Kits\10\Include\10.0.26100.0\shared\winerror.h(59406,9):
      see previous definition of 'DXGI_ERROR_DEVICE_RESET'
  
C:\Users\SANDY\OneDrive\Desktop\PROJECT\OZALERX_INTERNAL\INTERNAL\SDK\Include\dxgitype.h(28,9): warning C4005: 'DXGI_ERROR_WAS_STILL_DRAWING': macro redefinition
  (compiling source file '../../imgui_widgets.cpp')
      C:\Program Files (x86)\Windows Kits\10\Include\10.0.26100.0\shared\winerror.h(59415,9):
      see previous definition of 'DXGI_ERROR_WAS_STILL_DRAWING'
  
C:\Users\SANDY\OneDrive\Desktop\PROJECT\OZALERX_INTERNAL\INTERNAL\SDK\Include\dxgitype.h(29,9): warning C4005: 'DXGI_ERROR_FRAME_STATISTICS_DISJOINT': macro redefinition
  (compiling source file '../../imgui_widgets.cpp')
      C:\Program Files (x86)\Windows Kits\10\Include\10.0.26100.0\shared\winerror.h(59425,9):
      see previous definition of 'DXGI_ERROR_FRAME_STATISTICS_DISJOINT'
  
C:\Users\SANDY\OneDrive\Desktop\PROJECT\OZALERX_INTERNAL\INTERNAL\SDK\Include\dxgitype.h(30,9): warning C4005: 'DXGI_ERROR_GRAPHICS_VIDPN_SOURCE_IN_USE': macro redefinition
  (compiling source file '../../imgui_widgets.cpp')
      C:\Program Files (x86)\Windows Kits\10\Include\10.0.26100.0\shared\winerror.h(59434,9):
      see previous definition of 'DXGI_ERROR_GRAPHICS_VIDPN_SOURCE_IN_USE'
  
C:\Users\SANDY\OneDrive\Desktop\PROJECT\OZALERX_INTERNAL\INTERNAL\SDK\Include\dxgitype.h(31,9): warning C4005: 'DXGI_ERROR_DRIVER_INTERNAL_ERROR': macro redefinition
  (compiling source file '../../imgui_widgets.cpp')
      C:\Program Files (x86)\Windows Kits\10\Include\10.0.26100.0\shared\winerror.h(59444,9):
      see previous definition of 'DXGI_ERROR_DRIVER_INTERNAL_ERROR'
  
C:\Users\SANDY\OneDrive\Desktop\PROJECT\OZALERX_INTERNAL\INTERNAL\SDK\Include\dxgitype.h(32,9): warning C4005: 'DXGI_ERROR_NONEXCLUSIVE': macro redefinition
  (compiling source file '../../imgui_widgets.cpp')
      C:\Program Files (x86)\Windows Kits\10\Include\10.0.26100.0\shared\winerror.h(59453,9):
      see previous definition of 'DXGI_ERROR_NONEXCLUSIVE'
  
C:\Users\SANDY\OneDrive\Desktop\PROJECT\OZALERX_INTERNAL\INTERNAL\SDK\Include\dxgitype.h(33,9): warning C4005: 'DXGI_ERROR_NOT_CURRENTLY_AVAILABLE': macro redefinition
  (compiling source file '../../imgui_widgets.cpp')
      C:\Program Files (x86)\Windows Kits\10\Include\10.0.26100.0\shared\winerror.h(59462,9):
      see previous definition of 'DXGI_ERROR_NOT_CURRENTLY_AVAILABLE'
  
C:\Users\SANDY\OneDrive\Desktop\PROJECT\OZALERX_INTERNAL\INTERNAL\SDK\Include\dxgitype.h(34,9): warning C4005: 'DXGI_ERROR_REMOTE_CLIENT_DISCONNECTED': macro redefinition
  (compiling source file '../../imgui_widgets.cpp')
      C:\Program Files (x86)\Windows Kits\10\Include\10.0.26100.0\shared\winerror.h(59472,9):
      see previous definition of 'DXGI_ERROR_REMOTE_CLIENT_DISCONNECTED'
  
C:\Users\SANDY\OneDrive\Desktop\PROJECT\OZALERX_INTERNAL\INTERNAL\SDK\Include\dxgitype.h(35,9): warning C4005: 'DXGI_ERROR_REMOTE_OUTOFMEMORY': macro redefinition
  (compiling source file '../../imgui_widgets.cpp')
      C:\Program Files (x86)\Windows Kits\10\Include\10.0.26100.0\shared\winerror.h(59481,9):
      see previous definition of 'DXGI_ERROR_REMOTE_OUTOFMEMORY'
  
C:\Users\SANDY\OneDrive\Desktop\PROJECT\OZALERX_INTERNAL\INTERNAL\SDK\Include\d3d11.h(917,9): warning C4005: 'D3D11_ERROR_TOO_MANY_UNIQUE_STATE_OBJECTS': macro redefinition
  (compiling source file '../../imgui_widgets.cpp')
      C:\Program Files (x86)\Windows Kits\10\Include\10.0.26100.0\shared\winerror.h(59796,9):
      see previous definition of 'D3D11_ERROR_TOO_MANY_UNIQUE_STATE_OBJECTS'
  
C:\Users\SANDY\OneDrive\Desktop\PROJECT\OZALERX_INTERNAL\INTERNAL\SDK\Include\d3d11.h(918,9): warning C4005: 'D3D11_ERROR_FILE_NOT_FOUND': macro redefinition
  (compiling source file '../../imgui_widgets.cpp')
      C:\Program Files (x86)\Windows Kits\10\Include\10.0.26100.0\shared\winerror.h(59805,9):
      see previous definition of 'D3D11_ERROR_FILE_NOT_FOUND'
  
C:\Users\SANDY\OneDrive\Desktop\PROJECT\OZALERX_INTERNAL\INTERNAL\SDK\Include\d3d11.h(919,9): warning C4005: 'D3D11_ERROR_TOO_MANY_UNIQUE_VIEW_OBJECTS': macro redefinition
  (compiling source file '../../imgui_widgets.cpp')
      C:\Program Files (x86)\Windows Kits\10\Include\10.0.26100.0\shared\winerror.h(59815,9):
      see previous definition of 'D3D11_ERROR_TOO_MANY_UNIQUE_VIEW_OBJECTS'
  
C:\Users\SANDY\OneDrive\Desktop\PROJECT\OZALERX_INTERNAL\INTERNAL\SDK\Include\d3d11.h(920,9): warning C4005: 'D3D11_ERROR_DEFERRED_CONTEXT_MAP_WITHOUT_INITIAL_DISCARD': macro redefinition
  (compiling source file '../../imgui_widgets.cpp')
      C:\Program Files (x86)\Windows Kits\10\Include\10.0.26100.0\shared\winerror.h(59824,9):
      see previous definition of 'D3D11_ERROR_DEFERRED_CONTEXT_MAP_WITHOUT_INITIAL_DISCARD'
  
C:\Users\SANDY\OneDrive\Desktop\PROJECT\OZALERX_INTERNAL\INTERNAL\SDK\Include\d3d10.h(608,9): warning C4005: 'D3D10_ERROR_TOO_MANY_UNIQUE_STATE_OBJECTS': macro redefinition
  (compiling source file '../../imgui_widgets.cpp')
      C:\Program Files (x86)\Windows Kits\10\Include\10.0.26100.0\shared\winerror.h(59772,9):
      see previous definition of 'D3D10_ERROR_TOO_MANY_UNIQUE_STATE_OBJECTS'
  
C:\Users\SANDY\OneDrive\Desktop\PROJECT\OZALERX_INTERNAL\INTERNAL\SDK\Include\d3d10.h(609,9): warning C4005: 'D3D10_ERROR_FILE_NOT_FOUND': macro redefinition
  (compiling source file '../../imgui_widgets.cpp')
      C:\Program Files (x86)\Windows Kits\10\Include\10.0.26100.0\shared\winerror.h(59781,9):
      see previous definition of 'D3D10_ERROR_FILE_NOT_FOUND'
  
C:\Users\SANDY\OneDrive\Desktop\PROJECT\OZALERX_INTERNAL\INTERNAL\examples\example_win32_directx11\ImGui\stt.hpp(206,42): warning C4100: 'swap_chain': unreferenced parameter
  (compiling source file '../../imgui_widgets.cpp')
  
C:\Users\SANDY\OneDrive\Desktop\PROJECT\OZALERX_INTERNAL\INTERNAL\examples\example_win32_directx11\ImGui\stt.hpp(294,20): warning C4189: 'col': local variable is initialized but not referenced
  (compiling source file '../../imgui_widgets.cpp')
  
C:\Users\SANDY\OneDrive\Desktop\PROJECT\OZALERX_INTERNAL\INTERNAL\imgui_settings.h(94,16): warning C4091: 'static ': ignored on left of 'c::glow_draws' when no variable is declared
  (compiling source file '../../imgui_widgets.cpp')
  
C:\Users\SANDY\OneDrive\Desktop\PROJECT\OZALERX_INTERNAL\INTERNAL\examples\example_win32_directx11\ImGui\custom_widgets.hpp(3,9): warning C4005: 'IMGUI_DEFINE_MATH_OPERATORS': macro redefinition
  (compiling source file '../../imgui_widgets.cpp')
      C:\Users\SANDY\OneDrive\Desktop\PROJECT\OZALERX_INTERNAL\INTERNAL\examples\example_win32_directx11\ImGui\custom_widgets.hpp(3,9):
      'IMGUI_DEFINE_MATH_OPERATORS' previously declared on the command line
  
C:\Users\SANDY\OneDrive\Desktop\PROJECT\OZALERX_INTERNAL\INTERNAL\examples\example_win32_directx11\ImGui\custom_popup.hpp(64,48): warning C4458: declaration of 'anim' hides class member
  (compiling source file '../../imgui_widgets.cpp')
      C:\Users\SANDY\OneDrive\Desktop\PROJECT\OZALERX_INTERNAL\INTERNAL\examples\example_win32_directx11\ImGui\custom_popup.hpp(32,35):
      see declaration of 'custom_popup::anim'
  
C:\Users\SANDY\OneDrive\Desktop\PROJECT\OZALERX_INTERNAL\INTERNAL\examples\example_win32_directx11\ImGui\custom_popup.hpp(118,48): warning C4458: declaration of 'anim' hides class member
  (compiling source file '../../imgui_widgets.cpp')
      C:\Users\SANDY\OneDrive\Desktop\PROJECT\OZALERX_INTERNAL\INTERNAL\examples\example_win32_directx11\ImGui\custom_popup.hpp(32,35):
      see declaration of 'custom_popup::anim'
  
C:\Users\SANDY\OneDrive\Desktop\PROJECT\OZALERX_INTERNAL\INTERNAL\examples\example_win32_directx11\ImGui\custom_popup.hpp(150,27): warning C4458: declaration of 'name' hides class member
  (compiling source file '../../imgui_widgets.cpp')
      C:\Users\SANDY\OneDrive\Desktop\PROJECT\OZALERX_INTERNAL\INTERNAL\examples\example_win32_directx11\ImGui\custom_popup.hpp(17,17):
      see declaration of 'custom_popup::name'
  
C:\Users\SANDY\OneDrive\Desktop\PROJECT\OZALERX_INTERNAL\INTERNAL\examples\example_win32_directx11\ImGui\custom_popup.hpp(169,50): warning C4458: declaration of 'name' hides class member
  (compiling source file '../../imgui_widgets.cpp')
      C:\Users\SANDY\OneDrive\Desktop\PROJECT\OZALERX_INTERNAL\INTERNAL\examples\example_win32_directx11\ImGui\custom_popup.hpp(17,17):
      see declaration of 'custom_popup::name'
  
C:\Users\SANDY\OneDrive\Desktop\PROJECT\OZALERX_INTERNAL\INTERNAL\examples\example_win32_directx11\ImGui\custom_popup.hpp(246,30): warning C4100: 'label': unreferenced parameter
  (compiling source file '../../imgui_widgets.cpp')
  
C:\Users\SANDY\OneDrive\Desktop\PROJECT\OZALERX_INTERNAL\INTERNAL\examples\example_win32_directx11\ImGui\notify.h(6,9): warning C4005: '_WIN32_WINNT': macro redefinition
  (compiling source file '../../imgui_widgets.cpp')
      C:\Program Files (x86)\Windows Kits\10\Include\10.0.26100.0\shared\sdkddkver.h(228,10):
      see previous definition of '_WIN32_WINNT'
  
C:\Users\SANDY\OneDrive\Desktop\PROJECT\OZALERX_INTERNAL\INTERNAL\examples\example_win32_directx11\ImGui\notify.h(118,55): warning C4458: declaration of 'type' hides class member
  (compiling source file '../../imgui_widgets.cpp')
      C:\Users\SANDY\OneDrive\Desktop\PROJECT\OZALERX_INTERNAL\INTERNAL\examples\example_win32_directx11\ImGui\notify.h(96,20):
      see declaration of 'ImGuiToast::type'
  
C:\Users\SANDY\OneDrive\Desktop\PROJECT\OZALERX_INTERNAL\INTERNAL\examples\example_win32_directx11\ImGui\notify.h(275,25): warning C4459: declaration of 'title' hides global declaration
  (compiling source file '../../imgui_widgets.cpp')
      C:\Users\SANDY\OneDrive\Desktop\PROJECT\OZALERX_INTERNAL\INTERNAL\imgui_settings.h(137,18):
      see declaration of 'c::child::title'
  
C:\Users\SANDY\OneDrive\Desktop\PROJECT\OZALERX_INTERNAL\INTERNAL\examples\example_win32_directx11\ImGui\notify.h(337,41): warning C4244: 'argument': conversion from 'float' to 'ImDrawFlags', possible loss of data
  (compiling source file '../../imgui_widgets.cpp')
  
C:\Users\SANDY\OneDrive\Desktop\PROJECT\OZALERX_INTERNAL\INTERNAL\examples\example_win32_directx11\ImGui\notify.h(359,35): warning C4130: '==': logical operation on address of string constant
  (compiling source file '../../imgui_widgets.cpp')
  
C:\Users\SANDY\OneDrive\Desktop\PROJECT\OZALERX_INTERNAL\INTERNAL\examples\example_win32_directx11\ImGui\notify.h(360,35): warning C4130: '==': logical operation on address of string constant
  (compiling source file '../../imgui_widgets.cpp')
  
C:\Users\SANDY\OneDrive\Desktop\PROJECT\OZALERX_INTERNAL\INTERNAL\examples\example_win32_directx11\ImGui\notify.h(361,35): warning C4130: '==': logical operation on address of string constant
  (compiling source file '../../imgui_widgets.cpp')
  
C:\Users\SANDY\OneDrive\Desktop\PROJECT\OZALERX_INTERNAL\INTERNAL\examples\example_win32_directx11\ImGui\notify.h(362,35): warning C4130: '==': logical operation on address of string constant
  (compiling source file '../../imgui_widgets.cpp')
  
C:\Users\SANDY\OneDrive\Desktop\PROJECT\OZALERX_INTERNAL\INTERNAL\examples\example_win32_directx11\ImGui\notify.h(363,35): warning C4130: '==': logical operation on address of string constant
  (compiling source file '../../imgui_widgets.cpp')
  
C:\Users\SANDY\OneDrive\Desktop\PROJECT\OZALERX_INTERNAL\INTERNAL\examples\example_win32_directx11\ImGui\notify.h(275,25): warning C4189: 'title': local variable is initialized but not referenced
  (compiling source file '../../imgui_widgets.cpp')
  
C:\Users\SANDY\OneDrive\Desktop\PROJECT\OZALERX_INTERNAL\INTERNAL\examples\example_win32_directx11\ImGui\custom_widgets.hpp(275,113): warning C4459: declaration of 'speed' hides global declaration
  (compiling source file '../../imgui_widgets.cpp')
      C:\Users\SANDY\OneDrive\Desktop\PROJECT\OZALERX_INTERNAL\INTERNAL\imgui_settings.h(125,16):
      see declaration of 'c::anim::speed'
  
C:\Users\SANDY\OneDrive\Desktop\PROJECT\OZALERX_INTERNAL\INTERNAL\examples\example_win32_directx11\ImGui\custom_widgets.hpp(284,15): warning C4091: 'static ': ignored on left of 'custom::chroma' when no variable is declared
  (compiling source file '../../imgui_widgets.cpp')
  
C:\Users\SANDY\OneDrive\Desktop\PROJECT\OZALERX_INTERNAL\INTERNAL\examples\example_win32_directx11\ImGui\custom_widgets.hpp(357,16): warning C4130: '!=': logical operation on address of string constant
  (compiling source file '../../imgui_widgets.cpp')
  
C:\Users\SANDY\OneDrive\Desktop\PROJECT\OZALERX_INTERNAL\INTERNAL\examples\example_win32_directx11\ImGui\custom_widgets.hpp(338,52): warning C4100: 'c2': unreferenced parameter
  (compiling source file '../../imgui_widgets.cpp')
  
C:\Users\SANDY\OneDrive\Desktop\PROJECT\OZALERX_INTERNAL\INTERNAL\examples\example_win32_directx11\ImGui\custom_widgets.hpp(338,40): warning C4100: 'c1': unreferenced parameter
  (compiling source file '../../imgui_widgets.cpp')
  
C:\Users\SANDY\OneDrive\Desktop\PROJECT\OZALERX_INTERNAL\INTERNAL\examples\example_win32_directx11\ImGui\custom_widgets.hpp(379,55): warning C4100: 'size': unreferenced parameter
  (compiling source file '../../imgui_widgets.cpp')
  
C:\Users\SANDY\OneDrive\Desktop\PROJECT\OZALERX_INTERNAL\INTERNAL\imgui_widgets.cpp(1047,14): warning C4189: 'grab_col': local variable is initialized but not referenced
  Compiling...
  AbstractAnimation.cpp
  Compiling...
  AnimationGroup.cpp
  Compiling...
  Easing.cpp
  Compiling...
  EasingCurve.cpp
  Compiling...
  ImVec2Anim.cpp
  Compiling...
  ImVec4Anim.cpp
  Compiling...
  ParallelAnimationGroup.cpp
  Compiling...
  PauseAnimation.cpp
C:\Users\SANDY\OneDrive\Desktop\PROJECT\OZALERX_INTERNAL\INTERNAL\examples\example_win32_directx11\ImAnim\PauseAnimation.cpp(10,60): warning C4100: 'dProgress': unreferenced parameter
  Compiling...
  SequentialAnimationGroup.cpp
  Compiling...
  Utils.cpp
  Compiling...
  Main.cpp
C:\Users\SANDY\OneDrive\Desktop\PROJECT\OZALERX_INTERNAL\INTERNAL\examples\example_win32_directx11\Main.cpp(1,9): warning C4005: 'IMGUI_DEFINE_MATH_OPERATORS': macro redefinition
      C:\Users\SANDY\OneDrive\Desktop\PROJECT\OZALERX_INTERNAL\INTERNAL\examples\example_win32_directx11\Main.cpp(1,9):
      'IMGUI_DEFINE_MATH_OPERATORS' previously declared on the command line
  
C:\Users\SANDY\OneDrive\Desktop\PROJECT\OZALERX_INTERNAL\INTERNAL\SDK\Include\dxgitype.h(12,9): warning C4005: 'DXGI_STATUS_OCCLUDED': macro redefinition
  (compiling source file 'Main.cpp')
      C:\Program Files (x86)\Windows Kits\10\Include\10.0.26100.0\shared\winerror.h(59282,9):
      see previous definition of 'DXGI_STATUS_OCCLUDED'
  
C:\Users\SANDY\OneDrive\Desktop\PROJECT\OZALERX_INTERNAL\INTERNAL\SDK\Include\dxgitype.h(13,9): warning C4005: 'DXGI_STATUS_CLIPPED': macro redefinition
  (compiling source file 'Main.cpp')
      C:\Program Files (x86)\Windows Kits\10\Include\10.0.26100.0\shared\winerror.h(59291,9):
      see previous definition of 'DXGI_STATUS_CLIPPED'
  
C:\Users\SANDY\OneDrive\Desktop\PROJECT\OZALERX_INTERNAL\INTERNAL\SDK\Include\dxgitype.h(14,9): warning C4005: 'DXGI_STATUS_NO_REDIRECTION': macro redefinition
  (compiling source file 'Main.cpp')
      C:\Program Files (x86)\Windows Kits\10\Include\10.0.26100.0\shared\winerror.h(59300,9):
      see previous definition of 'DXGI_STATUS_NO_REDIRECTION'
  
C:\Users\SANDY\OneDrive\Desktop\PROJECT\OZALERX_INTERNAL\INTERNAL\SDK\Include\dxgitype.h(15,9): warning C4005: 'DXGI_STATUS_NO_DESKTOP_ACCESS': macro redefinition
  (compiling source file 'Main.cpp')
      C:\Program Files (x86)\Windows Kits\10\Include\10.0.26100.0\shared\winerror.h(59309,9):
      see previous definition of 'DXGI_STATUS_NO_DESKTOP_ACCESS'
  
C:\Users\SANDY\OneDrive\Desktop\PROJECT\OZALERX_INTERNAL\INTERNAL\SDK\Include\dxgitype.h(16,9): warning C4005: 'DXGI_STATUS_GRAPHICS_VIDPN_SOURCE_IN_USE': macro redefinition
  (compiling source file 'Main.cpp')
      C:\Program Files (x86)\Windows Kits\10\Include\10.0.26100.0\shared\winerror.h(59318,9):
      see previous definition of 'DXGI_STATUS_GRAPHICS_VIDPN_SOURCE_IN_USE'
  
C:\Users\SANDY\OneDrive\Desktop\PROJECT\OZALERX_INTERNAL\INTERNAL\SDK\Include\dxgitype.h(17,9): warning C4005: 'DXGI_STATUS_MODE_CHANGED': macro redefinition
  (compiling source file 'Main.cpp')
      C:\Program Files (x86)\Windows Kits\10\Include\10.0.26100.0\shared\winerror.h(59327,9):
      see previous definition of 'DXGI_STATUS_MODE_CHANGED'
  
C:\Users\SANDY\OneDrive\Desktop\PROJECT\OZALERX_INTERNAL\INTERNAL\SDK\Include\dxgitype.h(18,9): warning C4005: 'DXGI_STATUS_MODE_CHANGE_IN_PROGRESS': macro redefinition
  (compiling source file 'Main.cpp')
      C:\Program Files (x86)\Windows Kits\10\Include\10.0.26100.0\shared\winerror.h(59336,9):
      see previous definition of 'DXGI_STATUS_MODE_CHANGE_IN_PROGRESS'
  
C:\Users\SANDY\OneDrive\Desktop\PROJECT\OZALERX_INTERNAL\INTERNAL\SDK\Include\dxgitype.h(21,9): warning C4005: 'DXGI_ERROR_INVALID_CALL': macro redefinition
  (compiling source file 'Main.cpp')
      C:\Program Files (x86)\Windows Kits\10\Include\10.0.26100.0\shared\winerror.h(59351,9):
      see previous definition of 'DXGI_ERROR_INVALID_CALL'
  
C:\Users\SANDY\OneDrive\Desktop\PROJECT\OZALERX_INTERNAL\INTERNAL\SDK\Include\dxgitype.h(22,9): warning C4005: 'DXGI_ERROR_NOT_FOUND': macro redefinition
  (compiling source file 'Main.cpp')
      C:\Program Files (x86)\Windows Kits\10\Include\10.0.26100.0\shared\winerror.h(59360,9):
      see previous definition of 'DXGI_ERROR_NOT_FOUND'
  
C:\Users\SANDY\OneDrive\Desktop\PROJECT\OZALERX_INTERNAL\INTERNAL\SDK\Include\dxgitype.h(23,9): warning C4005: 'DXGI_ERROR_MORE_DATA': macro redefinition
  (compiling source file 'Main.cpp')
      C:\Program Files (x86)\Windows Kits\10\Include\10.0.26100.0\shared\winerror.h(59369,9):
      see previous definition of 'DXGI_ERROR_MORE_DATA'
  
C:\Users\SANDY\OneDrive\Desktop\PROJECT\OZALERX_INTERNAL\INTERNAL\SDK\Include\dxgitype.h(24,9): warning C4005: 'DXGI_ERROR_UNSUPPORTED': macro redefinition
  (compiling source file 'Main.cpp')
      C:\Program Files (x86)\Windows Kits\10\Include\10.0.26100.0\shared\winerror.h(59378,9):
      see previous definition of 'DXGI_ERROR_UNSUPPORTED'
  
C:\Users\SANDY\OneDrive\Desktop\PROJECT\OZALERX_INTERNAL\INTERNAL\SDK\Include\dxgitype.h(25,9): warning C4005: 'DXGI_ERROR_DEVICE_REMOVED': macro redefinition
  (compiling source file 'Main.cpp')
      C:\Program Files (x86)\Windows Kits\10\Include\10.0.26100.0\shared\winerror.h(59387,9):
      see previous definition of 'DXGI_ERROR_DEVICE_REMOVED'
  
C:\Users\SANDY\OneDrive\Desktop\PROJECT\OZALERX_INTERNAL\INTERNAL\SDK\Include\dxgitype.h(26,9): warning C4005: 'DXGI_ERROR_DEVICE_HUNG': macro redefinition
  (compiling source file 'Main.cpp')
      C:\Program Files (x86)\Windows Kits\10\Include\10.0.26100.0\shared\winerror.h(59396,9):
      see previous definition of 'DXGI_ERROR_DEVICE_HUNG'
  
C:\Users\SANDY\OneDrive\Desktop\PROJECT\OZALERX_INTERNAL\INTERNAL\SDK\Include\dxgitype.h(27,9): warning C4005: 'DXGI_ERROR_DEVICE_RESET': macro redefinition
  (compiling source file 'Main.cpp')
      C:\Program Files (x86)\Windows Kits\10\Include\10.0.26100.0\shared\winerror.h(59406,9):
      see previous definition of 'DXGI_ERROR_DEVICE_RESET'
  
C:\Users\SANDY\OneDrive\Desktop\PROJECT\OZALERX_INTERNAL\INTERNAL\SDK\Include\dxgitype.h(28,9): warning C4005: 'DXGI_ERROR_WAS_STILL_DRAWING': macro redefinition
  (compiling source file 'Main.cpp')
      C:\Program Files (x86)\Windows Kits\10\Include\10.0.26100.0\shared\winerror.h(59415,9):
      see previous definition of 'DXGI_ERROR_WAS_STILL_DRAWING'
  
C:\Users\SANDY\OneDrive\Desktop\PROJECT\OZALERX_INTERNAL\INTERNAL\SDK\Include\dxgitype.h(29,9): warning C4005: 'DXGI_ERROR_FRAME_STATISTICS_DISJOINT': macro redefinition
  (compiling source file 'Main.cpp')
      C:\Program Files (x86)\Windows Kits\10\Include\10.0.26100.0\shared\winerror.h(59425,9):
      see previous definition of 'DXGI_ERROR_FRAME_STATISTICS_DISJOINT'
  
C:\Users\SANDY\OneDrive\Desktop\PROJECT\OZALERX_INTERNAL\INTERNAL\SDK\Include\dxgitype.h(30,9): warning C4005: 'DXGI_ERROR_GRAPHICS_VIDPN_SOURCE_IN_USE': macro redefinition
  (compiling source file 'Main.cpp')
      C:\Program Files (x86)\Windows Kits\10\Include\10.0.26100.0\shared\winerror.h(59434,9):
      see previous definition of 'DXGI_ERROR_GRAPHICS_VIDPN_SOURCE_IN_USE'
  
C:\Users\SANDY\OneDrive\Desktop\PROJECT\OZALERX_INTERNAL\INTERNAL\SDK\Include\dxgitype.h(31,9): warning C4005: 'DXGI_ERROR_DRIVER_INTERNAL_ERROR': macro redefinition
  (compiling source file 'Main.cpp')
      C:\Program Files (x86)\Windows Kits\10\Include\10.0.26100.0\shared\winerror.h(59444,9):
      see previous definition of 'DXGI_ERROR_DRIVER_INTERNAL_ERROR'
  
C:\Users\SANDY\OneDrive\Desktop\PROJECT\OZALERX_INTERNAL\INTERNAL\SDK\Include\dxgitype.h(32,9): warning C4005: 'DXGI_ERROR_NONEXCLUSIVE': macro redefinition
  (compiling source file 'Main.cpp')
      C:\Program Files (x86)\Windows Kits\10\Include\10.0.26100.0\shared\winerror.h(59453,9):
      see previous definition of 'DXGI_ERROR_NONEXCLUSIVE'
  
C:\Users\SANDY\OneDrive\Desktop\PROJECT\OZALERX_INTERNAL\INTERNAL\SDK\Include\dxgitype.h(33,9): warning C4005: 'DXGI_ERROR_NOT_CURRENTLY_AVAILABLE': macro redefinition
  (compiling source file 'Main.cpp')
      C:\Program Files (x86)\Windows Kits\10\Include\10.0.26100.0\shared\winerror.h(59462,9):
      see previous definition of 'DXGI_ERROR_NOT_CURRENTLY_AVAILABLE'
  
C:\Users\SANDY\OneDrive\Desktop\PROJECT\OZALERX_INTERNAL\INTERNAL\SDK\Include\dxgitype.h(34,9): warning C4005: 'DXGI_ERROR_REMOTE_CLIENT_DISCONNECTED': macro redefinition
  (compiling source file 'Main.cpp')
      C:\Program Files (x86)\Windows Kits\10\Include\10.0.26100.0\shared\winerror.h(59472,9):
      see previous definition of 'DXGI_ERROR_REMOTE_CLIENT_DISCONNECTED'
  
C:\Users\SANDY\OneDrive\Desktop\PROJECT\OZALERX_INTERNAL\INTERNAL\SDK\Include\dxgitype.h(35,9): warning C4005: 'DXGI_ERROR_REMOTE_OUTOFMEMORY': macro redefinition
  (compiling source file 'Main.cpp')
      C:\Program Files (x86)\Windows Kits\10\Include\10.0.26100.0\shared\winerror.h(59481,9):
      see previous definition of 'DXGI_ERROR_REMOTE_OUTOFMEMORY'
  
C:\Users\SANDY\OneDrive\Desktop\PROJECT\OZALERX_INTERNAL\INTERNAL\SDK\Include\d3d11.h(917,9): warning C4005: 'D3D11_ERROR_TOO_MANY_UNIQUE_STATE_OBJECTS': macro redefinition
  (compiling source file 'Main.cpp')
      C:\Program Files (x86)\Windows Kits\10\Include\10.0.26100.0\shared\winerror.h(59796,9):
      see previous definition of 'D3D11_ERROR_TOO_MANY_UNIQUE_STATE_OBJECTS'
  
C:\Users\SANDY\OneDrive\Desktop\PROJECT\OZALERX_INTERNAL\INTERNAL\SDK\Include\d3d11.h(918,9): warning C4005: 'D3D11_ERROR_FILE_NOT_FOUND': macro redefinition
  (compiling source file 'Main.cpp')
      C:\Program Files (x86)\Windows Kits\10\Include\10.0.26100.0\shared\winerror.h(59805,9):
      see previous definition of 'D3D11_ERROR_FILE_NOT_FOUND'
  
C:\Users\SANDY\OneDrive\Desktop\PROJECT\OZALERX_INTERNAL\INTERNAL\SDK\Include\d3d11.h(919,9): warning C4005: 'D3D11_ERROR_TOO_MANY_UNIQUE_VIEW_OBJECTS': macro redefinition
  (compiling source file 'Main.cpp')
      C:\Program Files (x86)\Windows Kits\10\Include\10.0.26100.0\shared\winerror.h(59815,9):
      see previous definition of 'D3D11_ERROR_TOO_MANY_UNIQUE_VIEW_OBJECTS'
  
C:\Users\SANDY\OneDrive\Desktop\PROJECT\OZALERX_INTERNAL\INTERNAL\SDK\Include\d3d11.h(920,9): warning C4005: 'D3D11_ERROR_DEFERRED_CONTEXT_MAP_WITHOUT_INITIAL_DISCARD': macro redefinition
  (compiling source file 'Main.cpp')
      C:\Program Files (x86)\Windows Kits\10\Include\10.0.26100.0\shared\winerror.h(59824,9):
      see previous definition of 'D3D11_ERROR_DEFERRED_CONTEXT_MAP_WITHOUT_INITIAL_DISCARD'
  
C:\Users\SANDY\OneDrive\Desktop\PROJECT\OZALERX_INTERNAL\INTERNAL\SDK\Include\d3d10.h(608,9): warning C4005: 'D3D10_ERROR_TOO_MANY_UNIQUE_STATE_OBJECTS': macro redefinition
  (compiling source file 'Main.cpp')
      C:\Program Files (x86)\Windows Kits\10\Include\10.0.26100.0\shared\winerror.h(59772,9):
      see previous definition of 'D3D10_ERROR_TOO_MANY_UNIQUE_STATE_OBJECTS'
  
C:\Users\SANDY\OneDrive\Desktop\PROJECT\OZALERX_INTERNAL\INTERNAL\SDK\Include\d3d10.h(609,9): warning C4005: 'D3D10_ERROR_FILE_NOT_FOUND': macro redefinition
  (compiling source file 'Main.cpp')
      C:\Program Files (x86)\Windows Kits\10\Include\10.0.26100.0\shared\winerror.h(59781,9):
      see previous definition of 'D3D10_ERROR_FILE_NOT_FOUND'
  
C:\Users\SANDY\OneDrive\Desktop\PROJECT\OZALERX_INTERNAL\INTERNAL\examples\example_win32_directx11\EspLines\Math\Vector\Vector3.hpp(11,9): warning C4201: nonstandard extension used: nameless struct/union
  (compiling source file 'Main.cpp')
  
C:\Users\SANDY\OneDrive\Desktop\PROJECT\OZALERX_INTERNAL\INTERNAL\examples\example_win32_directx11\EspLines\Math\Vector\Vector3.hpp(339,13): warning C4244: '=': conversion from 'double' to 'float', possible loss of data
  (compiling source file 'Main.cpp')
  
C:\Users\SANDY\OneDrive\Desktop\PROJECT\OZALERX_INTERNAL\INTERNAL\examples\example_win32_directx11\EspLines\Math\Vector\Vector3.hpp(340,13): warning C4244: '=': conversion from 'double' to 'float', possible loss of data
  (compiling source file 'Main.cpp')
  
C:\Users\SANDY\OneDrive\Desktop\PROJECT\OZALERX_INTERNAL\INTERNAL\examples\example_win32_directx11\EspLines\Math\Vector\Vector3.hpp(492,72): warning C4305: 'argument': truncation from 'double' to 'float'
  (compiling source file 'Main.cpp')
  
C:\Users\SANDY\OneDrive\Desktop\PROJECT\OZALERX_INTERNAL\INTERNAL\examples\example_win32_directx11\EspLines\Math\Vector\Vector3.hpp(492,66): warning C4305: 'argument': truncation from 'double' to 'float'
  (compiling source file 'Main.cpp')
  
C:\Users\SANDY\OneDrive\Desktop\PROJECT\OZALERX_INTERNAL\INTERNAL\examples\example_win32_directx11\EspLines\Math\Vector\Vector3.hpp(492,60): warning C4305: 'argument': truncation from 'double' to 'float'
  (compiling source file 'Main.cpp')
  
C:\Users\SANDY\OneDrive\Desktop\PROJECT\OZALERX_INTERNAL\INTERNAL\examples\example_win32_directx11\EspLines\Math\Vector\Vector3.hpp(520,15): warning C4244: '=': conversion from 'double' to 'float', possible loss of data
  (compiling source file 'Main.cpp')
  
C:\Users\SANDY\OneDrive\Desktop\PROJECT\OZALERX_INTERNAL\INTERNAL\examples\example_win32_directx11\EspLines\Math\Vector\Vector3.hpp(521,15): warning C4244: '=': conversion from 'double' to 'float', possible loss of data
  (compiling source file 'Main.cpp')
  
C:\Users\SANDY\OneDrive\Desktop\PROJECT\OZALERX_INTERNAL\INTERNAL\examples\example_win32_directx11\EspLines\Math\Vector\Vector3.hpp(538,13): warning C4244: '=': conversion from 'double' to 'float', possible loss of data
  (compiling source file 'Main.cpp')
  
C:\Users\SANDY\OneDrive\Desktop\PROJECT\OZALERX_INTERNAL\INTERNAL\examples\example_win32_directx11\EspLines\Math\Vector\Vector3.hpp(539,13): warning C4244: '=': conversion from 'double' to 'float', possible loss of data
  (compiling source file 'Main.cpp')
  
C:\Users\SANDY\OneDrive\Desktop\PROJECT\OZALERX_INTERNAL\INTERNAL\examples\example_win32_directx11\EspLines\Math\Vector\Vector3.hpp(604,21): warning C4312: 'type cast': conversion from 'int' to 'const char *' of greater size
  (compiling source file 'Main.cpp')
  
C:\Users\SANDY\OneDrive\Desktop\PROJECT\OZALERX_INTERNAL\INTERNAL\examples\example_win32_directx11\EspLines\Math\Vector\Vector3.hpp(605,21): warning C4312: 'type cast': conversion from 'int' to 'const char *' of greater size
  (compiling source file 'Main.cpp')
  
C:\Users\SANDY\OneDrive\Desktop\PROJECT\OZALERX_INTERNAL\INTERNAL\examples\example_win32_directx11\EspLines\Math\Vector\Vector3.hpp(606,21): warning C4312: 'type cast': conversion from 'int' to 'const char *' of greater size
  (compiling source file 'Main.cpp')
  
C:\Users\SANDY\OneDrive\Desktop\PROJECT\OZALERX_INTERNAL\INTERNAL\examples\example_win32_directx11\ImGui\stt.hpp(206,42): warning C4100: 'swap_chain': unreferenced parameter
  (compiling source file 'Main.cpp')
  
C:\Users\SANDY\OneDrive\Desktop\PROJECT\OZALERX_INTERNAL\INTERNAL\examples\example_win32_directx11\ImGui\stt.hpp(294,20): warning C4189: 'col': local variable is initialized but not referenced
  (compiling source file 'Main.cpp')
  
C:\Users\SANDY\OneDrive\Desktop\PROJECT\OZALERX_INTERNAL\INTERNAL\imgui_settings.h(94,16): warning C4091: 'static ': ignored on left of 'c::glow_draws' when no variable is declared
  (compiling source file 'Main.cpp')
  
C:\Users\SANDY\OneDrive\Desktop\PROJECT\OZALERX_INTERNAL\INTERNAL\examples\example_win32_directx11\Main.cpp(203,14): warning C4459: declaration of 'hWindow' hides global declaration
      C:\Users\SANDY\OneDrive\Desktop\PROJECT\OZALERX_INTERNAL\INTERNAL\examples\example_win32_directx11\src\Overlay\Overlay.hpp(8,13):
      see declaration of 'hWindow'
  
  Compiling...
  custom_widgets.cpp
C:\Users\SANDY\OneDrive\Desktop\PROJECT\OZALERX_INTERNAL\INTERNAL\examples\example_win32_directx11\ImGui\custom_widgets.hpp(3,9): warning C4005: 'IMGUI_DEFINE_MATH_OPERATORS': macro redefinition
  (compiling source file 'ImGui/custom_widgets.cpp')
      C:\Users\SANDY\OneDrive\Desktop\PROJECT\OZALERX_INTERNAL\INTERNAL\examples\example_win32_directx11\ImGui\custom_widgets.hpp(3,9):
      'IMGUI_DEFINE_MATH_OPERATORS' previously declared on the command line
  
C:\Users\SANDY\OneDrive\Desktop\PROJECT\OZALERX_INTERNAL\INTERNAL\SDK\Include\dxgitype.h(12,9): warning C4005: 'DXGI_STATUS_OCCLUDED': macro redefinition
  (compiling source file 'ImGui/custom_widgets.cpp')
      C:\Program Files (x86)\Windows Kits\10\Include\10.0.26100.0\shared\winerror.h(59282,9):
      see previous definition of 'DXGI_STATUS_OCCLUDED'
  
C:\Users\SANDY\OneDrive\Desktop\PROJECT\OZALERX_INTERNAL\INTERNAL\SDK\Include\dxgitype.h(13,9): warning C4005: 'DXGI_STATUS_CLIPPED': macro redefinition
  (compiling source file 'ImGui/custom_widgets.cpp')
      C:\Program Files (x86)\Windows Kits\10\Include\10.0.26100.0\shared\winerror.h(59291,9):
      see previous definition of 'DXGI_STATUS_CLIPPED'
  
C:\Users\SANDY\OneDrive\Desktop\PROJECT\OZALERX_INTERNAL\INTERNAL\SDK\Include\dxgitype.h(14,9): warning C4005: 'DXGI_STATUS_NO_REDIRECTION': macro redefinition
  (compiling source file 'ImGui/custom_widgets.cpp')
      C:\Program Files (x86)\Windows Kits\10\Include\10.0.26100.0\shared\winerror.h(59300,9):
      see previous definition of 'DXGI_STATUS_NO_REDIRECTION'
  
C:\Users\SANDY\OneDrive\Desktop\PROJECT\OZALERX_INTERNAL\INTERNAL\SDK\Include\dxgitype.h(15,9): warning C4005: 'DXGI_STATUS_NO_DESKTOP_ACCESS': macro redefinition
  (compiling source file 'ImGui/custom_widgets.cpp')
      C:\Program Files (x86)\Windows Kits\10\Include\10.0.26100.0\shared\winerror.h(59309,9):
      see previous definition of 'DXGI_STATUS_NO_DESKTOP_ACCESS'
  
C:\Users\SANDY\OneDrive\Desktop\PROJECT\OZALERX_INTERNAL\INTERNAL\SDK\Include\dxgitype.h(16,9): warning C4005: 'DXGI_STATUS_GRAPHICS_VIDPN_SOURCE_IN_USE': macro redefinition
  (compiling source file 'ImGui/custom_widgets.cpp')
      C:\Program Files (x86)\Windows Kits\10\Include\10.0.26100.0\shared\winerror.h(59318,9):
      see previous definition of 'DXGI_STATUS_GRAPHICS_VIDPN_SOURCE_IN_USE'
  
C:\Users\SANDY\OneDrive\Desktop\PROJECT\OZALERX_INTERNAL\INTERNAL\SDK\Include\dxgitype.h(17,9): warning C4005: 'DXGI_STATUS_MODE_CHANGED': macro redefinition
  (compiling source file 'ImGui/custom_widgets.cpp')
      C:\Program Files (x86)\Windows Kits\10\Include\10.0.26100.0\shared\winerror.h(59327,9):
      see previous definition of 'DXGI_STATUS_MODE_CHANGED'
  
C:\Users\SANDY\OneDrive\Desktop\PROJECT\OZALERX_INTERNAL\INTERNAL\SDK\Include\dxgitype.h(18,9): warning C4005: 'DXGI_STATUS_MODE_CHANGE_IN_PROGRESS': macro redefinition
  (compiling source file 'ImGui/custom_widgets.cpp')
      C:\Program Files (x86)\Windows Kits\10\Include\10.0.26100.0\shared\winerror.h(59336,9):
      see previous definition of 'DXGI_STATUS_MODE_CHANGE_IN_PROGRESS'
  
C:\Users\SANDY\OneDrive\Desktop\PROJECT\OZALERX_INTERNAL\INTERNAL\SDK\Include\dxgitype.h(21,9): warning C4005: 'DXGI_ERROR_INVALID_CALL': macro redefinition
  (compiling source file 'ImGui/custom_widgets.cpp')
      C:\Program Files (x86)\Windows Kits\10\Include\10.0.26100.0\shared\winerror.h(59351,9):
      see previous definition of 'DXGI_ERROR_INVALID_CALL'
  
C:\Users\SANDY\OneDrive\Desktop\PROJECT\OZALERX_INTERNAL\INTERNAL\SDK\Include\dxgitype.h(22,9): warning C4005: 'DXGI_ERROR_NOT_FOUND': macro redefinition
  (compiling source file 'ImGui/custom_widgets.cpp')
      C:\Program Files (x86)\Windows Kits\10\Include\10.0.26100.0\shared\winerror.h(59360,9):
      see previous definition of 'DXGI_ERROR_NOT_FOUND'
  
C:\Users\SANDY\OneDrive\Desktop\PROJECT\OZALERX_INTERNAL\INTERNAL\SDK\Include\dxgitype.h(23,9): warning C4005: 'DXGI_ERROR_MORE_DATA': macro redefinition
  (compiling source file 'ImGui/custom_widgets.cpp')
      C:\Program Files (x86)\Windows Kits\10\Include\10.0.26100.0\shared\winerror.h(59369,9):
      see previous definition of 'DXGI_ERROR_MORE_DATA'
  
C:\Users\SANDY\OneDrive\Desktop\PROJECT\OZALERX_INTERNAL\INTERNAL\SDK\Include\dxgitype.h(24,9): warning C4005: 'DXGI_ERROR_UNSUPPORTED': macro redefinition
  (compiling source file 'ImGui/custom_widgets.cpp')
      C:\Program Files (x86)\Windows Kits\10\Include\10.0.26100.0\shared\winerror.h(59378,9):
      see previous definition of 'DXGI_ERROR_UNSUPPORTED'
  
C:\Users\SANDY\OneDrive\Desktop\PROJECT\OZALERX_INTERNAL\INTERNAL\SDK\Include\dxgitype.h(25,9): warning C4005: 'DXGI_ERROR_DEVICE_REMOVED': macro redefinition
  (compiling source file 'ImGui/custom_widgets.cpp')
      C:\Program Files (x86)\Windows Kits\10\Include\10.0.26100.0\shared\winerror.h(59387,9):
      see previous definition of 'DXGI_ERROR_DEVICE_REMOVED'
  
C:\Users\SANDY\OneDrive\Desktop\PROJECT\OZALERX_INTERNAL\INTERNAL\SDK\Include\dxgitype.h(26,9): warning C4005: 'DXGI_ERROR_DEVICE_HUNG': macro redefinition
  (compiling source file 'ImGui/custom_widgets.cpp')
      C:\Program Files (x86)\Windows Kits\10\Include\10.0.26100.0\shared\winerror.h(59396,9):
      see previous definition of 'DXGI_ERROR_DEVICE_HUNG'
  
C:\Users\SANDY\OneDrive\Desktop\PROJECT\OZALERX_INTERNAL\INTERNAL\SDK\Include\dxgitype.h(27,9): warning C4005: 'DXGI_ERROR_DEVICE_RESET': macro redefinition
  (compiling source file 'ImGui/custom_widgets.cpp')
      C:\Program Files (x86)\Windows Kits\10\Include\10.0.26100.0\shared\winerror.h(59406,9):
      see previous definition of 'DXGI_ERROR_DEVICE_RESET'
  
C:\Users\SANDY\OneDrive\Desktop\PROJECT\OZALERX_INTERNAL\INTERNAL\SDK\Include\dxgitype.h(28,9): warning C4005: 'DXGI_ERROR_WAS_STILL_DRAWING': macro redefinition
  (compiling source file 'ImGui/custom_widgets.cpp')
      C:\Program Files (x86)\Windows Kits\10\Include\10.0.26100.0\shared\winerror.h(59415,9):
      see previous definition of 'DXGI_ERROR_WAS_STILL_DRAWING'
  
C:\Users\SANDY\OneDrive\Desktop\PROJECT\OZALERX_INTERNAL\INTERNAL\SDK\Include\dxgitype.h(29,9): warning C4005: 'DXGI_ERROR_FRAME_STATISTICS_DISJOINT': macro redefinition
  (compiling source file 'ImGui/custom_widgets.cpp')
      C:\Program Files (x86)\Windows Kits\10\Include\10.0.26100.0\shared\winerror.h(59425,9):
      see previous definition of 'DXGI_ERROR_FRAME_STATISTICS_DISJOINT'
  
C:\Users\SANDY\OneDrive\Desktop\PROJECT\OZALERX_INTERNAL\INTERNAL\SDK\Include\dxgitype.h(30,9): warning C4005: 'DXGI_ERROR_GRAPHICS_VIDPN_SOURCE_IN_USE': macro redefinition
  (compiling source file 'ImGui/custom_widgets.cpp')
      C:\Program Files (x86)\Windows Kits\10\Include\10.0.26100.0\shared\winerror.h(59434,9):
      see previous definition of 'DXGI_ERROR_GRAPHICS_VIDPN_SOURCE_IN_USE'
  
C:\Users\SANDY\OneDrive\Desktop\PROJECT\OZALERX_INTERNAL\INTERNAL\SDK\Include\dxgitype.h(31,9): warning C4005: 'DXGI_ERROR_DRIVER_INTERNAL_ERROR': macro redefinition
  (compiling source file 'ImGui/custom_widgets.cpp')
      C:\Program Files (x86)\Windows Kits\10\Include\10.0.26100.0\shared\winerror.h(59444,9):
      see previous definition of 'DXGI_ERROR_DRIVER_INTERNAL_ERROR'
  
C:\Users\SANDY\OneDrive\Desktop\PROJECT\OZALERX_INTERNAL\INTERNAL\SDK\Include\dxgitype.h(32,9): warning C4005: 'DXGI_ERROR_NONEXCLUSIVE': macro redefinition
  (compiling source file 'ImGui/custom_widgets.cpp')
      C:\Program Files (x86)\Windows Kits\10\Include\10.0.26100.0\shared\winerror.h(59453,9):
      see previous definition of 'DXGI_ERROR_NONEXCLUSIVE'
  
C:\Users\SANDY\OneDrive\Desktop\PROJECT\OZALERX_INTERNAL\INTERNAL\SDK\Include\dxgitype.h(33,9): warning C4005: 'DXGI_ERROR_NOT_CURRENTLY_AVAILABLE': macro redefinition
  (compiling source file 'ImGui/custom_widgets.cpp')
      C:\Program Files (x86)\Windows Kits\10\Include\10.0.26100.0\shared\winerror.h(59462,9):
      see previous definition of 'DXGI_ERROR_NOT_CURRENTLY_AVAILABLE'
  
C:\Users\SANDY\OneDrive\Desktop\PROJECT\OZALERX_INTERNAL\INTERNAL\SDK\Include\dxgitype.h(34,9): warning C4005: 'DXGI_ERROR_REMOTE_CLIENT_DISCONNECTED': macro redefinition
  (compiling source file 'ImGui/custom_widgets.cpp')
      C:\Program Files (x86)\Windows Kits\10\Include\10.0.26100.0\shared\winerror.h(59472,9):
      see previous definition of 'DXGI_ERROR_REMOTE_CLIENT_DISCONNECTED'
  
C:\Users\SANDY\OneDrive\Desktop\PROJECT\OZALERX_INTERNAL\INTERNAL\SDK\Include\dxgitype.h(35,9): warning C4005: 'DXGI_ERROR_REMOTE_OUTOFMEMORY': macro redefinition
  (compiling source file 'ImGui/custom_widgets.cpp')
      C:\Program Files (x86)\Windows Kits\10\Include\10.0.26100.0\shared\winerror.h(59481,9):
      see previous definition of 'DXGI_ERROR_REMOTE_OUTOFMEMORY'
  
C:\Users\SANDY\OneDrive\Desktop\PROJECT\OZALERX_INTERNAL\INTERNAL\SDK\Include\d3d11.h(917,9): warning C4005: 'D3D11_ERROR_TOO_MANY_UNIQUE_STATE_OBJECTS': macro redefinition
  (compiling source file 'ImGui/custom_widgets.cpp')
      C:\Program Files (x86)\Windows Kits\10\Include\10.0.26100.0\shared\winerror.h(59796,9):
      see previous definition of 'D3D11_ERROR_TOO_MANY_UNIQUE_STATE_OBJECTS'
  
C:\Users\SANDY\OneDrive\Desktop\PROJECT\OZALERX_INTERNAL\INTERNAL\SDK\Include\d3d11.h(918,9): warning C4005: 'D3D11_ERROR_FILE_NOT_FOUND': macro redefinition
  (compiling source file 'ImGui/custom_widgets.cpp')
      C:\Program Files (x86)\Windows Kits\10\Include\10.0.26100.0\shared\winerror.h(59805,9):
      see previous definition of 'D3D11_ERROR_FILE_NOT_FOUND'
  
C:\Users\SANDY\OneDrive\Desktop\PROJECT\OZALERX_INTERNAL\INTERNAL\SDK\Include\d3d11.h(919,9): warning C4005: 'D3D11_ERROR_TOO_MANY_UNIQUE_VIEW_OBJECTS': macro redefinition
  (compiling source file 'ImGui/custom_widgets.cpp')
      C:\Program Files (x86)\Windows Kits\10\Include\10.0.26100.0\shared\winerror.h(59815,9):
      see previous definition of 'D3D11_ERROR_TOO_MANY_UNIQUE_VIEW_OBJECTS'
  
C:\Users\SANDY\OneDrive\Desktop\PROJECT\OZALERX_INTERNAL\INTERNAL\SDK\Include\d3d11.h(920,9): warning C4005: 'D3D11_ERROR_DEFERRED_CONTEXT_MAP_WITHOUT_INITIAL_DISCARD': macro redefinition
  (compiling source file 'ImGui/custom_widgets.cpp')
      C:\Program Files (x86)\Windows Kits\10\Include\10.0.26100.0\shared\winerror.h(59824,9):
      see previous definition of 'D3D11_ERROR_DEFERRED_CONTEXT_MAP_WITHOUT_INITIAL_DISCARD'
  
C:\Users\SANDY\OneDrive\Desktop\PROJECT\OZALERX_INTERNAL\INTERNAL\SDK\Include\d3d10.h(608,9): warning C4005: 'D3D10_ERROR_TOO_MANY_UNIQUE_STATE_OBJECTS': macro redefinition
  (compiling source file 'ImGui/custom_widgets.cpp')
      C:\Program Files (x86)\Windows Kits\10\Include\10.0.26100.0\shared\winerror.h(59772,9):
      see previous definition of 'D3D10_ERROR_TOO_MANY_UNIQUE_STATE_OBJECTS'
  
C:\Users\SANDY\OneDrive\Desktop\PROJECT\OZALERX_INTERNAL\INTERNAL\SDK\Include\d3d10.h(609,9): warning C4005: 'D3D10_ERROR_FILE_NOT_FOUND': macro redefinition
  (compiling source file 'ImGui/custom_widgets.cpp')
      C:\Program Files (x86)\Windows Kits\10\Include\10.0.26100.0\shared\winerror.h(59781,9):
      see previous definition of 'D3D10_ERROR_FILE_NOT_FOUND'
  
C:\Users\SANDY\OneDrive\Desktop\PROJECT\OZALERX_INTERNAL\INTERNAL\examples\example_win32_directx11\ImGui\stt.hpp(206,42): warning C4100: 'swap_chain': unreferenced parameter
  (compiling source file 'ImGui/custom_widgets.cpp')
  
C:\Users\SANDY\OneDrive\Desktop\PROJECT\OZALERX_INTERNAL\INTERNAL\examples\example_win32_directx11\ImGui\stt.hpp(294,20): warning C4189: 'col': local variable is initialized but not referenced
  (compiling source file 'ImGui/custom_widgets.cpp')
  
C:\Users\SANDY\OneDrive\Desktop\PROJECT\OZALERX_INTERNAL\INTERNAL\imgui_settings.h(94,16): warning C4091: 'static ': ignored on left of 'c::glow_draws' when no variable is declared
  (compiling source file 'ImGui/custom_widgets.cpp')
  
C:\Users\SANDY\OneDrive\Desktop\PROJECT\OZALERX_INTERNAL\INTERNAL\examples\example_win32_directx11\ImGui\custom_popup.hpp(64,48): warning C4458: declaration of 'anim' hides class member
  (compiling source file 'ImGui/custom_widgets.cpp')
      C:\Users\SANDY\OneDrive\Desktop\PROJECT\OZALERX_INTERNAL\INTERNAL\examples\example_win32_directx11\ImGui\custom_popup.hpp(32,35):
      see declaration of 'custom_popup::anim'
  
C:\Users\SANDY\OneDrive\Desktop\PROJECT\OZALERX_INTERNAL\INTERNAL\examples\example_win32_directx11\ImGui\custom_popup.hpp(118,48): warning C4458: declaration of 'anim' hides class member
  (compiling source file 'ImGui/custom_widgets.cpp')
      C:\Users\SANDY\OneDrive\Desktop\PROJECT\OZALERX_INTERNAL\INTERNAL\examples\example_win32_directx11\ImGui\custom_popup.hpp(32,35):
      see declaration of 'custom_popup::anim'
  
C:\Users\SANDY\OneDrive\Desktop\PROJECT\OZALERX_INTERNAL\INTERNAL\examples\example_win32_directx11\ImGui\custom_popup.hpp(150,27): warning C4458: declaration of 'name' hides class member
  (compiling source file 'ImGui/custom_widgets.cpp')
      C:\Users\SANDY\OneDrive\Desktop\PROJECT\OZALERX_INTERNAL\INTERNAL\examples\example_win32_directx11\ImGui\custom_popup.hpp(17,17):
      see declaration of 'custom_popup::name'
  
C:\Users\SANDY\OneDrive\Desktop\PROJECT\OZALERX_INTERNAL\INTERNAL\examples\example_win32_directx11\ImGui\custom_popup.hpp(169,50): warning C4458: declaration of 'name' hides class member
  (compiling source file 'ImGui/custom_widgets.cpp')
      C:\Users\SANDY\OneDrive\Desktop\PROJECT\OZALERX_INTERNAL\INTERNAL\examples\example_win32_directx11\ImGui\custom_popup.hpp(17,17):
      see declaration of 'custom_popup::name'
  
C:\Users\SANDY\OneDrive\Desktop\PROJECT\OZALERX_INTERNAL\INTERNAL\examples\example_win32_directx11\ImGui\custom_popup.hpp(246,30): warning C4100: 'label': unreferenced parameter
  (compiling source file 'ImGui/custom_widgets.cpp')
  
C:\Users\SANDY\OneDrive\Desktop\PROJECT\OZALERX_INTERNAL\INTERNAL\examples\example_win32_directx11\ImGui\notify.h(6,9): warning C4005: '_WIN32_WINNT': macro redefinition
  (compiling source file 'ImGui/custom_widgets.cpp')
      C:\Program Files (x86)\Windows Kits\10\Include\10.0.26100.0\shared\sdkddkver.h(228,10):
      see previous definition of '_WIN32_WINNT'
  
C:\Users\SANDY\OneDrive\Desktop\PROJECT\OZALERX_INTERNAL\INTERNAL\examples\example_win32_directx11\ImGui\notify.h(118,55): warning C4458: declaration of 'type' hides class member
  (compiling source file 'ImGui/custom_widgets.cpp')
      C:\Users\SANDY\OneDrive\Desktop\PROJECT\OZALERX_INTERNAL\INTERNAL\examples\example_win32_directx11\ImGui\notify.h(96,20):
      see declaration of 'ImGuiToast::type'
  
C:\Users\SANDY\OneDrive\Desktop\PROJECT\OZALERX_INTERNAL\INTERNAL\examples\example_win32_directx11\ImGui\notify.h(275,25): warning C4459: declaration of 'title' hides global declaration
  (compiling source file 'ImGui/custom_widgets.cpp')
      C:\Users\SANDY\OneDrive\Desktop\PROJECT\OZALERX_INTERNAL\INTERNAL\imgui_settings.h(137,18):
      see declaration of 'c::child::title'
  
C:\Users\SANDY\OneDrive\Desktop\PROJECT\OZALERX_INTERNAL\INTERNAL\examples\example_win32_directx11\ImGui\notify.h(337,41): warning C4244: 'argument': conversion from 'float' to 'ImDrawFlags', possible loss of data
  (compiling source file 'ImGui/custom_widgets.cpp')
  
C:\Users\SANDY\OneDrive\Desktop\PROJECT\OZALERX_INTERNAL\INTERNAL\examples\example_win32_directx11\ImGui\notify.h(359,35): warning C4130: '==': logical operation on address of string constant
  (compiling source file 'ImGui/custom_widgets.cpp')
  
C:\Users\SANDY\OneDrive\Desktop\PROJECT\OZALERX_INTERNAL\INTERNAL\examples\example_win32_directx11\ImGui\notify.h(360,35): warning C4130: '==': logical operation on address of string constant
  (compiling source file 'ImGui/custom_widgets.cpp')
  
C:\Users\SANDY\OneDrive\Desktop\PROJECT\OZALERX_INTERNAL\INTERNAL\examples\example_win32_directx11\ImGui\notify.h(361,35): warning C4130: '==': logical operation on address of string constant
  (compiling source file 'ImGui/custom_widgets.cpp')
  
C:\Users\SANDY\OneDrive\Desktop\PROJECT\OZALERX_INTERNAL\INTERNAL\examples\example_win32_directx11\ImGui\notify.h(362,35): warning C4130: '==': logical operation on address of string constant
  (compiling source file 'ImGui/custom_widgets.cpp')
  
C:\Users\SANDY\OneDrive\Desktop\PROJECT\OZALERX_INTERNAL\INTERNAL\examples\example_win32_directx11\ImGui\notify.h(363,35): warning C4130: '==': logical operation on address of string constant
  (compiling source file 'ImGui/custom_widgets.cpp')
  
C:\Users\SANDY\OneDrive\Desktop\PROJECT\OZALERX_INTERNAL\INTERNAL\examples\example_win32_directx11\ImGui\notify.h(275,25): warning C4189: 'title': local variable is initialized but not referenced
  (compiling source file 'ImGui/custom_widgets.cpp')
  
C:\Users\SANDY\OneDrive\Desktop\PROJECT\OZALERX_INTERNAL\INTERNAL\examples\example_win32_directx11\ImGui\custom_widgets.hpp(275,113): warning C4459: declaration of 'speed' hides global declaration
  (compiling source file 'ImGui/custom_widgets.cpp')
      C:\Users\SANDY\OneDrive\Desktop\PROJECT\OZALERX_INTERNAL\INTERNAL\imgui_settings.h(125,16):
      see declaration of 'c::anim::speed'
  
C:\Users\SANDY\OneDrive\Desktop\PROJECT\OZALERX_INTERNAL\INTERNAL\examples\example_win32_directx11\ImGui\custom_widgets.hpp(284,15): warning C4091: 'static ': ignored on left of 'custom::chroma' when no variable is declared
  (compiling source file 'ImGui/custom_widgets.cpp')
  
C:\Users\SANDY\OneDrive\Desktop\PROJECT\OZALERX_INTERNAL\INTERNAL\examples\example_win32_directx11\ImGui\custom_widgets.hpp(357,16): warning C4130: '!=': logical operation on address of string constant
  (compiling source file 'ImGui/custom_widgets.cpp')
  
C:\Users\SANDY\OneDrive\Desktop\PROJECT\OZALERX_INTERNAL\INTERNAL\examples\example_win32_directx11\ImGui\custom_widgets.hpp(338,52): warning C4100: 'c2': unreferenced parameter
  (compiling source file 'ImGui/custom_widgets.cpp')
  
C:\Users\SANDY\OneDrive\Desktop\PROJECT\OZALERX_INTERNAL\INTERNAL\examples\example_win32_directx11\ImGui\custom_widgets.hpp(338,40): warning C4100: 'c1': unreferenced parameter
  (compiling source file 'ImGui/custom_widgets.cpp')
  
C:\Users\SANDY\OneDrive\Desktop\PROJECT\OZALERX_INTERNAL\INTERNAL\examples\example_win32_directx11\ImGui\custom_widgets.hpp(379,55): warning C4100: 'size': unreferenced parameter
  (compiling source file 'ImGui/custom_widgets.cpp')
  
C:\Users\SANDY\OneDrive\Desktop\PROJECT\OZALERX_INTERNAL\INTERNAL\examples\example_win32_directx11\ImGui\custom_widgets.cpp(34,55): warning C4244: '=': conversion from 'double' to 'float', possible loss of data
C:\Users\SANDY\OneDrive\Desktop\PROJECT\OZALERX_INTERNAL\INTERNAL\examples\example_win32_directx11\ImGui\custom_widgets.cpp(35,57): warning C4244: '=': conversion from 'double' to 'float', possible loss of data
C:\Users\SANDY\OneDrive\Desktop\PROJECT\OZALERX_INTERNAL\INTERNAL\examples\example_win32_directx11\ImGui\custom_widgets.cpp(60,28): warning C4305: '+=': truncation from 'double' to 'float'
C:\Users\SANDY\OneDrive\Desktop\PROJECT\OZALERX_INTERNAL\INTERNAL\examples\example_win32_directx11\ImGui\custom_widgets.cpp(64,18): warning C4244: 'initializing': conversion from 'double' to 'float', possible loss of data
C:\Users\SANDY\OneDrive\Desktop\PROJECT\OZALERX_INTERNAL\INTERNAL\examples\example_win32_directx11\ImGui\custom_widgets.cpp(65,18): warning C4244: 'initializing': conversion from 'double' to 'float', possible loss of data
C:\Users\SANDY\OneDrive\Desktop\PROJECT\OZALERX_INTERNAL\INTERNAL\examples\example_win32_directx11\ImGui\custom_widgets.cpp(71,19): warning C4244: 'initializing': conversion from 'double' to 'float', possible loss of data
C:\Users\SANDY\OneDrive\Desktop\PROJECT\OZALERX_INTERNAL\INTERNAL\examples\example_win32_directx11\ImGui\custom_widgets.cpp(49,50): warning C4100: 'renderSize': unreferenced parameter
C:\Users\SANDY\OneDrive\Desktop\PROJECT\OZALERX_INTERNAL\INTERNAL\examples\example_win32_directx11\ImGui\custom_widgets.cpp(76,10): warning C4189: 'red': local variable is initialized but not referenced
C:\Users\SANDY\OneDrive\Desktop\PROJECT\OZALERX_INTERNAL\INTERNAL\examples\example_win32_directx11\ImGui\custom_widgets.cpp(78,10): warning C4189: 'blue': local variable is initialized but not referenced
C:\Users\SANDY\OneDrive\Desktop\PROJECT\OZALERX_INTERNAL\INTERNAL\examples\example_win32_directx11\ImGui\custom_widgets.cpp(77,10): warning C4189: 'green': local variable is initialized but not referenced
C:\Users\SANDY\OneDrive\Desktop\PROJECT\OZALERX_INTERNAL\INTERNAL\examples\example_win32_directx11\ImGui\custom_widgets.cpp(107,202): warning C4459: declaration of 'speed' hides global declaration
      C:\Users\SANDY\OneDrive\Desktop\PROJECT\OZALERX_INTERNAL\INTERNAL\imgui_settings.h(125,16):
      see declaration of 'c::anim::speed'
  
C:\Users\SANDY\OneDrive\Desktop\PROJECT\OZALERX_INTERNAL\INTERNAL\examples\example_win32_directx11\ImGui\custom_widgets.cpp(183,98): warning C4459: declaration of 'speed' hides global declaration
      C:\Users\SANDY\OneDrive\Desktop\PROJECT\OZALERX_INTERNAL\INTERNAL\imgui_settings.h(125,16):
      see declaration of 'c::anim::speed'
  
C:\Users\SANDY\OneDrive\Desktop\PROJECT\OZALERX_INTERNAL\INTERNAL\examples\example_win32_directx11\ImGui\custom_widgets.cpp(183,111): warning C4100: 'time': unreferenced parameter
C:\Users\SANDY\OneDrive\Desktop\PROJECT\OZALERX_INTERNAL\INTERNAL\examples\example_win32_directx11\ImGui\custom_widgets.cpp(183,98): warning C4100: 'speed': unreferenced parameter
C:\Users\SANDY\OneDrive\Desktop\PROJECT\OZALERX_INTERNAL\INTERNAL\examples\example_win32_directx11\ImGui\custom_widgets.cpp(183,84): warning C4100: 'color2': unreferenced parameter
C:\Users\SANDY\OneDrive\Desktop\PROJECT\OZALERX_INTERNAL\INTERNAL\examples\example_win32_directx11\ImGui\custom_widgets.cpp(183,68): warning C4100: 'color1': unreferenced parameter
C:\Users\SANDY\OneDrive\Desktop\PROJECT\OZALERX_INTERNAL\INTERNAL\examples\example_win32_directx11\ImGui\custom_widgets.cpp(183,55): warning C4100: 'pos': unreferenced parameter
C:\Users\SANDY\OneDrive\Desktop\PROJECT\OZALERX_INTERNAL\INTERNAL\examples\example_win32_directx11\ImGui\custom_widgets.cpp(183,42): warning C4100: 'text': unreferenced parameter
C:\Users\SANDY\OneDrive\Desktop\PROJECT\OZALERX_INTERNAL\INTERNAL\examples\example_win32_directx11\ImGui\custom_widgets.cpp(211,9): warning C4459: declaration of 'speed' hides global declaration
      C:\Users\SANDY\OneDrive\Desktop\PROJECT\OZALERX_INTERNAL\INTERNAL\imgui_settings.h(125,16):
      see declaration of 'c::anim::speed'
  
C:\Users\SANDY\OneDrive\Desktop\PROJECT\OZALERX_INTERNAL\INTERNAL\examples\example_win32_directx11\ImGui\custom_widgets.cpp(246,9): warning C4189: 'col0': local variable is initialized but not referenced
C:\Users\SANDY\OneDrive\Desktop\PROJECT\OZALERX_INTERNAL\INTERNAL\examples\example_win32_directx11\ImGui\custom_widgets.cpp(250,15): warning C4189: 'draw_list': local variable is initialized but not referenced
C:\Users\SANDY\OneDrive\Desktop\PROJECT\OZALERX_INTERNAL\INTERNAL\examples\example_win32_directx11\ImGui\custom_widgets.cpp(247,9): warning C4189: 'col1': local variable is initialized but not referenced
C:\Users\SANDY\OneDrive\Desktop\PROJECT\OZALERX_INTERNAL\INTERNAL\examples\example_win32_directx11\ImGui\custom_widgets.cpp(503,85): warning C4244: 'argument': conversion from 'int' to 'float', possible loss of data
C:\Users\SANDY\OneDrive\Desktop\PROJECT\OZALERX_INTERNAL\INTERNAL\examples\example_win32_directx11\ImGui\custom_widgets.cpp(588,15): warning C4189: 'backup_border_size': local variable is initialized but not referenced
C:\Users\SANDY\OneDrive\Desktop\PROJECT\OZALERX_INTERNAL\INTERNAL\examples\example_win32_directx11\ImGui\custom_widgets.cpp(862,21): warning C4189: 'style': local variable is initialized but not referenced
C:\Users\SANDY\OneDrive\Desktop\PROJECT\OZALERX_INTERNAL\INTERNAL\examples\example_win32_directx11\ImGui\custom_widgets.cpp(920,21): warning C4189: 'style': local variable is initialized but not referenced
C:\Users\SANDY\OneDrive\Desktop\PROJECT\OZALERX_INTERNAL\INTERNAL\examples\example_win32_directx11\ImGui\custom_widgets.cpp(1060,15): warning C4189: 'square_sz': local variable is initialized but not referenced
C:\Users\SANDY\OneDrive\Desktop\PROJECT\OZALERX_INTERNAL\INTERNAL\examples\example_win32_directx11\ImGui\custom_widgets.cpp(1215,21): warning C4189: 'style': local variable is initialized but not referenced
C:\Users\SANDY\OneDrive\Desktop\PROJECT\OZALERX_INTERNAL\INTERNAL\examples\example_win32_directx11\ImGui\custom_widgets.cpp(1251,101): warning C4100: 'flags': unreferenced parameter
C:\Users\SANDY\OneDrive\Desktop\PROJECT\OZALERX_INTERNAL\INTERNAL\examples\example_win32_directx11\ImGui\custom_widgets.cpp(1360,20): warning C4189: 'window_flags': local variable is initialized but not referenced
C:\Users\SANDY\OneDrive\Desktop\PROJECT\OZALERX_INTERNAL\INTERNAL\examples\example_win32_directx11\ImGui\custom_widgets.cpp(1386,17): warning C4189: 'g': local variable is initialized but not referenced
C:\Users\SANDY\OneDrive\Desktop\PROJECT\OZALERX_INTERNAL\INTERNAL\examples\example_win32_directx11\ImGui\custom_widgets.cpp(1435,18): warning C4189: 'flags': local variable is initialized but not referenced
C:\Users\SANDY\OneDrive\Desktop\PROJECT\OZALERX_INTERNAL\INTERNAL\examples\example_win32_directx11\ImGui\custom_widgets.cpp(1822,49): warning C4100: 'description': unreferenced parameter
C:\Users\SANDY\OneDrive\Desktop\PROJECT\OZALERX_INTERNAL\INTERNAL\examples\example_win32_directx11\ImGui\custom_widgets.cpp(1960,16): warning C4189: 'button_offset_x': local variable is initialized but not referenced
C:\Users\SANDY\OneDrive\Desktop\PROJECT\OZALERX_INTERNAL\INTERNAL\examples\example_win32_directx11\ImGui\custom_widgets.cpp(2330,133): warning C4244: 'argument': conversion from 'float' to 'int', possible loss of data
C:\Users\SANDY\OneDrive\Desktop\PROJECT\OZALERX_INTERNAL\INTERNAL\examples\example_win32_directx11\ImGui\custom_widgets.cpp(2348,150): warning C4244: 'argument': conversion from 'float' to 'int', possible loss of data
C:\Users\SANDY\OneDrive\Desktop\PROJECT\OZALERX_INTERNAL\INTERNAL\examples\example_win32_directx11\ImGui\custom_widgets.cpp(2125,93): warning C4100: 'ref_col': unreferenced parameter
C:\Users\SANDY\OneDrive\Desktop\PROJECT\OZALERX_INTERNAL\INTERNAL\examples\example_win32_directx11\ImGui\custom_widgets.cpp(2167,9): warning C4189: 'square_sz': local variable is initialized but not referenced
C:\Users\SANDY\OneDrive\Desktop\PROJECT\OZALERX_INTERNAL\INTERNAL\examples\example_win32_directx11\ImGui\custom_widgets.cpp(2172,9): warning C4189: 'bars_triangles_half_sz': local variable is initialized but not referenced
C:\Users\SANDY\OneDrive\Desktop\PROJECT\OZALERX_INTERNAL\INTERNAL\examples\example_win32_directx11\ImGui\custom_widgets.cpp(2291,15): warning C4189: 'col_midgrey': local variable is initialized but not referenced
C:\Users\SANDY\OneDrive\Desktop\PROJECT\OZALERX_INTERNAL\INTERNAL\examples\example_win32_directx11\ImGui\custom_widgets.cpp(2373,72): warning C4100: 'flags': unreferenced parameter
C:\Users\SANDY\OneDrive\Desktop\PROJECT\OZALERX_INTERNAL\INTERNAL\examples\example_win32_directx11\ImGui\custom_widgets.cpp(2450,72): warning C4100: 'flags': unreferenced parameter
C:\Users\SANDY\OneDrive\Desktop\PROJECT\OZALERX_INTERNAL\INTERNAL\examples\example_win32_directx11\ImGui\custom_widgets.cpp(2520,15): warning C4189: 'square_sz': local variable is initialized but not referenced
C:\Users\SANDY\OneDrive\Desktop\PROJECT\OZALERX_INTERNAL\INTERNAL\examples\example_win32_directx11\ImGui\custom_widgets.cpp(2570,100): warning C4100: 'size_arg': unreferenced parameter
C:\Users\SANDY\OneDrive\Desktop\PROJECT\OZALERX_INTERNAL\INTERNAL\examples\example_win32_directx11\ImGui\custom_widgets.cpp(2601,9): warning C4189: 'rounding': local variable is initialized but not referenced
C:\Users\SANDY\OneDrive\Desktop\PROJECT\OZALERX_INTERNAL\INTERNAL\examples\example_win32_directx11\ImGui\custom_widgets.cpp(2717,164): warning C4244: 'argument': conversion from 'float' to 'int', possible loss of data
C:\Users\SANDY\OneDrive\Desktop\PROJECT\OZALERX_INTERNAL\INTERNAL\examples\example_win32_directx11\ImGui\custom_widgets.cpp(2674,77): warning C4189: 'pressed': local variable is initialized but not referenced
C:\Users\SANDY\OneDrive\Desktop\PROJECT\OZALERX_INTERNAL\INTERNAL\examples\example_win32_directx11\ImGui\custom_widgets.cpp(2709,15): warning C4189: 'value_buf_end': local variable is initialized but not referenced
C:\Users\SANDY\OneDrive\Desktop\PROJECT\OZALERX_INTERNAL\INTERNAL\examples\example_win32_directx11\ImGui\custom_widgets.cpp(2836,9): warning C4189: 'value': local variable is initialized but not referenced
C:\Users\SANDY\OneDrive\Desktop\PROJECT\OZALERX_INTERNAL\INTERNAL\examples\example_win32_directx11\ImGui\custom_widgets.cpp(2774,77): warning C4189: 'pressed': local variable is initialized but not referenced
C:\Users\SANDY\OneDrive\Desktop\PROJECT\OZALERX_INTERNAL\INTERNAL\examples\example_win32_directx11\ImGui\custom_widgets.cpp(2871,15): warning C4189: 'square_sz': local variable is initialized but not referenced
C:\Users\SANDY\OneDrive\Desktop\PROJECT\OZALERX_INTERNAL\INTERNAL\examples\example_win32_directx11\ImGui\custom_widgets.cpp(1792,14): warning C4505: 'custom::ColorEditRestoreH': unreferenced function with internal linkage has been removed
C:\Users\SANDY\OneDrive\Desktop\PROJECT\OZALERX_INTERNAL\INTERNAL\examples\example_win32_directx11\ImGui\custom_widgets.cpp(2108,14): warning C4505: 'custom::RenderArrowsForVerticalBar': unreferenced function with internal linkage has been removed
  Compiling...
  TextEditor.cpp
C:\Users\SANDY\OneDrive\Desktop\PROJECT\OZALERX_INTERNAL\INTERNAL\SDK\Include\dxgitype.h(12,9): warning C4005: 'DXGI_STATUS_OCCLUDED': macro redefinition
  (compiling source file 'ImGui/TextEditor.cpp')
      C:\Program Files (x86)\Windows Kits\10\Include\10.0.26100.0\shared\winerror.h(59282,9):
      see previous definition of 'DXGI_STATUS_OCCLUDED'
  
C:\Users\SANDY\OneDrive\Desktop\PROJECT\OZALERX_INTERNAL\INTERNAL\SDK\Include\dxgitype.h(13,9): warning C4005: 'DXGI_STATUS_CLIPPED': macro redefinition
  (compiling source file 'ImGui/TextEditor.cpp')
      C:\Program Files (x86)\Windows Kits\10\Include\10.0.26100.0\shared\winerror.h(59291,9):
      see previous definition of 'DXGI_STATUS_CLIPPED'
  
C:\Users\SANDY\OneDrive\Desktop\PROJECT\OZALERX_INTERNAL\INTERNAL\SDK\Include\dxgitype.h(14,9): warning C4005: 'DXGI_STATUS_NO_REDIRECTION': macro redefinition
  (compiling source file 'ImGui/TextEditor.cpp')
      C:\Program Files (x86)\Windows Kits\10\Include\10.0.26100.0\shared\winerror.h(59300,9):
      see previous definition of 'DXGI_STATUS_NO_REDIRECTION'
  
C:\Users\SANDY\OneDrive\Desktop\PROJECT\OZALERX_INTERNAL\INTERNAL\SDK\Include\dxgitype.h(15,9): warning C4005: 'DXGI_STATUS_NO_DESKTOP_ACCESS': macro redefinition
  (compiling source file 'ImGui/TextEditor.cpp')
      C:\Program Files (x86)\Windows Kits\10\Include\10.0.26100.0\shared\winerror.h(59309,9):
      see previous definition of 'DXGI_STATUS_NO_DESKTOP_ACCESS'
  
C:\Users\SANDY\OneDrive\Desktop\PROJECT\OZALERX_INTERNAL\INTERNAL\SDK\Include\dxgitype.h(16,9): warning C4005: 'DXGI_STATUS_GRAPHICS_VIDPN_SOURCE_IN_USE': macro redefinition
  (compiling source file 'ImGui/TextEditor.cpp')
      C:\Program Files (x86)\Windows Kits\10\Include\10.0.26100.0\shared\winerror.h(59318,9):
      see previous definition of 'DXGI_STATUS_GRAPHICS_VIDPN_SOURCE_IN_USE'
  
C:\Users\SANDY\OneDrive\Desktop\PROJECT\OZALERX_INTERNAL\INTERNAL\SDK\Include\dxgitype.h(17,9): warning C4005: 'DXGI_STATUS_MODE_CHANGED': macro redefinition
  (compiling source file 'ImGui/TextEditor.cpp')
      C:\Program Files (x86)\Windows Kits\10\Include\10.0.26100.0\shared\winerror.h(59327,9):
      see previous definition of 'DXGI_STATUS_MODE_CHANGED'
  
C:\Users\SANDY\OneDrive\Desktop\PROJECT\OZALERX_INTERNAL\INTERNAL\SDK\Include\dxgitype.h(18,9): warning C4005: 'DXGI_STATUS_MODE_CHANGE_IN_PROGRESS': macro redefinition
  (compiling source file 'ImGui/TextEditor.cpp')
      C:\Program Files (x86)\Windows Kits\10\Include\10.0.26100.0\shared\winerror.h(59336,9):
      see previous definition of 'DXGI_STATUS_MODE_CHANGE_IN_PROGRESS'
  
C:\Users\SANDY\OneDrive\Desktop\PROJECT\OZALERX_INTERNAL\INTERNAL\SDK\Include\dxgitype.h(21,9): warning C4005: 'DXGI_ERROR_INVALID_CALL': macro redefinition
  (compiling source file 'ImGui/TextEditor.cpp')
      C:\Program Files (x86)\Windows Kits\10\Include\10.0.26100.0\shared\winerror.h(59351,9):
      see previous definition of 'DXGI_ERROR_INVALID_CALL'
  
C:\Users\SANDY\OneDrive\Desktop\PROJECT\OZALERX_INTERNAL\INTERNAL\SDK\Include\dxgitype.h(22,9): warning C4005: 'DXGI_ERROR_NOT_FOUND': macro redefinition
  (compiling source file 'ImGui/TextEditor.cpp')
      C:\Program Files (x86)\Windows Kits\10\Include\10.0.26100.0\shared\winerror.h(59360,9):
      see previous definition of 'DXGI_ERROR_NOT_FOUND'
  
C:\Users\SANDY\OneDrive\Desktop\PROJECT\OZALERX_INTERNAL\INTERNAL\SDK\Include\dxgitype.h(23,9): warning C4005: 'DXGI_ERROR_MORE_DATA': macro redefinition
  (compiling source file 'ImGui/TextEditor.cpp')
      C:\Program Files (x86)\Windows Kits\10\Include\10.0.26100.0\shared\winerror.h(59369,9):
      see previous definition of 'DXGI_ERROR_MORE_DATA'
  
C:\Users\SANDY\OneDrive\Desktop\PROJECT\OZALERX_INTERNAL\INTERNAL\SDK\Include\dxgitype.h(24,9): warning C4005: 'DXGI_ERROR_UNSUPPORTED': macro redefinition
  (compiling source file 'ImGui/TextEditor.cpp')
      C:\Program Files (x86)\Windows Kits\10\Include\10.0.26100.0\shared\winerror.h(59378,9):
      see previous definition of 'DXGI_ERROR_UNSUPPORTED'
  
C:\Users\SANDY\OneDrive\Desktop\PROJECT\OZALERX_INTERNAL\INTERNAL\SDK\Include\dxgitype.h(25,9): warning C4005: 'DXGI_ERROR_DEVICE_REMOVED': macro redefinition
  (compiling source file 'ImGui/TextEditor.cpp')
      C:\Program Files (x86)\Windows Kits\10\Include\10.0.26100.0\shared\winerror.h(59387,9):
      see previous definition of 'DXGI_ERROR_DEVICE_REMOVED'
  
C:\Users\SANDY\OneDrive\Desktop\PROJECT\OZALERX_INTERNAL\INTERNAL\SDK\Include\dxgitype.h(26,9): warning C4005: 'DXGI_ERROR_DEVICE_HUNG': macro redefinition
  (compiling source file 'ImGui/TextEditor.cpp')
      C:\Program Files (x86)\Windows Kits\10\Include\10.0.26100.0\shared\winerror.h(59396,9):
      see previous definition of 'DXGI_ERROR_DEVICE_HUNG'
  
C:\Users\SANDY\OneDrive\Desktop\PROJECT\OZALERX_INTERNAL\INTERNAL\SDK\Include\dxgitype.h(27,9): warning C4005: 'DXGI_ERROR_DEVICE_RESET': macro redefinition
  (compiling source file 'ImGui/TextEditor.cpp')
      C:\Program Files (x86)\Windows Kits\10\Include\10.0.26100.0\shared\winerror.h(59406,9):
      see previous definition of 'DXGI_ERROR_DEVICE_RESET'
  
C:\Users\SANDY\OneDrive\Desktop\PROJECT\OZALERX_INTERNAL\INTERNAL\SDK\Include\dxgitype.h(28,9): warning C4005: 'DXGI_ERROR_WAS_STILL_DRAWING': macro redefinition
  (compiling source file 'ImGui/TextEditor.cpp')
      C:\Program Files (x86)\Windows Kits\10\Include\10.0.26100.0\shared\winerror.h(59415,9):
      see previous definition of 'DXGI_ERROR_WAS_STILL_DRAWING'
  
C:\Users\SANDY\OneDrive\Desktop\PROJECT\OZALERX_INTERNAL\INTERNAL\SDK\Include\dxgitype.h(29,9): warning C4005: 'DXGI_ERROR_FRAME_STATISTICS_DISJOINT': macro redefinition
  (compiling source file 'ImGui/TextEditor.cpp')
      C:\Program Files (x86)\Windows Kits\10\Include\10.0.26100.0\shared\winerror.h(59425,9):
      see previous definition of 'DXGI_ERROR_FRAME_STATISTICS_DISJOINT'
  
C:\Users\SANDY\OneDrive\Desktop\PROJECT\OZALERX_INTERNAL\INTERNAL\SDK\Include\dxgitype.h(30,9): warning C4005: 'DXGI_ERROR_GRAPHICS_VIDPN_SOURCE_IN_USE': macro redefinition
  (compiling source file 'ImGui/TextEditor.cpp')
      C:\Program Files (x86)\Windows Kits\10\Include\10.0.26100.0\shared\winerror.h(59434,9):
      see previous definition of 'DXGI_ERROR_GRAPHICS_VIDPN_SOURCE_IN_USE'
  
C:\Users\SANDY\OneDrive\Desktop\PROJECT\OZALERX_INTERNAL\INTERNAL\SDK\Include\dxgitype.h(31,9): warning C4005: 'DXGI_ERROR_DRIVER_INTERNAL_ERROR': macro redefinition
  (compiling source file 'ImGui/TextEditor.cpp')
      C:\Program Files (x86)\Windows Kits\10\Include\10.0.26100.0\shared\winerror.h(59444,9):
      see previous definition of 'DXGI_ERROR_DRIVER_INTERNAL_ERROR'
  
C:\Users\SANDY\OneDrive\Desktop\PROJECT\OZALERX_INTERNAL\INTERNAL\SDK\Include\dxgitype.h(32,9): warning C4005: 'DXGI_ERROR_NONEXCLUSIVE': macro redefinition
  (compiling source file 'ImGui/TextEditor.cpp')
      C:\Program Files (x86)\Windows Kits\10\Include\10.0.26100.0\shared\winerror.h(59453,9):
      see previous definition of 'DXGI_ERROR_NONEXCLUSIVE'
  
C:\Users\SANDY\OneDrive\Desktop\PROJECT\OZALERX_INTERNAL\INTERNAL\SDK\Include\dxgitype.h(33,9): warning C4005: 'DXGI_ERROR_NOT_CURRENTLY_AVAILABLE': macro redefinition
  (compiling source file 'ImGui/TextEditor.cpp')
      C:\Program Files (x86)\Windows Kits\10\Include\10.0.26100.0\shared\winerror.h(59462,9):
      see previous definition of 'DXGI_ERROR_NOT_CURRENTLY_AVAILABLE'
  
C:\Users\SANDY\OneDrive\Desktop\PROJECT\OZALERX_INTERNAL\INTERNAL\SDK\Include\dxgitype.h(34,9): warning C4005: 'DXGI_ERROR_REMOTE_CLIENT_DISCONNECTED': macro redefinition
  (compiling source file 'ImGui/TextEditor.cpp')
      C:\Program Files (x86)\Windows Kits\10\Include\10.0.26100.0\shared\winerror.h(59472,9):
      see previous definition of 'DXGI_ERROR_REMOTE_CLIENT_DISCONNECTED'
  
C:\Users\SANDY\OneDrive\Desktop\PROJECT\OZALERX_INTERNAL\INTERNAL\SDK\Include\dxgitype.h(35,9): warning C4005: 'DXGI_ERROR_REMOTE_OUTOFMEMORY': macro redefinition
  (compiling source file 'ImGui/TextEditor.cpp')
      C:\Program Files (x86)\Windows Kits\10\Include\10.0.26100.0\shared\winerror.h(59481,9):
      see previous definition of 'DXGI_ERROR_REMOTE_OUTOFMEMORY'
  
C:\Users\SANDY\OneDrive\Desktop\PROJECT\OZALERX_INTERNAL\INTERNAL\SDK\Include\d3d11.h(917,9): warning C4005: 'D3D11_ERROR_TOO_MANY_UNIQUE_STATE_OBJECTS': macro redefinition
  (compiling source file 'ImGui/TextEditor.cpp')
      C:\Program Files (x86)\Windows Kits\10\Include\10.0.26100.0\shared\winerror.h(59796,9):
      see previous definition of 'D3D11_ERROR_TOO_MANY_UNIQUE_STATE_OBJECTS'
  
C:\Users\SANDY\OneDrive\Desktop\PROJECT\OZALERX_INTERNAL\INTERNAL\SDK\Include\d3d11.h(918,9): warning C4005: 'D3D11_ERROR_FILE_NOT_FOUND': macro redefinition
  (compiling source file 'ImGui/TextEditor.cpp')
      C:\Program Files (x86)\Windows Kits\10\Include\10.0.26100.0\shared\winerror.h(59805,9):
      see previous definition of 'D3D11_ERROR_FILE_NOT_FOUND'
  
C:\Users\SANDY\OneDrive\Desktop\PROJECT\OZALERX_INTERNAL\INTERNAL\SDK\Include\d3d11.h(919,9): warning C4005: 'D3D11_ERROR_TOO_MANY_UNIQUE_VIEW_OBJECTS': macro redefinition
  (compiling source file 'ImGui/TextEditor.cpp')
      C:\Program Files (x86)\Windows Kits\10\Include\10.0.26100.0\shared\winerror.h(59815,9):
      see previous definition of 'D3D11_ERROR_TOO_MANY_UNIQUE_VIEW_OBJECTS'
  
C:\Users\SANDY\OneDrive\Desktop\PROJECT\OZALERX_INTERNAL\INTERNAL\SDK\Include\d3d11.h(920,9): warning C4005: 'D3D11_ERROR_DEFERRED_CONTEXT_MAP_WITHOUT_INITIAL_DISCARD': macro redefinition
  (compiling source file 'ImGui/TextEditor.cpp')
      C:\Program Files (x86)\Windows Kits\10\Include\10.0.26100.0\shared\winerror.h(59824,9):
      see previous definition of 'D3D11_ERROR_DEFERRED_CONTEXT_MAP_WITHOUT_INITIAL_DISCARD'
  
C:\Users\SANDY\OneDrive\Desktop\PROJECT\OZALERX_INTERNAL\INTERNAL\SDK\Include\d3d10.h(608,9): warning C4005: 'D3D10_ERROR_TOO_MANY_UNIQUE_STATE_OBJECTS': macro redefinition
  (compiling source file 'ImGui/TextEditor.cpp')
      C:\Program Files (x86)\Windows Kits\10\Include\10.0.26100.0\shared\winerror.h(59772,9):
      see previous definition of 'D3D10_ERROR_TOO_MANY_UNIQUE_STATE_OBJECTS'
  
C:\Users\SANDY\OneDrive\Desktop\PROJECT\OZALERX_INTERNAL\INTERNAL\SDK\Include\d3d10.h(609,9): warning C4005: 'D3D10_ERROR_FILE_NOT_FOUND': macro redefinition
  (compiling source file 'ImGui/TextEditor.cpp')
      C:\Program Files (x86)\Windows Kits\10\Include\10.0.26100.0\shared\winerror.h(59781,9):
      see previous definition of 'D3D10_ERROR_FILE_NOT_FOUND'
  
C:\Users\SANDY\OneDrive\Desktop\PROJECT\OZALERX_INTERNAL\INTERNAL\examples\example_win32_directx11\ImGui\stt.hpp(206,42): warning C4100: 'swap_chain': unreferenced parameter
  (compiling source file 'ImGui/TextEditor.cpp')
  
C:\Users\SANDY\OneDrive\Desktop\PROJECT\OZALERX_INTERNAL\INTERNAL\examples\example_win32_directx11\ImGui\stt.hpp(294,20): warning C4189: 'col': local variable is initialized but not referenced
  (compiling source file 'ImGui/TextEditor.cpp')
  
C:\Users\SANDY\OneDrive\Desktop\PROJECT\OZALERX_INTERNAL\INTERNAL\imgui_settings.h(94,16): warning C4091: 'static ': ignored on left of 'c::glow_draws' when no variable is declared
  (compiling source file 'ImGui/TextEditor.cpp')
  
C:\Users\SANDY\OneDrive\Desktop\PROJECT\OZALERX_INTERNAL\INTERNAL\examples\example_win32_directx11\ImGui\TextEditor.cpp(15,9): warning C4005: 'IMGUI_DEFINE_MATH_OPERATORS': macro redefinition
      C:\Users\SANDY\OneDrive\Desktop\PROJECT\OZALERX_INTERNAL\INTERNAL\examples\example_win32_directx11\ImGui\TextEditor.cpp(15,9):
      'IMGUI_DEFINE_MATH_OPERATORS' previously declared on the command line
  
C:\Users\SANDY\OneDrive\Desktop\PROJECT\OZALERX_INTERNAL\INTERNAL\examples\example_win32_directx11\ImGui\TextEditor.cpp(1452,14): warning C4189: 'lineSize': local variable is initialized but not referenced
C:\Program Files\Microsoft Visual Studio\2022\Community\VC\Tools\MSVC\14.44.35207\include\algorithm(3800,24): warning C4244: '=': conversion from 'int' to 'char', possible loss of data
  (compiling source file 'ImGui/TextEditor.cpp')
      C:\Program Files\Microsoft Visual Studio\2022\Community\VC\Tools\MSVC\14.44.35207\include\algorithm(3800,24):
      the template instantiation context (the oldest one first) is
          C:\Users\SANDY\OneDrive\Desktop\PROJECT\OZALERX_INTERNAL\INTERNAL\examples\example_win32_directx11\ImGui\TextEditor.cpp(2229,12):
          see reference to function template instantiation '_OutIt std::transform<std::_String_iterator<std::_String_val<std::_Simple_types<_Elem>>>,std::_String_iterator<std::_String_val<std::_Simple_types<_Elem>>>,int(__cdecl *)(int)>(const _InIt,const _InIt,_OutIt,_Fn)' being compiled
          with
          [
              _OutIt=std::_String_iterator<std::_String_val<std::_Simple_types<char>>>,
              _Elem=char,
              _InIt=std::_String_iterator<std::_String_val<std::_Simple_types<char>>>,
              _Fn=int (__cdecl *)(int)
          ]
  
  Compiling...
  AimExternal.cpp
C:\Users\SANDY\OneDrive\Desktop\PROJECT\OZALERX_INTERNAL\INTERNAL\examples\example_win32_directx11\EspLines\Math\Vector\Vector3.hpp(11,9): warning C4201: nonstandard extension used: nameless struct/union
  (compiling source file 'EspLines/Data/AimExternal.cpp')
  
C:\Users\SANDY\OneDrive\Desktop\PROJECT\OZALERX_INTERNAL\INTERNAL\examples\example_win32_directx11\EspLines\Math\Vector\Vector3.hpp(42,20): warning C4244: 'return': conversion from 'double' to 'float', possible loss of data
  (compiling source file 'EspLines/Data/AimExternal.cpp')
  
C:\Users\SANDY\OneDrive\Desktop\PROJECT\OZALERX_INTERNAL\INTERNAL\examples\example_win32_directx11\EspLines\Math\Vector\Vector3.hpp(339,13): warning C4244: '=': conversion from 'double' to 'float', possible loss of data
  (compiling source file 'EspLines/Data/AimExternal.cpp')
  
C:\Users\SANDY\OneDrive\Desktop\PROJECT\OZALERX_INTERNAL\INTERNAL\examples\example_win32_directx11\EspLines\Math\Vector\Vector3.hpp(340,13): warning C4244: '=': conversion from 'double' to 'float', possible loss of data
  (compiling source file 'EspLines/Data/AimExternal.cpp')
  
C:\Users\SANDY\OneDrive\Desktop\PROJECT\OZALERX_INTERNAL\INTERNAL\examples\example_win32_directx11\EspLines\Math\Vector\Vector3.hpp(341,16): warning C4244: 'return': conversion from 'double' to 'float', possible loss of data
  (compiling source file 'EspLines/Data/AimExternal.cpp')
  
C:\Users\SANDY\OneDrive\Desktop\PROJECT\OZALERX_INTERNAL\INTERNAL\examples\example_win32_directx11\EspLines\Math\Vector\Vector3.hpp(378,28): warning C4244: '=': conversion from 'double' to 'float', possible loss of data
  (compiling source file 'EspLines/Data/AimExternal.cpp')
  
C:\Users\SANDY\OneDrive\Desktop\PROJECT\OZALERX_INTERNAL\INTERNAL\examples\example_win32_directx11\EspLines\Math\Vector\Vector3.hpp(379,28): warning C4244: '=': conversion from 'double' to 'float', possible loss of data
  (compiling source file 'EspLines/Data/AimExternal.cpp')
  
C:\Users\SANDY\OneDrive\Desktop\PROJECT\OZALERX_INTERNAL\INTERNAL\examples\example_win32_directx11\EspLines\Math\Vector\Vector3.hpp(380,15): warning C4244: '=': conversion from 'double' to 'float', possible loss of data
  (compiling source file 'EspLines/Data/AimExternal.cpp')
  
C:\Users\SANDY\OneDrive\Desktop\PROJECT\OZALERX_INTERNAL\INTERNAL\examples\example_win32_directx11\EspLines\Math\Vector\Vector3.hpp(398,16): warning C4244: 'return': conversion from 'double' to 'float', possible loss of data
  (compiling source file 'EspLines/Data/AimExternal.cpp')
  
C:\Users\SANDY\OneDrive\Desktop\PROJECT\OZALERX_INTERNAL\INTERNAL\examples\example_win32_directx11\EspLines\Math\Vector\Vector3.hpp(480,18): warning C4244: '=': conversion from 'double' to 'float', possible loss of data
  (compiling source file 'EspLines/Data/AimExternal.cpp')
  
C:\Users\SANDY\OneDrive\Desktop\PROJECT\OZALERX_INTERNAL\INTERNAL\examples\example_win32_directx11\EspLines\Math\Vector\Vector3.hpp(481,18): warning C4244: '=': conversion from 'double' to 'float', possible loss of data
  (compiling source file 'EspLines/Data/AimExternal.cpp')
  
C:\Users\SANDY\OneDrive\Desktop\PROJECT\OZALERX_INTERNAL\INTERNAL\examples\example_win32_directx11\EspLines\Math\Vector\Vector3.hpp(492,72): warning C4305: 'argument': truncation from 'double' to 'float'
  (compiling source file 'EspLines/Data/AimExternal.cpp')
  
C:\Users\SANDY\OneDrive\Desktop\PROJECT\OZALERX_INTERNAL\INTERNAL\examples\example_win32_directx11\EspLines\Math\Vector\Vector3.hpp(492,66): warning C4305: 'argument': truncation from 'double' to 'float'
  (compiling source file 'EspLines/Data/AimExternal.cpp')
  
C:\Users\SANDY\OneDrive\Desktop\PROJECT\OZALERX_INTERNAL\INTERNAL\examples\example_win32_directx11\EspLines\Math\Vector\Vector3.hpp(492,60): warning C4305: 'argument': truncation from 'double' to 'float'
  (compiling source file 'EspLines/Data/AimExternal.cpp')
  
C:\Users\SANDY\OneDrive\Desktop\PROJECT\OZALERX_INTERNAL\INTERNAL\examples\example_win32_directx11\EspLines\Math\Vector\Vector3.hpp(496,38): warning C4244: 'argument': conversion from 'double' to 'const float', possible loss of data
  (compiling source file 'EspLines/Data/AimExternal.cpp')
  
C:\Users\SANDY\OneDrive\Desktop\PROJECT\OZALERX_INTERNAL\INTERNAL\examples\example_win32_directx11\EspLines\Math\Vector\Vector3.hpp(497,35): warning C4244: 'argument': conversion from 'double' to 'const float', possible loss of data
  (compiling source file 'EspLines/Data/AimExternal.cpp')
  
C:\Users\SANDY\OneDrive\Desktop\PROJECT\OZALERX_INTERNAL\INTERNAL\examples\example_win32_directx11\EspLines\Math\Vector\Vector3.hpp(520,15): warning C4244: '=': conversion from 'double' to 'float', possible loss of data
  (compiling source file 'EspLines/Data/AimExternal.cpp')
  
C:\Users\SANDY\OneDrive\Desktop\PROJECT\OZALERX_INTERNAL\INTERNAL\examples\example_win32_directx11\EspLines\Math\Vector\Vector3.hpp(521,15): warning C4244: '=': conversion from 'double' to 'float', possible loss of data
  (compiling source file 'EspLines/Data/AimExternal.cpp')
  
C:\Users\SANDY\OneDrive\Desktop\PROJECT\OZALERX_INTERNAL\INTERNAL\examples\example_win32_directx11\EspLines\Math\Vector\Vector3.hpp(522,17): warning C4244: 'initializing': conversion from 'double' to 'float', possible loss of data
  (compiling source file 'EspLines/Data/AimExternal.cpp')
  
C:\Users\SANDY\OneDrive\Desktop\PROJECT\OZALERX_INTERNAL\INTERNAL\examples\example_win32_directx11\EspLines\Math\Vector\Vector3.hpp(524,29): warning C4244: 'argument': conversion from 'double' to 'const float', possible loss of data
  (compiling source file 'EspLines/Data/AimExternal.cpp')
  
C:\Users\SANDY\OneDrive\Desktop\PROJECT\OZALERX_INTERNAL\INTERNAL\examples\example_win32_directx11\EspLines\Math\Vector\Vector3.hpp(524,56): warning C4244: 'argument': conversion from 'double' to 'const float', possible loss of data
  (compiling source file 'EspLines/Data/AimExternal.cpp')
  
C:\Users\SANDY\OneDrive\Desktop\PROJECT\OZALERX_INTERNAL\INTERNAL\examples\example_win32_directx11\EspLines\Math\Vector\Vector3.hpp(538,13): warning C4244: '=': conversion from 'double' to 'float', possible loss of data
  (compiling source file 'EspLines/Data/AimExternal.cpp')
  
C:\Users\SANDY\OneDrive\Desktop\PROJECT\OZALERX_INTERNAL\INTERNAL\examples\example_win32_directx11\EspLines\Math\Vector\Vector3.hpp(539,13): warning C4244: '=': conversion from 'double' to 'float', possible loss of data
  (compiling source file 'EspLines/Data/AimExternal.cpp')
  
C:\Users\SANDY\OneDrive\Desktop\PROJECT\OZALERX_INTERNAL\INTERNAL\examples\example_win32_directx11\EspLines\Math\Vector\Vector3.hpp(540,17): warning C4244: '=': conversion from 'double' to 'float', possible loss of data
  (compiling source file 'EspLines/Data/AimExternal.cpp')
  
C:\Users\SANDY\OneDrive\Desktop\PROJECT\OZALERX_INTERNAL\INTERNAL\examples\example_win32_directx11\EspLines\Math\Vector\Vector3.hpp(541,16): warning C4244: '=': conversion from 'double' to 'float', possible loss of data
  (compiling source file 'EspLines/Data/AimExternal.cpp')
  
C:\Users\SANDY\OneDrive\Desktop\PROJECT\OZALERX_INTERNAL\INTERNAL\examples\example_win32_directx11\EspLines\Math\Vector\Vector3.hpp(604,21): warning C4312: 'type cast': conversion from 'int' to 'const char *' of greater size
  (compiling source file 'EspLines/Data/AimExternal.cpp')
  
C:\Users\SANDY\OneDrive\Desktop\PROJECT\OZALERX_INTERNAL\INTERNAL\examples\example_win32_directx11\EspLines\Math\Vector\Vector3.hpp(605,21): warning C4312: 'type cast': conversion from 'int' to 'const char *' of greater size
  (compiling source file 'EspLines/Data/AimExternal.cpp')
  
C:\Users\SANDY\OneDrive\Desktop\PROJECT\OZALERX_INTERNAL\INTERNAL\examples\example_win32_directx11\EspLines\Math\Vector\Vector3.hpp(606,21): warning C4312: 'type cast': conversion from 'int' to 'const char *' of greater size
  (compiling source file 'EspLines/Data/AimExternal.cpp')
  
C:\Users\SANDY\OneDrive\Desktop\PROJECT\OZALERX_INTERNAL\INTERNAL\examples\example_win32_directx11\EspLines\Math\WordToScreen.hpp(3,9): warning C4005: 'IMGUI_DEFINE_MATH_OPERATORS': macro redefinition
  (compiling source file 'EspLines/Data/AimExternal.cpp')
      C:\Users\SANDY\OneDrive\Desktop\PROJECT\OZALERX_INTERNAL\INTERNAL\examples\example_win32_directx11\EspLines\Math\WordToScreen.hpp(3,9):
      'IMGUI_DEFINE_MATH_OPERATORS' previously declared on the command line
  
C:\Users\SANDY\OneDrive\Desktop\PROJECT\OZALERX_INTERNAL\INTERNAL\examples\example_win32_directx11\EspLines\Math\Vector\Vector2.hpp(10,9): warning C4201: nonstandard extension used: nameless struct/union
  (compiling source file 'EspLines/Data/AimExternal.cpp')
  
C:\Users\SANDY\OneDrive\Desktop\PROJECT\OZALERX_INTERNAL\INTERNAL\examples\example_win32_directx11\EspLines\Math\Vector\Vector2.hpp(295,13): warning C4244: '=': conversion from 'double' to 'float', possible loss of data
  (compiling source file 'EspLines/Data/AimExternal.cpp')
  
C:\Users\SANDY\OneDrive\Desktop\PROJECT\OZALERX_INTERNAL\INTERNAL\examples\example_win32_directx11\EspLines\Math\Vector\Vector2.hpp(296,13): warning C4244: '=': conversion from 'double' to 'float', possible loss of data
  (compiling source file 'EspLines/Data/AimExternal.cpp')
  
C:\Users\SANDY\OneDrive\Desktop\PROJECT\OZALERX_INTERNAL\INTERNAL\examples\example_win32_directx11\EspLines\Math\Vector\Vector2.hpp(449,15): warning C4244: '=': conversion from 'double' to 'float', possible loss of data
  (compiling source file 'EspLines/Data/AimExternal.cpp')
  
C:\Users\SANDY\OneDrive\Desktop\PROJECT\OZALERX_INTERNAL\INTERNAL\examples\example_win32_directx11\EspLines\Math\Vector\Vector2.hpp(450,15): warning C4244: '=': conversion from 'double' to 'float', possible loss of data
  (compiling source file 'EspLines/Data/AimExternal.cpp')
  
C:\Users\SANDY\OneDrive\Desktop\PROJECT\OZALERX_INTERNAL\INTERNAL\examples\example_win32_directx11\EspLines\Data\AimExternal.cpp(25,16): warning C4505: 'FindBestTargetByFov': unreferenced function with internal linkage has been removed
  Compiling...
  Data.cpp
C:\Users\SANDY\OneDrive\Desktop\PROJECT\OZALERX_INTERNAL\INTERNAL\examples\example_win32_directx11\EspLines\Math\Vector\Vector3.hpp(11,9): warning C4201: nonstandard extension used: nameless struct/union
  (compiling source file 'EspLines/Data/Data.cpp')
  
C:\Users\SANDY\OneDrive\Desktop\PROJECT\OZALERX_INTERNAL\INTERNAL\examples\example_win32_directx11\EspLines\Math\Vector\Vector3.hpp(42,20): warning C4244: 'return': conversion from 'double' to 'float', possible loss of data
  (compiling source file 'EspLines/Data/Data.cpp')
  
C:\Users\SANDY\OneDrive\Desktop\PROJECT\OZALERX_INTERNAL\INTERNAL\examples\example_win32_directx11\EspLines\Math\Vector\Vector3.hpp(339,13): warning C4244: '=': conversion from 'double' to 'float', possible loss of data
  (compiling source file 'EspLines/Data/Data.cpp')
  
C:\Users\SANDY\OneDrive\Desktop\PROJECT\OZALERX_INTERNAL\INTERNAL\examples\example_win32_directx11\EspLines\Math\Vector\Vector3.hpp(340,13): warning C4244: '=': conversion from 'double' to 'float', possible loss of data
  (compiling source file 'EspLines/Data/Data.cpp')
  
C:\Users\SANDY\OneDrive\Desktop\PROJECT\OZALERX_INTERNAL\INTERNAL\examples\example_win32_directx11\EspLines\Math\Vector\Vector3.hpp(341,16): warning C4244: 'return': conversion from 'double' to 'float', possible loss of data
  (compiling source file 'EspLines/Data/Data.cpp')
  
C:\Users\SANDY\OneDrive\Desktop\PROJECT\OZALERX_INTERNAL\INTERNAL\examples\example_win32_directx11\EspLines\Math\Vector\Vector3.hpp(378,28): warning C4244: '=': conversion from 'double' to 'float', possible loss of data
  (compiling source file 'EspLines/Data/Data.cpp')
  
C:\Users\SANDY\OneDrive\Desktop\PROJECT\OZALERX_INTERNAL\INTERNAL\examples\example_win32_directx11\EspLines\Math\Vector\Vector3.hpp(379,28): warning C4244: '=': conversion from 'double' to 'float', possible loss of data
  (compiling source file 'EspLines/Data/Data.cpp')
  
C:\Users\SANDY\OneDrive\Desktop\PROJECT\OZALERX_INTERNAL\INTERNAL\examples\example_win32_directx11\EspLines\Math\Vector\Vector3.hpp(380,15): warning C4244: '=': conversion from 'double' to 'float', possible loss of data
  (compiling source file 'EspLines/Data/Data.cpp')
  
C:\Users\SANDY\OneDrive\Desktop\PROJECT\OZALERX_INTERNAL\INTERNAL\examples\example_win32_directx11\EspLines\Math\Vector\Vector3.hpp(398,16): warning C4244: 'return': conversion from 'double' to 'float', possible loss of data
  (compiling source file 'EspLines/Data/Data.cpp')
  
C:\Users\SANDY\OneDrive\Desktop\PROJECT\OZALERX_INTERNAL\INTERNAL\examples\example_win32_directx11\EspLines\Math\Vector\Vector3.hpp(480,18): warning C4244: '=': conversion from 'double' to 'float', possible loss of data
  (compiling source file 'EspLines/Data/Data.cpp')
  
C:\Users\SANDY\OneDrive\Desktop\PROJECT\OZALERX_INTERNAL\INTERNAL\examples\example_win32_directx11\EspLines\Math\Vector\Vector3.hpp(481,18): warning C4244: '=': conversion from 'double' to 'float', possible loss of data
  (compiling source file 'EspLines/Data/Data.cpp')
  
C:\Users\SANDY\OneDrive\Desktop\PROJECT\OZALERX_INTERNAL\INTERNAL\examples\example_win32_directx11\EspLines\Math\Vector\Vector3.hpp(492,72): warning C4305: 'argument': truncation from 'double' to 'float'
  (compiling source file 'EspLines/Data/Data.cpp')
  
C:\Users\SANDY\OneDrive\Desktop\PROJECT\OZALERX_INTERNAL\INTERNAL\examples\example_win32_directx11\EspLines\Math\Vector\Vector3.hpp(492,66): warning C4305: 'argument': truncation from 'double' to 'float'
  (compiling source file 'EspLines/Data/Data.cpp')
  
C:\Users\SANDY\OneDrive\Desktop\PROJECT\OZALERX_INTERNAL\INTERNAL\examples\example_win32_directx11\EspLines\Math\Vector\Vector3.hpp(492,60): warning C4305: 'argument': truncation from 'double' to 'float'
  (compiling source file 'EspLines/Data/Data.cpp')
  
C:\Users\SANDY\OneDrive\Desktop\PROJECT\OZALERX_INTERNAL\INTERNAL\examples\example_win32_directx11\EspLines\Math\Vector\Vector3.hpp(496,38): warning C4244: 'argument': conversion from 'double' to 'const float', possible loss of data
  (compiling source file 'EspLines/Data/Data.cpp')
  
C:\Users\SANDY\OneDrive\Desktop\PROJECT\OZALERX_INTERNAL\INTERNAL\examples\example_win32_directx11\EspLines\Math\Vector\Vector3.hpp(497,35): warning C4244: 'argument': conversion from 'double' to 'const float', possible loss of data
  (compiling source file 'EspLines/Data/Data.cpp')
  
C:\Users\SANDY\OneDrive\Desktop\PROJECT\OZALERX_INTERNAL\INTERNAL\examples\example_win32_directx11\EspLines\Math\Vector\Vector3.hpp(520,15): warning C4244: '=': conversion from 'double' to 'float', possible loss of data
  (compiling source file 'EspLines/Data/Data.cpp')
  
C:\Users\SANDY\OneDrive\Desktop\PROJECT\OZALERX_INTERNAL\INTERNAL\examples\example_win32_directx11\EspLines\Math\Vector\Vector3.hpp(521,15): warning C4244: '=': conversion from 'double' to 'float', possible loss of data
  (compiling source file 'EspLines/Data/Data.cpp')
  
C:\Users\SANDY\OneDrive\Desktop\PROJECT\OZALERX_INTERNAL\INTERNAL\examples\example_win32_directx11\EspLines\Math\Vector\Vector3.hpp(522,17): warning C4244: 'initializing': conversion from 'double' to 'float', possible loss of data
  (compiling source file 'EspLines/Data/Data.cpp')
  
C:\Users\SANDY\OneDrive\Desktop\PROJECT\OZALERX_INTERNAL\INTERNAL\examples\example_win32_directx11\EspLines\Math\Vector\Vector3.hpp(524,29): warning C4244: 'argument': conversion from 'double' to 'const float', possible loss of data
  (compiling source file 'EspLines/Data/Data.cpp')
  
C:\Users\SANDY\OneDrive\Desktop\PROJECT\OZALERX_INTERNAL\INTERNAL\examples\example_win32_directx11\EspLines\Math\Vector\Vector3.hpp(524,56): warning C4244: 'argument': conversion from 'double' to 'const float', possible loss of data
  (compiling source file 'EspLines/Data/Data.cpp')
  
C:\Users\SANDY\OneDrive\Desktop\PROJECT\OZALERX_INTERNAL\INTERNAL\examples\example_win32_directx11\EspLines\Math\Vector\Vector3.hpp(538,13): warning C4244: '=': conversion from 'double' to 'float', possible loss of data
  (compiling source file 'EspLines/Data/Data.cpp')
  
C:\Users\SANDY\OneDrive\Desktop\PROJECT\OZALERX_INTERNAL\INTERNAL\examples\example_win32_directx11\EspLines\Math\Vector\Vector3.hpp(539,13): warning C4244: '=': conversion from 'double' to 'float', possible loss of data
  (compiling source file 'EspLines/Data/Data.cpp')
  
C:\Users\SANDY\OneDrive\Desktop\PROJECT\OZALERX_INTERNAL\INTERNAL\examples\example_win32_directx11\EspLines\Math\Vector\Vector3.hpp(540,17): warning C4244: '=': conversion from 'double' to 'float', possible loss of data
  (compiling source file 'EspLines/Data/Data.cpp')
  
C:\Users\SANDY\OneDrive\Desktop\PROJECT\OZALERX_INTERNAL\INTERNAL\examples\example_win32_directx11\EspLines\Math\Vector\Vector3.hpp(541,16): warning C4244: '=': conversion from 'double' to 'float', possible loss of data
  (compiling source file 'EspLines/Data/Data.cpp')
  
C:\Users\SANDY\OneDrive\Desktop\PROJECT\OZALERX_INTERNAL\INTERNAL\examples\example_win32_directx11\EspLines\Math\Vector\Vector3.hpp(604,21): warning C4312: 'type cast': conversion from 'int' to 'const char *' of greater size
  (compiling source file 'EspLines/Data/Data.cpp')
  
C:\Users\SANDY\OneDrive\Desktop\PROJECT\OZALERX_INTERNAL\INTERNAL\examples\example_win32_directx11\EspLines\Math\Vector\Vector3.hpp(605,21): warning C4312: 'type cast': conversion from 'int' to 'const char *' of greater size
  (compiling source file 'EspLines/Data/Data.cpp')
  
C:\Users\SANDY\OneDrive\Desktop\PROJECT\OZALERX_INTERNAL\INTERNAL\examples\example_win32_directx11\EspLines\Math\Vector\Vector3.hpp(606,21): warning C4312: 'type cast': conversion from 'int' to 'const char *' of greater size
  (compiling source file 'EspLines/Data/Data.cpp')
  
C:\Users\SANDY\OneDrive\Desktop\PROJECT\OZALERX_INTERNAL\INTERNAL\examples\example_win32_directx11\EspLines\Math\Quaternion.hpp(102,9): warning C4201: nonstandard extension used: nameless struct/union
  (compiling source file 'EspLines/Data/Data.cpp')
  
C:\Users\SANDY\OneDrive\Desktop\PROJECT\OZALERX_INTERNAL\INTERNAL\examples\example_win32_directx11\EspLines\Math\Quaternion.hpp(348,37): warning C4244: 'return': conversion from 'double' to 'float', possible loss of data
  (compiling source file 'EspLines/Data/Data.cpp')
  
C:\Users\SANDY\OneDrive\Desktop\PROJECT\OZALERX_INTERNAL\INTERNAL\examples\example_win32_directx11\EspLines\Math\Quaternion.hpp(380,14): warning C4244: 'initializing': conversion from 'double' to 'float', possible loss of data
  (compiling source file 'EspLines/Data/Data.cpp')
  
C:\Users\SANDY\OneDrive\Desktop\PROJECT\OZALERX_INTERNAL\INTERNAL\examples\example_win32_directx11\EspLines\Math\Quaternion.hpp(381,14): warning C4244: 'initializing': conversion from 'double' to 'float', possible loss of data
  (compiling source file 'EspLines/Data/Data.cpp')
  
C:\Users\SANDY\OneDrive\Desktop\PROJECT\OZALERX_INTERNAL\INTERNAL\examples\example_win32_directx11\EspLines\Math\Quaternion.hpp(382,14): warning C4244: 'initializing': conversion from 'double' to 'float', possible loss of data
  (compiling source file 'EspLines/Data/Data.cpp')
  
C:\Users\SANDY\OneDrive\Desktop\PROJECT\OZALERX_INTERNAL\INTERNAL\examples\example_win32_directx11\EspLines\Math\Quaternion.hpp(383,14): warning C4244: 'initializing': conversion from 'double' to 'float', possible loss of data
  (compiling source file 'EspLines/Data/Data.cpp')
  
C:\Users\SANDY\OneDrive\Desktop\PROJECT\OZALERX_INTERNAL\INTERNAL\examples\example_win32_directx11\EspLines\Math\Quaternion.hpp(384,14): warning C4244: 'initializing': conversion from 'double' to 'float', possible loss of data
  (compiling source file 'EspLines/Data/Data.cpp')
  
C:\Users\SANDY\OneDrive\Desktop\PROJECT\OZALERX_INTERNAL\INTERNAL\examples\example_win32_directx11\EspLines\Math\Quaternion.hpp(385,14): warning C4244: 'initializing': conversion from 'double' to 'float', possible loss of data
  (compiling source file 'EspLines/Data/Data.cpp')
  
C:\Users\SANDY\OneDrive\Desktop\PROJECT\OZALERX_INTERNAL\INTERNAL\examples\example_win32_directx11\EspLines\Math\Quaternion.hpp(455,45): warning C4244: '=': conversion from 'double' to 'float', possible loss of data
  (compiling source file 'EspLines/Data/Data.cpp')
  
C:\Users\SANDY\OneDrive\Desktop\PROJECT\OZALERX_INTERNAL\INTERNAL\examples\example_win32_directx11\EspLines\Math\Quaternion.hpp(456,21): warning C4244: 'initializing': conversion from 'double' to 'float', possible loss of data
  (compiling source file 'EspLines/Data/Data.cpp')
  
C:\Users\SANDY\OneDrive\Desktop\PROJECT\OZALERX_INTERNAL\INTERNAL\examples\example_win32_directx11\EspLines\Math\Quaternion.hpp(463,68): warning C4244: '=': conversion from 'double' to 'float', possible loss of data
  (compiling source file 'EspLines/Data/Data.cpp')
  
C:\Users\SANDY\OneDrive\Desktop\PROJECT\OZALERX_INTERNAL\INTERNAL\examples\example_win32_directx11\EspLines\Math\Quaternion.hpp(464,21): warning C4244: 'initializing': conversion from 'double' to 'float', possible loss of data
  (compiling source file 'EspLines/Data/Data.cpp')
  
C:\Users\SANDY\OneDrive\Desktop\PROJECT\OZALERX_INTERNAL\INTERNAL\examples\example_win32_directx11\EspLines\Math\Quaternion.hpp(471,68): warning C4244: '=': conversion from 'double' to 'float', possible loss of data
  (compiling source file 'EspLines/Data/Data.cpp')
  
C:\Users\SANDY\OneDrive\Desktop\PROJECT\OZALERX_INTERNAL\INTERNAL\examples\example_win32_directx11\EspLines\Math\Quaternion.hpp(472,21): warning C4244: 'initializing': conversion from 'double' to 'float', possible loss of data
  (compiling source file 'EspLines/Data/Data.cpp')
  
C:\Users\SANDY\OneDrive\Desktop\PROJECT\OZALERX_INTERNAL\INTERNAL\examples\example_win32_directx11\EspLines\Math\Quaternion.hpp(479,68): warning C4244: '=': conversion from 'double' to 'float', possible loss of data
  (compiling source file 'EspLines/Data/Data.cpp')
  
C:\Users\SANDY\OneDrive\Desktop\PROJECT\OZALERX_INTERNAL\INTERNAL\examples\example_win32_directx11\EspLines\Math\Quaternion.hpp(480,21): warning C4244: 'initializing': conversion from 'double' to 'float', possible loss of data
  (compiling source file 'EspLines/Data/Data.cpp')
  
C:\Users\SANDY\OneDrive\Desktop\PROJECT\OZALERX_INTERNAL\INTERNAL\examples\example_win32_directx11\EspLines\Math\Quaternion.hpp(507,27): warning C4244: '=': conversion from 'double' to 'float', possible loss of data
  (compiling source file 'EspLines/Data/Data.cpp')
  
C:\Users\SANDY\OneDrive\Desktop\PROJECT\OZALERX_INTERNAL\INTERNAL\examples\example_win32_directx11\EspLines\Math\Quaternion.hpp(508,13): warning C4244: 'initializing': conversion from 'double' to 'float', possible loss of data
  (compiling source file 'EspLines/Data/Data.cpp')
  
C:\Users\SANDY\OneDrive\Desktop\PROJECT\OZALERX_INTERNAL\INTERNAL\examples\example_win32_directx11\EspLines\Math\Quaternion.hpp(582,15): warning C4305: '=': truncation from 'double' to 'float'
  (compiling source file 'EspLines/Data/Data.cpp')
  
C:\Users\SANDY\OneDrive\Desktop\PROJECT\OZALERX_INTERNAL\INTERNAL\examples\example_win32_directx11\EspLines\Math\Quaternion.hpp(590,15): warning C4305: '=': truncation from 'double' to 'float'
  (compiling source file 'EspLines/Data/Data.cpp')
  
C:\Users\SANDY\OneDrive\Desktop\PROJECT\OZALERX_INTERNAL\INTERNAL\examples\example_win32_directx11\EspLines\Math\Quaternion.hpp(698,36): warning C4244: 'argument': conversion from 'double' to 'const float', possible loss of data
  (compiling source file 'EspLines/Data/Data.cpp')
  
C:\Users\SANDY\OneDrive\Desktop\PROJECT\OZALERX_INTERNAL\INTERNAL\examples\example_win32_directx11\EspLines\Math\Vector\Vector2.hpp(10,9): warning C4201: nonstandard extension used: nameless struct/union
  (compiling source file 'EspLines/Data/Data.cpp')
  
C:\Users\SANDY\OneDrive\Desktop\PROJECT\OZALERX_INTERNAL\INTERNAL\examples\example_win32_directx11\EspLines\Math\Vector\Vector2.hpp(295,13): warning C4244: '=': conversion from 'double' to 'float', possible loss of data
  (compiling source file 'EspLines/Data/Data.cpp')
  
C:\Users\SANDY\OneDrive\Desktop\PROJECT\OZALERX_INTERNAL\INTERNAL\examples\example_win32_directx11\EspLines\Math\Vector\Vector2.hpp(296,13): warning C4244: '=': conversion from 'double' to 'float', possible loss of data
  (compiling source file 'EspLines/Data/Data.cpp')
  
C:\Users\SANDY\OneDrive\Desktop\PROJECT\OZALERX_INTERNAL\INTERNAL\examples\example_win32_directx11\EspLines\Math\Vector\Vector2.hpp(449,15): warning C4244: '=': conversion from 'double' to 'float', possible loss of data
  (compiling source file 'EspLines/Data/Data.cpp')
  
C:\Users\SANDY\OneDrive\Desktop\PROJECT\OZALERX_INTERNAL\INTERNAL\examples\example_win32_directx11\EspLines\Math\Vector\Vector2.hpp(450,15): warning C4244: '=': conversion from 'double' to 'float', possible loss of data
  (compiling source file 'EspLines/Data/Data.cpp')
  
C:\Users\SANDY\OneDrive\Desktop\PROJECT\OZALERX_INTERNAL\INTERNAL\examples\example_win32_directx11\EspLines\Math\WordToScreen.hpp(3,9): warning C4005: 'IMGUI_DEFINE_MATH_OPERATORS': macro redefinition
  (compiling source file 'EspLines/Data/Data.cpp')
      C:\Users\SANDY\OneDrive\Desktop\PROJECT\OZALERX_INTERNAL\INTERNAL\examples\example_win32_directx11\EspLines\Math\WordToScreen.hpp(3,9):
      'IMGUI_DEFINE_MATH_OPERATORS' previously declared on the command line
  
C:\Users\SANDY\OneDrive\Desktop\PROJECT\OZALERX_INTERNAL\INTERNAL\SDK\Include\dxgitype.h(12,9): warning C4005: 'DXGI_STATUS_OCCLUDED': macro redefinition
  (compiling source file 'EspLines/Data/Data.cpp')
      C:\Program Files (x86)\Windows Kits\10\Include\10.0.26100.0\shared\winerror.h(59282,9):
      see previous definition of 'DXGI_STATUS_OCCLUDED'
  
C:\Users\SANDY\OneDrive\Desktop\PROJECT\OZALERX_INTERNAL\INTERNAL\SDK\Include\dxgitype.h(13,9): warning C4005: 'DXGI_STATUS_CLIPPED': macro redefinition
  (compiling source file 'EspLines/Data/Data.cpp')
      C:\Program Files (x86)\Windows Kits\10\Include\10.0.26100.0\shared\winerror.h(59291,9):
      see previous definition of 'DXGI_STATUS_CLIPPED'
  
C:\Users\SANDY\OneDrive\Desktop\PROJECT\OZALERX_INTERNAL\INTERNAL\SDK\Include\dxgitype.h(14,9): warning C4005: 'DXGI_STATUS_NO_REDIRECTION': macro redefinition
  (compiling source file 'EspLines/Data/Data.cpp')
      C:\Program Files (x86)\Windows Kits\10\Include\10.0.26100.0\shared\winerror.h(59300,9):
      see previous definition of 'DXGI_STATUS_NO_REDIRECTION'
  
C:\Users\SANDY\OneDrive\Desktop\PROJECT\OZALERX_INTERNAL\INTERNAL\SDK\Include\dxgitype.h(15,9): warning C4005: 'DXGI_STATUS_NO_DESKTOP_ACCESS': macro redefinition
  (compiling source file 'EspLines/Data/Data.cpp')
      C:\Program Files (x86)\Windows Kits\10\Include\10.0.26100.0\shared\winerror.h(59309,9):
      see previous definition of 'DXGI_STATUS_NO_DESKTOP_ACCESS'
  
C:\Users\SANDY\OneDrive\Desktop\PROJECT\OZALERX_INTERNAL\INTERNAL\SDK\Include\dxgitype.h(16,9): warning C4005: 'DXGI_STATUS_GRAPHICS_VIDPN_SOURCE_IN_USE': macro redefinition
  (compiling source file 'EspLines/Data/Data.cpp')
      C:\Program Files (x86)\Windows Kits\10\Include\10.0.26100.0\shared\winerror.h(59318,9):
      see previous definition of 'DXGI_STATUS_GRAPHICS_VIDPN_SOURCE_IN_USE'
  
C:\Users\SANDY\OneDrive\Desktop\PROJECT\OZALERX_INTERNAL\INTERNAL\SDK\Include\dxgitype.h(17,9): warning C4005: 'DXGI_STATUS_MODE_CHANGED': macro redefinition
  (compiling source file 'EspLines/Data/Data.cpp')
      C:\Program Files (x86)\Windows Kits\10\Include\10.0.26100.0\shared\winerror.h(59327,9):
      see previous definition of 'DXGI_STATUS_MODE_CHANGED'
  
C:\Users\SANDY\OneDrive\Desktop\PROJECT\OZALERX_INTERNAL\INTERNAL\SDK\Include\dxgitype.h(18,9): warning C4005: 'DXGI_STATUS_MODE_CHANGE_IN_PROGRESS': macro redefinition
  (compiling source file 'EspLines/Data/Data.cpp')
      C:\Program Files (x86)\Windows Kits\10\Include\10.0.26100.0\shared\winerror.h(59336,9):
      see previous definition of 'DXGI_STATUS_MODE_CHANGE_IN_PROGRESS'
  
C:\Users\SANDY\OneDrive\Desktop\PROJECT\OZALERX_INTERNAL\INTERNAL\SDK\Include\dxgitype.h(21,9): warning C4005: 'DXGI_ERROR_INVALID_CALL': macro redefinition
  (compiling source file 'EspLines/Data/Data.cpp')
      C:\Program Files (x86)\Windows Kits\10\Include\10.0.26100.0\shared\winerror.h(59351,9):
      see previous definition of 'DXGI_ERROR_INVALID_CALL'
  
C:\Users\SANDY\OneDrive\Desktop\PROJECT\OZALERX_INTERNAL\INTERNAL\SDK\Include\dxgitype.h(22,9): warning C4005: 'DXGI_ERROR_NOT_FOUND': macro redefinition
  (compiling source file 'EspLines/Data/Data.cpp')
      C:\Program Files (x86)\Windows Kits\10\Include\10.0.26100.0\shared\winerror.h(59360,9):
      see previous definition of 'DXGI_ERROR_NOT_FOUND'
  
C:\Users\SANDY\OneDrive\Desktop\PROJECT\OZALERX_INTERNAL\INTERNAL\SDK\Include\dxgitype.h(23,9): warning C4005: 'DXGI_ERROR_MORE_DATA': macro redefinition
  (compiling source file 'EspLines/Data/Data.cpp')
      C:\Program Files (x86)\Windows Kits\10\Include\10.0.26100.0\shared\winerror.h(59369,9):
      see previous definition of 'DXGI_ERROR_MORE_DATA'
  
C:\Users\SANDY\OneDrive\Desktop\PROJECT\OZALERX_INTERNAL\INTERNAL\SDK\Include\dxgitype.h(24,9): warning C4005: 'DXGI_ERROR_UNSUPPORTED': macro redefinition
  (compiling source file 'EspLines/Data/Data.cpp')
      C:\Program Files (x86)\Windows Kits\10\Include\10.0.26100.0\shared\winerror.h(59378,9):
      see previous definition of 'DXGI_ERROR_UNSUPPORTED'
  
C:\Users\SANDY\OneDrive\Desktop\PROJECT\OZALERX_INTERNAL\INTERNAL\SDK\Include\dxgitype.h(25,9): warning C4005: 'DXGI_ERROR_DEVICE_REMOVED': macro redefinition
  (compiling source file 'EspLines/Data/Data.cpp')
      C:\Program Files (x86)\Windows Kits\10\Include\10.0.26100.0\shared\winerror.h(59387,9):
      see previous definition of 'DXGI_ERROR_DEVICE_REMOVED'
  
C:\Users\SANDY\OneDrive\Desktop\PROJECT\OZALERX_INTERNAL\INTERNAL\SDK\Include\dxgitype.h(26,9): warning C4005: 'DXGI_ERROR_DEVICE_HUNG': macro redefinition
  (compiling source file 'EspLines/Data/Data.cpp')
      C:\Program Files (x86)\Windows Kits\10\Include\10.0.26100.0\shared\winerror.h(59396,9):
      see previous definition of 'DXGI_ERROR_DEVICE_HUNG'
  
C:\Users\SANDY\OneDrive\Desktop\PROJECT\OZALERX_INTERNAL\INTERNAL\SDK\Include\dxgitype.h(27,9): warning C4005: 'DXGI_ERROR_DEVICE_RESET': macro redefinition
  (compiling source file 'EspLines/Data/Data.cpp')
      C:\Program Files (x86)\Windows Kits\10\Include\10.0.26100.0\shared\winerror.h(59406,9):
      see previous definition of 'DXGI_ERROR_DEVICE_RESET'
  
C:\Users\SANDY\OneDrive\Desktop\PROJECT\OZALERX_INTERNAL\INTERNAL\SDK\Include\dxgitype.h(28,9): warning C4005: 'DXGI_ERROR_WAS_STILL_DRAWING': macro redefinition
  (compiling source file 'EspLines/Data/Data.cpp')
      C:\Program Files (x86)\Windows Kits\10\Include\10.0.26100.0\shared\winerror.h(59415,9):
      see previous definition of 'DXGI_ERROR_WAS_STILL_DRAWING'
  
C:\Users\SANDY\OneDrive\Desktop\PROJECT\OZALERX_INTERNAL\INTERNAL\SDK\Include\dxgitype.h(29,9): warning C4005: 'DXGI_ERROR_FRAME_STATISTICS_DISJOINT': macro redefinition
  (compiling source file 'EspLines/Data/Data.cpp')
      C:\Program Files (x86)\Windows Kits\10\Include\10.0.26100.0\shared\winerror.h(59425,9):
      see previous definition of 'DXGI_ERROR_FRAME_STATISTICS_DISJOINT'
  
C:\Users\SANDY\OneDrive\Desktop\PROJECT\OZALERX_INTERNAL\INTERNAL\SDK\Include\dxgitype.h(30,9): warning C4005: 'DXGI_ERROR_GRAPHICS_VIDPN_SOURCE_IN_USE': macro redefinition
  (compiling source file 'EspLines/Data/Data.cpp')
      C:\Program Files (x86)\Windows Kits\10\Include\10.0.26100.0\shared\winerror.h(59434,9):
      see previous definition of 'DXGI_ERROR_GRAPHICS_VIDPN_SOURCE_IN_USE'
  
C:\Users\SANDY\OneDrive\Desktop\PROJECT\OZALERX_INTERNAL\INTERNAL\SDK\Include\dxgitype.h(31,9): warning C4005: 'DXGI_ERROR_DRIVER_INTERNAL_ERROR': macro redefinition
  (compiling source file 'EspLines/Data/Data.cpp')
      C:\Program Files (x86)\Windows Kits\10\Include\10.0.26100.0\shared\winerror.h(59444,9):
      see previous definition of 'DXGI_ERROR_DRIVER_INTERNAL_ERROR'
  
C:\Users\SANDY\OneDrive\Desktop\PROJECT\OZALERX_INTERNAL\INTERNAL\SDK\Include\dxgitype.h(32,9): warning C4005: 'DXGI_ERROR_NONEXCLUSIVE': macro redefinition
  (compiling source file 'EspLines/Data/Data.cpp')
      C:\Program Files (x86)\Windows Kits\10\Include\10.0.26100.0\shared\winerror.h(59453,9):
      see previous definition of 'DXGI_ERROR_NONEXCLUSIVE'
  
C:\Users\SANDY\OneDrive\Desktop\PROJECT\OZALERX_INTERNAL\INTERNAL\SDK\Include\dxgitype.h(33,9): warning C4005: 'DXGI_ERROR_NOT_CURRENTLY_AVAILABLE': macro redefinition
  (compiling source file 'EspLines/Data/Data.cpp')
      C:\Program Files (x86)\Windows Kits\10\Include\10.0.26100.0\shared\winerror.h(59462,9):
      see previous definition of 'DXGI_ERROR_NOT_CURRENTLY_AVAILABLE'
  
C:\Users\SANDY\OneDrive\Desktop\PROJECT\OZALERX_INTERNAL\INTERNAL\SDK\Include\dxgitype.h(34,9): warning C4005: 'DXGI_ERROR_REMOTE_CLIENT_DISCONNECTED': macro redefinition
  (compiling source file 'EspLines/Data/Data.cpp')
      C:\Program Files (x86)\Windows Kits\10\Include\10.0.26100.0\shared\winerror.h(59472,9):
      see previous definition of 'DXGI_ERROR_REMOTE_CLIENT_DISCONNECTED'
  
C:\Users\SANDY\OneDrive\Desktop\PROJECT\OZALERX_INTERNAL\INTERNAL\SDK\Include\dxgitype.h(35,9): warning C4005: 'DXGI_ERROR_REMOTE_OUTOFMEMORY': macro redefinition
  (compiling source file 'EspLines/Data/Data.cpp')
      C:\Program Files (x86)\Windows Kits\10\Include\10.0.26100.0\shared\winerror.h(59481,9):
      see previous definition of 'DXGI_ERROR_REMOTE_OUTOFMEMORY'
  
C:\Users\SANDY\OneDrive\Desktop\PROJECT\OZALERX_INTERNAL\INTERNAL\SDK\Include\d3d11.h(917,9): warning C4005: 'D3D11_ERROR_TOO_MANY_UNIQUE_STATE_OBJECTS': macro redefinition
  (compiling source file 'EspLines/Data/Data.cpp')
      C:\Program Files (x86)\Windows Kits\10\Include\10.0.26100.0\shared\winerror.h(59796,9):
      see previous definition of 'D3D11_ERROR_TOO_MANY_UNIQUE_STATE_OBJECTS'
  
C:\Users\SANDY\OneDrive\Desktop\PROJECT\OZALERX_INTERNAL\INTERNAL\SDK\Include\d3d11.h(918,9): warning C4005: 'D3D11_ERROR_FILE_NOT_FOUND': macro redefinition
  (compiling source file 'EspLines/Data/Data.cpp')
      C:\Program Files (x86)\Windows Kits\10\Include\10.0.26100.0\shared\winerror.h(59805,9):
      see previous definition of 'D3D11_ERROR_FILE_NOT_FOUND'
  
C:\Users\SANDY\OneDrive\Desktop\PROJECT\OZALERX_INTERNAL\INTERNAL\SDK\Include\d3d11.h(919,9): warning C4005: 'D3D11_ERROR_TOO_MANY_UNIQUE_VIEW_OBJECTS': macro redefinition
  (compiling source file 'EspLines/Data/Data.cpp')
      C:\Program Files (x86)\Windows Kits\10\Include\10.0.26100.0\shared\winerror.h(59815,9):
      see previous definition of 'D3D11_ERROR_TOO_MANY_UNIQUE_VIEW_OBJECTS'
  
C:\Users\SANDY\OneDrive\Desktop\PROJECT\OZALERX_INTERNAL\INTERNAL\SDK\Include\d3d11.h(920,9): warning C4005: 'D3D11_ERROR_DEFERRED_CONTEXT_MAP_WITHOUT_INITIAL_DISCARD': macro redefinition
  (compiling source file 'EspLines/Data/Data.cpp')
      C:\Program Files (x86)\Windows Kits\10\Include\10.0.26100.0\shared\winerror.h(59824,9):
      see previous definition of 'D3D11_ERROR_DEFERRED_CONTEXT_MAP_WITHOUT_INITIAL_DISCARD'
  
C:\Users\SANDY\OneDrive\Desktop\PROJECT\OZALERX_INTERNAL\INTERNAL\SDK\Include\d3d10.h(608,9): warning C4005: 'D3D10_ERROR_TOO_MANY_UNIQUE_STATE_OBJECTS': macro redefinition
  (compiling source file 'EspLines/Data/Data.cpp')
      C:\Program Files (x86)\Windows Kits\10\Include\10.0.26100.0\shared\winerror.h(59772,9):
      see previous definition of 'D3D10_ERROR_TOO_MANY_UNIQUE_STATE_OBJECTS'
  
C:\Users\SANDY\OneDrive\Desktop\PROJECT\OZALERX_INTERNAL\INTERNAL\SDK\Include\d3d10.h(609,9): warning C4005: 'D3D10_ERROR_FILE_NOT_FOUND': macro redefinition
  (compiling source file 'EspLines/Data/Data.cpp')
      C:\Program Files (x86)\Windows Kits\10\Include\10.0.26100.0\shared\winerror.h(59781,9):
      see previous definition of 'D3D10_ERROR_FILE_NOT_FOUND'
  
C:\Users\SANDY\OneDrive\Desktop\PROJECT\OZALERX_INTERNAL\INTERNAL\examples\example_win32_directx11\ImGui\stt.hpp(206,42): warning C4100: 'swap_chain': unreferenced parameter
  (compiling source file 'EspLines/Data/Data.cpp')
  
C:\Users\SANDY\OneDrive\Desktop\PROJECT\OZALERX_INTERNAL\INTERNAL\examples\example_win32_directx11\ImGui\stt.hpp(294,20): warning C4189: 'col': local variable is initialized but not referenced
  (compiling source file 'EspLines/Data/Data.cpp')
  
C:\Users\SANDY\OneDrive\Desktop\PROJECT\OZALERX_INTERNAL\INTERNAL\imgui_settings.h(94,16): warning C4091: 'static ': ignored on left of 'c::glow_draws' when no variable is declared
  (compiling source file 'EspLines/Data/Data.cpp')
  
C:\Users\SANDY\OneDrive\Desktop\PROJECT\OZALERX_INTERNAL\INTERNAL\examples\example_win32_directx11\EspLines\Data\Data.cpp(237,61): warning C4244: 'argument': conversion from 'uintptr_t' to 'uint32_t', possible loss of data
C:\Users\SANDY\OneDrive\Desktop\PROJECT\OZALERX_INTERNAL\INTERNAL\examples\example_win32_directx11\EspLines\Data\Data.cpp(244,57): warning C4244: 'argument': conversion from 'uintptr_t' to 'uint32_t', possible loss of data
C:\Users\SANDY\OneDrive\Desktop\PROJECT\OZALERX_INTERNAL\INTERNAL\examples\example_win32_directx11\EspLines\Data\Data.cpp(245,57): warning C4244: 'argument': conversion from 'uintptr_t' to 'uint32_t', possible loss of data
C:\Users\SANDY\OneDrive\Desktop\PROJECT\OZALERX_INTERNAL\INTERNAL\examples\example_win32_directx11\EspLines\Data\Data.cpp(246,57): warning C4244: 'argument': conversion from 'uintptr_t' to 'uint32_t', possible loss of data
C:\Users\SANDY\OneDrive\Desktop\PROJECT\OZALERX_INTERNAL\INTERNAL\examples\example_win32_directx11\EspLines\Data\Data.cpp(251,57): warning C4244: 'argument': conversion from 'uintptr_t' to 'uint32_t', possible loss of data
C:\Users\SANDY\OneDrive\Desktop\PROJECT\OZALERX_INTERNAL\INTERNAL\examples\example_win32_directx11\EspLines\Data\Data.cpp(252,57): warning C4244: 'argument': conversion from 'uintptr_t' to 'uint32_t', possible loss of data
C:\Users\SANDY\OneDrive\Desktop\PROJECT\OZALERX_INTERNAL\INTERNAL\examples\example_win32_directx11\EspLines\Data\Data.cpp(253,57): warning C4244: 'argument': conversion from 'uintptr_t' to 'uint32_t', possible loss of data
C:\Users\SANDY\OneDrive\Desktop\PROJECT\OZALERX_INTERNAL\INTERNAL\examples\example_win32_directx11\EspLines\Data\Data.cpp(254,57): warning C4244: 'argument': conversion from 'uintptr_t' to 'uint32_t', possible loss of data
C:\Users\SANDY\OneDrive\Desktop\PROJECT\OZALERX_INTERNAL\INTERNAL\examples\example_win32_directx11\EspLines\Data\Data.cpp(255,57): warning C4244: 'argument': conversion from 'uintptr_t' to 'uint32_t', possible loss of data
C:\Users\SANDY\OneDrive\Desktop\PROJECT\OZALERX_INTERNAL\INTERNAL\examples\example_win32_directx11\EspLines\Data\Data.cpp(256,57): warning C4244: 'argument': conversion from 'uintptr_t' to 'uint32_t', possible loss of data
C:\Users\SANDY\OneDrive\Desktop\PROJECT\OZALERX_INTERNAL\INTERNAL\examples\example_win32_directx11\EspLines\Data\Data.cpp(257,57): warning C4244: 'argument': conversion from 'uintptr_t' to 'uint32_t', possible loss of data
C:\Users\SANDY\OneDrive\Desktop\PROJECT\OZALERX_INTERNAL\INTERNAL\examples\example_win32_directx11\EspLines\Data\Data.cpp(258,57): warning C4244: 'argument': conversion from 'uintptr_t' to 'uint32_t', possible loss of data
C:\Users\SANDY\OneDrive\Desktop\PROJECT\OZALERX_INTERNAL\INTERNAL\examples\example_win32_directx11\EspLines\Data\Data.cpp(259,57): warning C4244: 'argument': conversion from 'uintptr_t' to 'uint32_t', possible loss of data
C:\Users\SANDY\OneDrive\Desktop\PROJECT\OZALERX_INTERNAL\INTERNAL\examples\example_win32_directx11\EspLines\Data\Data.cpp(260,57): warning C4244: 'argument': conversion from 'uintptr_t' to 'uint32_t', possible loss of data
C:\Users\SANDY\OneDrive\Desktop\PROJECT\OZALERX_INTERNAL\INTERNAL\examples\example_win32_directx11\EspLines\Data\Data.cpp(261,57): warning C4244: 'argument': conversion from 'uintptr_t' to 'uint32_t', possible loss of data
C:\Users\SANDY\OneDrive\Desktop\PROJECT\OZALERX_INTERNAL\INTERNAL\examples\example_win32_directx11\EspLines\Data\Data.cpp(262,57): warning C4244: 'argument': conversion from 'uintptr_t' to 'uint32_t', possible loss of data
C:\Users\SANDY\OneDrive\Desktop\PROJECT\OZALERX_INTERNAL\INTERNAL\examples\example_win32_directx11\EspLines\Data\Data.cpp(263,57): warning C4244: 'argument': conversion from 'uintptr_t' to 'uint32_t', possible loss of data
C:\Users\SANDY\OneDrive\Desktop\PROJECT\OZALERX_INTERNAL\INTERNAL\examples\example_win32_directx11\EspLines\Data\Data.cpp(1472,33): warning C4244: 'initializing': conversion from 'double' to 'float', possible loss of data
C:\Users\SANDY\OneDrive\Desktop\PROJECT\OZALERX_INTERNAL\INTERNAL\examples\example_win32_directx11\EspLines\Data\Data.cpp(1500,33): warning C4244: 'initializing': conversion from 'double' to 'float', possible loss of data
C:\Users\SANDY\OneDrive\Desktop\PROJECT\OZALERX_INTERNAL\INTERNAL\examples\example_win32_directx11\EspLines\Data\Data.cpp(1547,33): warning C4244: 'initializing': conversion from 'double' to 'float', possible loss of data
C:\Users\SANDY\OneDrive\Desktop\PROJECT\OZALERX_INTERNAL\INTERNAL\examples\example_win32_directx11\EspLines\Data\Data.cpp(1637,33): warning C4244: 'initializing': conversion from 'double' to 'float', possible loss of data
C:\Users\SANDY\OneDrive\Desktop\PROJECT\OZALERX_INTERNAL\INTERNAL\examples\example_win32_directx11\EspLines\Data\Data.cpp(2197,30): warning C4456: declaration of 'followCamera' hides previous local declaration
      C:\Users\SANDY\OneDrive\Desktop\PROJECT\OZALERX_INTERNAL\INTERNAL\examples\example_win32_directx11\EspLines\Data\Data.cpp(1959,22):
      see declaration of 'followCamera'
  
C:\Users\SANDY\OneDrive\Desktop\PROJECT\OZALERX_INTERNAL\INTERNAL\examples\example_win32_directx11\EspLines\Data\Data.cpp(2233,34): warning C4456: declaration of 'followCamera' hides previous local declaration
      C:\Users\SANDY\OneDrive\Desktop\PROJECT\OZALERX_INTERNAL\INTERNAL\examples\example_win32_directx11\EspLines\Data\Data.cpp(1959,22):
      see declaration of 'followCamera'
  
C:\Users\SANDY\OneDrive\Desktop\PROJECT\OZALERX_INTERNAL\INTERNAL\examples\example_win32_directx11\EspLines\Data\Data.cpp(2254,30): warning C4456: declaration of 'followCamera' hides previous local declaration
      C:\Users\SANDY\OneDrive\Desktop\PROJECT\OZALERX_INTERNAL\INTERNAL\examples\example_win32_directx11\EspLines\Data\Data.cpp(1959,22):
      see declaration of 'followCamera'
  
C:\Users\SANDY\OneDrive\Desktop\PROJECT\OZALERX_INTERNAL\INTERNAL\examples\example_win32_directx11\EspLines\Data\Data.cpp(2288,34): warning C4456: declaration of 'followCamera' hides previous local declaration
      C:\Users\SANDY\OneDrive\Desktop\PROJECT\OZALERX_INTERNAL\INTERNAL\examples\example_win32_directx11\EspLines\Data\Data.cpp(1959,22):
      see declaration of 'followCamera'
  
C:\Users\SANDY\OneDrive\Desktop\PROJECT\OZALERX_INTERNAL\INTERNAL\examples\example_win32_directx11\EspLines\Data\Data.cpp(2305,26): warning C4456: declaration of 'followCamera' hides previous local declaration
      C:\Users\SANDY\OneDrive\Desktop\PROJECT\OZALERX_INTERNAL\INTERNAL\examples\example_win32_directx11\EspLines\Data\Data.cpp(1959,22):
      see declaration of 'followCamera'
  
C:\Users\SANDY\OneDrive\Desktop\PROJECT\OZALERX_INTERNAL\INTERNAL\examples\example_win32_directx11\EspLines\Data\Data.cpp(2445,35): warning C4389: '==': signed/unsigned mismatch
C:\Users\SANDY\OneDrive\Desktop\PROJECT\OZALERX_INTERNAL\INTERNAL\examples\example_win32_directx11\EspLines\Data\Data.cpp(2504,46): warning C4101: 'e': unreferenced local variable
C:\Users\SANDY\OneDrive\Desktop\PROJECT\OZALERX_INTERNAL\INTERNAL\examples\example_win32_directx11\EspLines\Data\Data.cpp(165,13): warning C4505: '`anonymous-namespace'::ReadLocalWeaponIsSighting': unreferenced function with internal linkage has been removed
  Compiling...
  Visual.cpp
C:\Users\SANDY\OneDrive\Desktop\PROJECT\OZALERX_INTERNAL\INTERNAL\examples\example_win32_directx11\EspLines\Visuals\Visual.cpp(1,9): warning C4005: 'IMGUI_DEFINE_MATH_OPERATORS': macro redefinition
      C:\Users\SANDY\OneDrive\Desktop\PROJECT\OZALERX_INTERNAL\INTERNAL\examples\example_win32_directx11\EspLines\Visuals\Visual.cpp(1,9):
      'IMGUI_DEFINE_MATH_OPERATORS' previously declared on the command line
  
C:\Users\SANDY\OneDrive\Desktop\PROJECT\OZALERX_INTERNAL\INTERNAL\examples\example_win32_directx11\EspLines\Math\Vector\Vector3.hpp(11,9): warning C4201: nonstandard extension used: nameless struct/union
  (compiling source file 'EspLines/Visuals/Visual.cpp')
  
C:\Users\SANDY\OneDrive\Desktop\PROJECT\OZALERX_INTERNAL\INTERNAL\examples\example_win32_directx11\EspLines\Math\Vector\Vector3.hpp(42,20): warning C4244: 'return': conversion from 'double' to 'float', possible loss of data
  (compiling source file 'EspLines/Visuals/Visual.cpp')
  
C:\Users\SANDY\OneDrive\Desktop\PROJECT\OZALERX_INTERNAL\INTERNAL\examples\example_win32_directx11\EspLines\Math\Vector\Vector3.hpp(339,13): warning C4244: '=': conversion from 'double' to 'float', possible loss of data
  (compiling source file 'EspLines/Visuals/Visual.cpp')
  
C:\Users\SANDY\OneDrive\Desktop\PROJECT\OZALERX_INTERNAL\INTERNAL\examples\example_win32_directx11\EspLines\Math\Vector\Vector3.hpp(340,13): warning C4244: '=': conversion from 'double' to 'float', possible loss of data
  (compiling source file 'EspLines/Visuals/Visual.cpp')
  
C:\Users\SANDY\OneDrive\Desktop\PROJECT\OZALERX_INTERNAL\INTERNAL\examples\example_win32_directx11\EspLines\Math\Vector\Vector3.hpp(341,16): warning C4244: 'return': conversion from 'double' to 'float', possible loss of data
  (compiling source file 'EspLines/Visuals/Visual.cpp')
  
C:\Users\SANDY\OneDrive\Desktop\PROJECT\OZALERX_INTERNAL\INTERNAL\examples\example_win32_directx11\EspLines\Math\Vector\Vector3.hpp(378,28): warning C4244: '=': conversion from 'double' to 'float', possible loss of data
  (compiling source file 'EspLines/Visuals/Visual.cpp')
  
C:\Users\SANDY\OneDrive\Desktop\PROJECT\OZALERX_INTERNAL\INTERNAL\examples\example_win32_directx11\EspLines\Math\Vector\Vector3.hpp(379,28): warning C4244: '=': conversion from 'double' to 'float', possible loss of data
  (compiling source file 'EspLines/Visuals/Visual.cpp')
  
C:\Users\SANDY\OneDrive\Desktop\PROJECT\OZALERX_INTERNAL\INTERNAL\examples\example_win32_directx11\EspLines\Math\Vector\Vector3.hpp(380,15): warning C4244: '=': conversion from 'double' to 'float', possible loss of data
  (compiling source file 'EspLines/Visuals/Visual.cpp')
  
C:\Users\SANDY\OneDrive\Desktop\PROJECT\OZALERX_INTERNAL\INTERNAL\examples\example_win32_directx11\EspLines\Math\Vector\Vector3.hpp(398,16): warning C4244: 'return': conversion from 'double' to 'float', possible loss of data
  (compiling source file 'EspLines/Visuals/Visual.cpp')
  
C:\Users\SANDY\OneDrive\Desktop\PROJECT\OZALERX_INTERNAL\INTERNAL\examples\example_win32_directx11\EspLines\Math\Vector\Vector3.hpp(480,18): warning C4244: '=': conversion from 'double' to 'float', possible loss of data
  (compiling source file 'EspLines/Visuals/Visual.cpp')
  
C:\Users\SANDY\OneDrive\Desktop\PROJECT\OZALERX_INTERNAL\INTERNAL\examples\example_win32_directx11\EspLines\Math\Vector\Vector3.hpp(481,18): warning C4244: '=': conversion from 'double' to 'float', possible loss of data
  (compiling source file 'EspLines/Visuals/Visual.cpp')
  
C:\Users\SANDY\OneDrive\Desktop\PROJECT\OZALERX_INTERNAL\INTERNAL\examples\example_win32_directx11\EspLines\Math\Vector\Vector3.hpp(492,72): warning C4305: 'argument': truncation from 'double' to 'float'
  (compiling source file 'EspLines/Visuals/Visual.cpp')
  
C:\Users\SANDY\OneDrive\Desktop\PROJECT\OZALERX_INTERNAL\INTERNAL\examples\example_win32_directx11\EspLines\Math\Vector\Vector3.hpp(492,66): warning C4305: 'argument': truncation from 'double' to 'float'
  (compiling source file 'EspLines/Visuals/Visual.cpp')
  
C:\Users\SANDY\OneDrive\Desktop\PROJECT\OZALERX_INTERNAL\INTERNAL\examples\example_win32_directx11\EspLines\Math\Vector\Vector3.hpp(492,60): warning C4305: 'argument': truncation from 'double' to 'float'
  (compiling source file 'EspLines/Visuals/Visual.cpp')
  
C:\Users\SANDY\OneDrive\Desktop\PROJECT\OZALERX_INTERNAL\INTERNAL\examples\example_win32_directx11\EspLines\Math\Vector\Vector3.hpp(496,38): warning C4244: 'argument': conversion from 'double' to 'const float', possible loss of data
  (compiling source file 'EspLines/Visuals/Visual.cpp')
  
C:\Users\SANDY\OneDrive\Desktop\PROJECT\OZALERX_INTERNAL\INTERNAL\examples\example_win32_directx11\EspLines\Math\Vector\Vector3.hpp(497,35): warning C4244: 'argument': conversion from 'double' to 'const float', possible loss of data
  (compiling source file 'EspLines/Visuals/Visual.cpp')
  
C:\Users\SANDY\OneDrive\Desktop\PROJECT\OZALERX_INTERNAL\INTERNAL\examples\example_win32_directx11\EspLines\Math\Vector\Vector3.hpp(520,15): warning C4244: '=': conversion from 'double' to 'float', possible loss of data
  (compiling source file 'EspLines/Visuals/Visual.cpp')
  
C:\Users\SANDY\OneDrive\Desktop\PROJECT\OZALERX_INTERNAL\INTERNAL\examples\example_win32_directx11\EspLines\Math\Vector\Vector3.hpp(521,15): warning C4244: '=': conversion from 'double' to 'float', possible loss of data
  (compiling source file 'EspLines/Visuals/Visual.cpp')
  
C:\Users\SANDY\OneDrive\Desktop\PROJECT\OZALERX_INTERNAL\INTERNAL\examples\example_win32_directx11\EspLines\Math\Vector\Vector3.hpp(522,17): warning C4244: 'initializing': conversion from 'double' to 'float', possible loss of data
  (compiling source file 'EspLines/Visuals/Visual.cpp')
  
C:\Users\SANDY\OneDrive\Desktop\PROJECT\OZALERX_INTERNAL\INTERNAL\examples\example_win32_directx11\EspLines\Math\Vector\Vector3.hpp(524,29): warning C4244: 'argument': conversion from 'double' to 'const float', possible loss of data
  (compiling source file 'EspLines/Visuals/Visual.cpp')
  
C:\Users\SANDY\OneDrive\Desktop\PROJECT\OZALERX_INTERNAL\INTERNAL\examples\example_win32_directx11\EspLines\Math\Vector\Vector3.hpp(524,56): warning C4244: 'argument': conversion from 'double' to 'const float', possible loss of data
  (compiling source file 'EspLines/Visuals/Visual.cpp')
  
C:\Users\SANDY\OneDrive\Desktop\PROJECT\OZALERX_INTERNAL\INTERNAL\examples\example_win32_directx11\EspLines\Math\Vector\Vector3.hpp(538,13): warning C4244: '=': conversion from 'double' to 'float', possible loss of data
  (compiling source file 'EspLines/Visuals/Visual.cpp')
  
C:\Users\SANDY\OneDrive\Desktop\PROJECT\OZALERX_INTERNAL\INTERNAL\examples\example_win32_directx11\EspLines\Math\Vector\Vector3.hpp(539,13): warning C4244: '=': conversion from 'double' to 'float', possible loss of data
  (compiling source file 'EspLines/Visuals/Visual.cpp')
  
C:\Users\SANDY\OneDrive\Desktop\PROJECT\OZALERX_INTERNAL\INTERNAL\examples\example_win32_directx11\EspLines\Math\Vector\Vector3.hpp(540,17): warning C4244: '=': conversion from 'double' to 'float', possible loss of data
  (compiling source file 'EspLines/Visuals/Visual.cpp')
  
C:\Users\SANDY\OneDrive\Desktop\PROJECT\OZALERX_INTERNAL\INTERNAL\examples\example_win32_directx11\EspLines\Math\Vector\Vector3.hpp(541,16): warning C4244: '=': conversion from 'double' to 'float', possible loss of data
  (compiling source file 'EspLines/Visuals/Visual.cpp')
  
C:\Users\SANDY\OneDrive\Desktop\PROJECT\OZALERX_INTERNAL\INTERNAL\examples\example_win32_directx11\EspLines\Math\Vector\Vector3.hpp(604,21): warning C4312: 'type cast': conversion from 'int' to 'const char *' of greater size
  (compiling source file 'EspLines/Visuals/Visual.cpp')
  
C:\Users\SANDY\OneDrive\Desktop\PROJECT\OZALERX_INTERNAL\INTERNAL\examples\example_win32_directx11\EspLines\Math\Vector\Vector3.hpp(605,21): warning C4312: 'type cast': conversion from 'int' to 'const char *' of greater size
  (compiling source file 'EspLines/Visuals/Visual.cpp')
  
C:\Users\SANDY\OneDrive\Desktop\PROJECT\OZALERX_INTERNAL\INTERNAL\examples\example_win32_directx11\EspLines\Math\Vector\Vector3.hpp(606,21): warning C4312: 'type cast': conversion from 'int' to 'const char *' of greater size
  (compiling source file 'EspLines/Visuals/Visual.cpp')
  
C:\Users\SANDY\OneDrive\Desktop\PROJECT\OZALERX_INTERNAL\INTERNAL\examples\example_win32_directx11\EspLines\Math\Vector\Vector2.hpp(10,9): warning C4201: nonstandard extension used: nameless struct/union
  (compiling source file 'EspLines/Visuals/Visual.cpp')
  
C:\Users\SANDY\OneDrive\Desktop\PROJECT\OZALERX_INTERNAL\INTERNAL\examples\example_win32_directx11\EspLines\Math\Vector\Vector2.hpp(295,13): warning C4244: '=': conversion from 'double' to 'float', possible loss of data
  (compiling source file 'EspLines/Visuals/Visual.cpp')
  
C:\Users\SANDY\OneDrive\Desktop\PROJECT\OZALERX_INTERNAL\INTERNAL\examples\example_win32_directx11\EspLines\Math\Vector\Vector2.hpp(296,13): warning C4244: '=': conversion from 'double' to 'float', possible loss of data
  (compiling source file 'EspLines/Visuals/Visual.cpp')
  
C:\Users\SANDY\OneDrive\Desktop\PROJECT\OZALERX_INTERNAL\INTERNAL\examples\example_win32_directx11\EspLines\Math\Vector\Vector2.hpp(449,15): warning C4244: '=': conversion from 'double' to 'float', possible loss of data
  (compiling source file 'EspLines/Visuals/Visual.cpp')
  
C:\Users\SANDY\OneDrive\Desktop\PROJECT\OZALERX_INTERNAL\INTERNAL\examples\example_win32_directx11\EspLines\Math\Vector\Vector2.hpp(450,15): warning C4244: '=': conversion from 'double' to 'float', possible loss of data
  (compiling source file 'EspLines/Visuals/Visual.cpp')
  
C:\Users\SANDY\OneDrive\Desktop\PROJECT\OZALERX_INTERNAL\INTERNAL\SDK\Include\dxgitype.h(12,9): warning C4005: 'DXGI_STATUS_OCCLUDED': macro redefinition
  (compiling source file 'EspLines/Visuals/Visual.cpp')
      C:\Program Files (x86)\Windows Kits\10\Include\10.0.26100.0\shared\winerror.h(59282,9):
      see previous definition of 'DXGI_STATUS_OCCLUDED'
  
C:\Users\SANDY\OneDrive\Desktop\PROJECT\OZALERX_INTERNAL\INTERNAL\SDK\Include\dxgitype.h(13,9): warning C4005: 'DXGI_STATUS_CLIPPED': macro redefinition
  (compiling source file 'EspLines/Visuals/Visual.cpp')
      C:\Program Files (x86)\Windows Kits\10\Include\10.0.26100.0\shared\winerror.h(59291,9):
      see previous definition of 'DXGI_STATUS_CLIPPED'
  
C:\Users\SANDY\OneDrive\Desktop\PROJECT\OZALERX_INTERNAL\INTERNAL\SDK\Include\dxgitype.h(14,9): warning C4005: 'DXGI_STATUS_NO_REDIRECTION': macro redefinition
  (compiling source file 'EspLines/Visuals/Visual.cpp')
      C:\Program Files (x86)\Windows Kits\10\Include\10.0.26100.0\shared\winerror.h(59300,9):
      see previous definition of 'DXGI_STATUS_NO_REDIRECTION'
  
C:\Users\SANDY\OneDrive\Desktop\PROJECT\OZALERX_INTERNAL\INTERNAL\SDK\Include\dxgitype.h(15,9): warning C4005: 'DXGI_STATUS_NO_DESKTOP_ACCESS': macro redefinition
  (compiling source file 'EspLines/Visuals/Visual.cpp')
      C:\Program Files (x86)\Windows Kits\10\Include\10.0.26100.0\shared\winerror.h(59309,9):
      see previous definition of 'DXGI_STATUS_NO_DESKTOP_ACCESS'
  
C:\Users\SANDY\OneDrive\Desktop\PROJECT\OZALERX_INTERNAL\INTERNAL\SDK\Include\dxgitype.h(16,9): warning C4005: 'DXGI_STATUS_GRAPHICS_VIDPN_SOURCE_IN_USE': macro redefinition
  (compiling source file 'EspLines/Visuals/Visual.cpp')
      C:\Program Files (x86)\Windows Kits\10\Include\10.0.26100.0\shared\winerror.h(59318,9):
      see previous definition of 'DXGI_STATUS_GRAPHICS_VIDPN_SOURCE_IN_USE'
  
C:\Users\SANDY\OneDrive\Desktop\PROJECT\OZALERX_INTERNAL\INTERNAL\SDK\Include\dxgitype.h(17,9): warning C4005: 'DXGI_STATUS_MODE_CHANGED': macro redefinition
  (compiling source file 'EspLines/Visuals/Visual.cpp')
      C:\Program Files (x86)\Windows Kits\10\Include\10.0.26100.0\shared\winerror.h(59327,9):
      see previous definition of 'DXGI_STATUS_MODE_CHANGED'
  
C:\Users\SANDY\OneDrive\Desktop\PROJECT\OZALERX_INTERNAL\INTERNAL\SDK\Include\dxgitype.h(18,9): warning C4005: 'DXGI_STATUS_MODE_CHANGE_IN_PROGRESS': macro redefinition
  (compiling source file 'EspLines/Visuals/Visual.cpp')
      C:\Program Files (x86)\Windows Kits\10\Include\10.0.26100.0\shared\winerror.h(59336,9):
      see previous definition of 'DXGI_STATUS_MODE_CHANGE_IN_PROGRESS'
  
C:\Users\SANDY\OneDrive\Desktop\PROJECT\OZALERX_INTERNAL\INTERNAL\SDK\Include\dxgitype.h(21,9): warning C4005: 'DXGI_ERROR_INVALID_CALL': macro redefinition
  (compiling source file 'EspLines/Visuals/Visual.cpp')
      C:\Program Files (x86)\Windows Kits\10\Include\10.0.26100.0\shared\winerror.h(59351,9):
      see previous definition of 'DXGI_ERROR_INVALID_CALL'
  
C:\Users\SANDY\OneDrive\Desktop\PROJECT\OZALERX_INTERNAL\INTERNAL\SDK\Include\dxgitype.h(22,9): warning C4005: 'DXGI_ERROR_NOT_FOUND': macro redefinition
  (compiling source file 'EspLines/Visuals/Visual.cpp')
      C:\Program Files (x86)\Windows Kits\10\Include\10.0.26100.0\shared\winerror.h(59360,9):
      see previous definition of 'DXGI_ERROR_NOT_FOUND'
  
C:\Users\SANDY\OneDrive\Desktop\PROJECT\OZALERX_INTERNAL\INTERNAL\SDK\Include\dxgitype.h(23,9): warning C4005: 'DXGI_ERROR_MORE_DATA': macro redefinition
  (compiling source file 'EspLines/Visuals/Visual.cpp')
      C:\Program Files (x86)\Windows Kits\10\Include\10.0.26100.0\shared\winerror.h(59369,9):
      see previous definition of 'DXGI_ERROR_MORE_DATA'
  
C:\Users\SANDY\OneDrive\Desktop\PROJECT\OZALERX_INTERNAL\INTERNAL\SDK\Include\dxgitype.h(24,9): warning C4005: 'DXGI_ERROR_UNSUPPORTED': macro redefinition
  (compiling source file 'EspLines/Visuals/Visual.cpp')
      C:\Program Files (x86)\Windows Kits\10\Include\10.0.26100.0\shared\winerror.h(59378,9):
      see previous definition of 'DXGI_ERROR_UNSUPPORTED'
  
C:\Users\SANDY\OneDrive\Desktop\PROJECT\OZALERX_INTERNAL\INTERNAL\SDK\Include\dxgitype.h(25,9): warning C4005: 'DXGI_ERROR_DEVICE_REMOVED': macro redefinition
  (compiling source file 'EspLines/Visuals/Visual.cpp')
      C:\Program Files (x86)\Windows Kits\10\Include\10.0.26100.0\shared\winerror.h(59387,9):
      see previous definition of 'DXGI_ERROR_DEVICE_REMOVED'
  
C:\Users\SANDY\OneDrive\Desktop\PROJECT\OZALERX_INTERNAL\INTERNAL\SDK\Include\dxgitype.h(26,9): warning C4005: 'DXGI_ERROR_DEVICE_HUNG': macro redefinition
  (compiling source file 'EspLines/Visuals/Visual.cpp')
      C:\Program Files (x86)\Windows Kits\10\Include\10.0.26100.0\shared\winerror.h(59396,9):
      see previous definition of 'DXGI_ERROR_DEVICE_HUNG'
  
C:\Users\SANDY\OneDrive\Desktop\PROJECT\OZALERX_INTERNAL\INTERNAL\SDK\Include\dxgitype.h(27,9): warning C4005: 'DXGI_ERROR_DEVICE_RESET': macro redefinition
  (compiling source file 'EspLines/Visuals/Visual.cpp')
      C:\Program Files (x86)\Windows Kits\10\Include\10.0.26100.0\shared\winerror.h(59406,9):
      see previous definition of 'DXGI_ERROR_DEVICE_RESET'
  
C:\Users\SANDY\OneDrive\Desktop\PROJECT\OZALERX_INTERNAL\INTERNAL\SDK\Include\dxgitype.h(28,9): warning C4005: 'DXGI_ERROR_WAS_STILL_DRAWING': macro redefinition
  (compiling source file 'EspLines/Visuals/Visual.cpp')
      C:\Program Files (x86)\Windows Kits\10\Include\10.0.26100.0\shared\winerror.h(59415,9):
      see previous definition of 'DXGI_ERROR_WAS_STILL_DRAWING'
  
C:\Users\SANDY\OneDrive\Desktop\PROJECT\OZALERX_INTERNAL\INTERNAL\SDK\Include\dxgitype.h(29,9): warning C4005: 'DXGI_ERROR_FRAME_STATISTICS_DISJOINT': macro redefinition
  (compiling source file 'EspLines/Visuals/Visual.cpp')
      C:\Program Files (x86)\Windows Kits\10\Include\10.0.26100.0\shared\winerror.h(59425,9):
      see previous definition of 'DXGI_ERROR_FRAME_STATISTICS_DISJOINT'
  
C:\Users\SANDY\OneDrive\Desktop\PROJECT\OZALERX_INTERNAL\INTERNAL\SDK\Include\dxgitype.h(30,9): warning C4005: 'DXGI_ERROR_GRAPHICS_VIDPN_SOURCE_IN_USE': macro redefinition
  (compiling source file 'EspLines/Visuals/Visual.cpp')
      C:\Program Files (x86)\Windows Kits\10\Include\10.0.26100.0\shared\winerror.h(59434,9):
      see previous definition of 'DXGI_ERROR_GRAPHICS_VIDPN_SOURCE_IN_USE'
  
C:\Users\SANDY\OneDrive\Desktop\PROJECT\OZALERX_INTERNAL\INTERNAL\SDK\Include\dxgitype.h(31,9): warning C4005: 'DXGI_ERROR_DRIVER_INTERNAL_ERROR': macro redefinition
  (compiling source file 'EspLines/Visuals/Visual.cpp')
      C:\Program Files (x86)\Windows Kits\10\Include\10.0.26100.0\shared\winerror.h(59444,9):
      see previous definition of 'DXGI_ERROR_DRIVER_INTERNAL_ERROR'
  
C:\Users\SANDY\OneDrive\Desktop\PROJECT\OZALERX_INTERNAL\INTERNAL\SDK\Include\dxgitype.h(32,9): warning C4005: 'DXGI_ERROR_NONEXCLUSIVE': macro redefinition
  (compiling source file 'EspLines/Visuals/Visual.cpp')
      C:\Program Files (x86)\Windows Kits\10\Include\10.0.26100.0\shared\winerror.h(59453,9):
      see previous definition of 'DXGI_ERROR_NONEXCLUSIVE'
  
C:\Users\SANDY\OneDrive\Desktop\PROJECT\OZALERX_INTERNAL\INTERNAL\SDK\Include\dxgitype.h(33,9): warning C4005: 'DXGI_ERROR_NOT_CURRENTLY_AVAILABLE': macro redefinition
  (compiling source file 'EspLines/Visuals/Visual.cpp')
      C:\Program Files (x86)\Windows Kits\10\Include\10.0.26100.0\shared\winerror.h(59462,9):
      see previous definition of 'DXGI_ERROR_NOT_CURRENTLY_AVAILABLE'
  
C:\Users\SANDY\OneDrive\Desktop\PROJECT\OZALERX_INTERNAL\INTERNAL\SDK\Include\dxgitype.h(34,9): warning C4005: 'DXGI_ERROR_REMOTE_CLIENT_DISCONNECTED': macro redefinition
  (compiling source file 'EspLines/Visuals/Visual.cpp')
      C:\Program Files (x86)\Windows Kits\10\Include\10.0.26100.0\shared\winerror.h(59472,9):
      see previous definition of 'DXGI_ERROR_REMOTE_CLIENT_DISCONNECTED'
  
C:\Users\SANDY\OneDrive\Desktop\PROJECT\OZALERX_INTERNAL\INTERNAL\SDK\Include\dxgitype.h(35,9): warning C4005: 'DXGI_ERROR_REMOTE_OUTOFMEMORY': macro redefinition
  (compiling source file 'EspLines/Visuals/Visual.cpp')
      C:\Program Files (x86)\Windows Kits\10\Include\10.0.26100.0\shared\winerror.h(59481,9):
      see previous definition of 'DXGI_ERROR_REMOTE_OUTOFMEMORY'
  
C:\Users\SANDY\OneDrive\Desktop\PROJECT\OZALERX_INTERNAL\INTERNAL\SDK\Include\d3d11.h(917,9): warning C4005: 'D3D11_ERROR_TOO_MANY_UNIQUE_STATE_OBJECTS': macro redefinition
  (compiling source file 'EspLines/Visuals/Visual.cpp')
      C:\Program Files (x86)\Windows Kits\10\Include\10.0.26100.0\shared\winerror.h(59796,9):
      see previous definition of 'D3D11_ERROR_TOO_MANY_UNIQUE_STATE_OBJECTS'
  
C:\Users\SANDY\OneDrive\Desktop\PROJECT\OZALERX_INTERNAL\INTERNAL\SDK\Include\d3d11.h(918,9): warning C4005: 'D3D11_ERROR_FILE_NOT_FOUND': macro redefinition
  (compiling source file 'EspLines/Visuals/Visual.cpp')
      C:\Program Files (x86)\Windows Kits\10\Include\10.0.26100.0\shared\winerror.h(59805,9):
      see previous definition of 'D3D11_ERROR_FILE_NOT_FOUND'
  
C:\Users\SANDY\OneDrive\Desktop\PROJECT\OZALERX_INTERNAL\INTERNAL\SDK\Include\d3d11.h(919,9): warning C4005: 'D3D11_ERROR_TOO_MANY_UNIQUE_VIEW_OBJECTS': macro redefinition
  (compiling source file 'EspLines/Visuals/Visual.cpp')
      C:\Program Files (x86)\Windows Kits\10\Include\10.0.26100.0\shared\winerror.h(59815,9):
      see previous definition of 'D3D11_ERROR_TOO_MANY_UNIQUE_VIEW_OBJECTS'
  
C:\Users\SANDY\OneDrive\Desktop\PROJECT\OZALERX_INTERNAL\INTERNAL\SDK\Include\d3d11.h(920,9): warning C4005: 'D3D11_ERROR_DEFERRED_CONTEXT_MAP_WITHOUT_INITIAL_DISCARD': macro redefinition
  (compiling source file 'EspLines/Visuals/Visual.cpp')
      C:\Program Files (x86)\Windows Kits\10\Include\10.0.26100.0\shared\winerror.h(59824,9):
      see previous definition of 'D3D11_ERROR_DEFERRED_CONTEXT_MAP_WITHOUT_INITIAL_DISCARD'
  
C:\Users\SANDY\OneDrive\Desktop\PROJECT\OZALERX_INTERNAL\INTERNAL\SDK\Include\d3d10.h(608,9): warning C4005: 'D3D10_ERROR_TOO_MANY_UNIQUE_STATE_OBJECTS': macro redefinition
  (compiling source file 'EspLines/Visuals/Visual.cpp')
      C:\Program Files (x86)\Windows Kits\10\Include\10.0.26100.0\shared\winerror.h(59772,9):
      see previous definition of 'D3D10_ERROR_TOO_MANY_UNIQUE_STATE_OBJECTS'
  
C:\Users\SANDY\OneDrive\Desktop\PROJECT\OZALERX_INTERNAL\INTERNAL\SDK\Include\d3d10.h(609,9): warning C4005: 'D3D10_ERROR_FILE_NOT_FOUND': macro redefinition
  (compiling source file 'EspLines/Visuals/Visual.cpp')
      C:\Program Files (x86)\Windows Kits\10\Include\10.0.26100.0\shared\winerror.h(59781,9):
      see previous definition of 'D3D10_ERROR_FILE_NOT_FOUND'
  
C:\Users\SANDY\OneDrive\Desktop\PROJECT\OZALERX_INTERNAL\INTERNAL\examples\example_win32_directx11\EspLines\Visuals\Visual.cpp(95,16): warning C4244: 'initializing': conversion from 'double' to 'float', possible loss of data
C:\Users\SANDY\OneDrive\Desktop\PROJECT\OZALERX_INTERNAL\INTERNAL\examples\example_win32_directx11\EspLines\Visuals\Visual.cpp(102,150): warning C4100: 'glowStrength': unreferenced parameter
C:\Users\SANDY\OneDrive\Desktop\PROJECT\OZALERX_INTERNAL\INTERNAL\examples\example_win32_directx11\EspLines\Visuals\Visual.cpp(164,133): warning C4100: 'feather': unreferenced parameter
C:\Users\SANDY\OneDrive\Desktop\PROJECT\OZALERX_INTERNAL\INTERNAL\examples\example_win32_directx11\EspLines\Visuals\Visual.cpp(520,51): warning C4189: 'y': local variable is initialized but not referenced
C:\Users\SANDY\OneDrive\Desktop\PROJECT\OZALERX_INTERNAL\INTERNAL\examples\example_win32_directx11\EspLines\Visuals\Visual.cpp(520,19): warning C4189: 'x': local variable is initialized but not referenced
C:\Users\SANDY\OneDrive\Desktop\PROJECT\OZALERX_INTERNAL\INTERNAL\examples\example_win32_directx11\EspLines\Visuals\Visual.cpp(521,33): warning C4189: 'h': local variable is initialized but not referenced
C:\Users\SANDY\OneDrive\Desktop\PROJECT\OZALERX_INTERNAL\INTERNAL\examples\example_win32_directx11\EspLines\Visuals\Visual.cpp(521,19): warning C4189: 'w': local variable is initialized but not referenced
  Compiling...
  Namegun.cpp
  Compiling...
  LootDatabase.cpp
  Compiling...
  LootScanner.cpp
C:\Users\SANDY\OneDrive\Desktop\PROJECT\OZALERX_INTERNAL\INTERNAL\examples\example_win32_directx11\EspLines\Math\Vector\Vector3.hpp(11,9): warning C4201: nonstandard extension used: nameless struct/union
  (compiling source file 'EspLines/Loot/LootScanner.cpp')
  
C:\Users\SANDY\OneDrive\Desktop\PROJECT\OZALERX_INTERNAL\INTERNAL\examples\example_win32_directx11\EspLines\Math\Vector\Vector3.hpp(42,20): warning C4244: 'return': conversion from 'double' to 'float', possible loss of data
  (compiling source file 'EspLines/Loot/LootScanner.cpp')
  
C:\Users\SANDY\OneDrive\Desktop\PROJECT\OZALERX_INTERNAL\INTERNAL\examples\example_win32_directx11\EspLines\Math\Vector\Vector3.hpp(339,13): warning C4244: '=': conversion from 'double' to 'float', possible loss of data
  (compiling source file 'EspLines/Loot/LootScanner.cpp')
  
C:\Users\SANDY\OneDrive\Desktop\PROJECT\OZALERX_INTERNAL\INTERNAL\examples\example_win32_directx11\EspLines\Math\Vector\Vector3.hpp(340,13): warning C4244: '=': conversion from 'double' to 'float', possible loss of data
  (compiling source file 'EspLines/Loot/LootScanner.cpp')
  
C:\Users\SANDY\OneDrive\Desktop\PROJECT\OZALERX_INTERNAL\INTERNAL\examples\example_win32_directx11\EspLines\Math\Vector\Vector3.hpp(341,16): warning C4244: 'return': conversion from 'double' to 'float', possible loss of data
  (compiling source file 'EspLines/Loot/LootScanner.cpp')
  
C:\Users\SANDY\OneDrive\Desktop\PROJECT\OZALERX_INTERNAL\INTERNAL\examples\example_win32_directx11\EspLines\Math\Vector\Vector3.hpp(378,28): warning C4244: '=': conversion from 'double' to 'float', possible loss of data
  (compiling source file 'EspLines/Loot/LootScanner.cpp')
  
C:\Users\SANDY\OneDrive\Desktop\PROJECT\OZALERX_INTERNAL\INTERNAL\examples\example_win32_directx11\EspLines\Math\Vector\Vector3.hpp(379,28): warning C4244: '=': conversion from 'double' to 'float', possible loss of data
  (compiling source file 'EspLines/Loot/LootScanner.cpp')
  
C:\Users\SANDY\OneDrive\Desktop\PROJECT\OZALERX_INTERNAL\INTERNAL\examples\example_win32_directx11\EspLines\Math\Vector\Vector3.hpp(380,15): warning C4244: '=': conversion from 'double' to 'float', possible loss of data
  (compiling source file 'EspLines/Loot/LootScanner.cpp')
  
C:\Users\SANDY\OneDrive\Desktop\PROJECT\OZALERX_INTERNAL\INTERNAL\examples\example_win32_directx11\EspLines\Math\Vector\Vector3.hpp(398,16): warning C4244: 'return': conversion from 'double' to 'float', possible loss of data
  (compiling source file 'EspLines/Loot/LootScanner.cpp')
  
C:\Users\SANDY\OneDrive\Desktop\PROJECT\OZALERX_INTERNAL\INTERNAL\examples\example_win32_directx11\EspLines\Math\Vector\Vector3.hpp(480,18): warning C4244: '=': conversion from 'double' to 'float', possible loss of data
  (compiling source file 'EspLines/Loot/LootScanner.cpp')
  
C:\Users\SANDY\OneDrive\Desktop\PROJECT\OZALERX_INTERNAL\INTERNAL\examples\example_win32_directx11\EspLines\Math\Vector\Vector3.hpp(481,18): warning C4244: '=': conversion from 'double' to 'float', possible loss of data
  (compiling source file 'EspLines/Loot/LootScanner.cpp')
  
C:\Users\SANDY\OneDrive\Desktop\PROJECT\OZALERX_INTERNAL\INTERNAL\examples\example_win32_directx11\EspLines\Math\Vector\Vector3.hpp(492,72): warning C4305: 'argument': truncation from 'double' to 'float'
  (compiling source file 'EspLines/Loot/LootScanner.cpp')
  
C:\Users\SANDY\OneDrive\Desktop\PROJECT\OZALERX_INTERNAL\INTERNAL\examples\example_win32_directx11\EspLines\Math\Vector\Vector3.hpp(492,66): warning C4305: 'argument': truncation from 'double' to 'float'
  (compiling source file 'EspLines/Loot/LootScanner.cpp')
  
C:\Users\SANDY\OneDrive\Desktop\PROJECT\OZALERX_INTERNAL\INTERNAL\examples\example_win32_directx11\EspLines\Math\Vector\Vector3.hpp(492,60): warning C4305: 'argument': truncation from 'double' to 'float'
  (compiling source file 'EspLines/Loot/LootScanner.cpp')
  
C:\Users\SANDY\OneDrive\Desktop\PROJECT\OZALERX_INTERNAL\INTERNAL\examples\example_win32_directx11\EspLines\Math\Vector\Vector3.hpp(496,38): warning C4244: 'argument': conversion from 'double' to 'const float', possible loss of data
  (compiling source file 'EspLines/Loot/LootScanner.cpp')
  
C:\Users\SANDY\OneDrive\Desktop\PROJECT\OZALERX_INTERNAL\INTERNAL\examples\example_win32_directx11\EspLines\Math\Vector\Vector3.hpp(497,35): warning C4244: 'argument': conversion from 'double' to 'const float', possible loss of data
  (compiling source file 'EspLines/Loot/LootScanner.cpp')
  
C:\Users\SANDY\OneDrive\Desktop\PROJECT\OZALERX_INTERNAL\INTERNAL\examples\example_win32_directx11\EspLines\Math\Vector\Vector3.hpp(520,15): warning C4244: '=': conversion from 'double' to 'float', possible loss of data
  (compiling source file 'EspLines/Loot/LootScanner.cpp')
  
C:\Users\SANDY\OneDrive\Desktop\PROJECT\OZALERX_INTERNAL\INTERNAL\examples\example_win32_directx11\EspLines\Math\Vector\Vector3.hpp(521,15): warning C4244: '=': conversion from 'double' to 'float', possible loss of data
  (compiling source file 'EspLines/Loot/LootScanner.cpp')
  
C:\Users\SANDY\OneDrive\Desktop\PROJECT\OZALERX_INTERNAL\INTERNAL\examples\example_win32_directx11\EspLines\Math\Vector\Vector3.hpp(522,17): warning C4244: 'initializing': conversion from 'double' to 'float', possible loss of data
  (compiling source file 'EspLines/Loot/LootScanner.cpp')
  
C:\Users\SANDY\OneDrive\Desktop\PROJECT\OZALERX_INTERNAL\INTERNAL\examples\example_win32_directx11\EspLines\Math\Vector\Vector3.hpp(524,29): warning C4244: 'argument': conversion from 'double' to 'const float', possible loss of data
  (compiling source file 'EspLines/Loot/LootScanner.cpp')
  
C:\Users\SANDY\OneDrive\Desktop\PROJECT\OZALERX_INTERNAL\INTERNAL\examples\example_win32_directx11\EspLines\Math\Vector\Vector3.hpp(524,56): warning C4244: 'argument': conversion from 'double' to 'const float', possible loss of data
  (compiling source file 'EspLines/Loot/LootScanner.cpp')
  
C:\Users\SANDY\OneDrive\Desktop\PROJECT\OZALERX_INTERNAL\INTERNAL\examples\example_win32_directx11\EspLines\Math\Vector\Vector3.hpp(538,13): warning C4244: '=': conversion from 'double' to 'float', possible loss of data
  (compiling source file 'EspLines/Loot/LootScanner.cpp')
  
C:\Users\SANDY\OneDrive\Desktop\PROJECT\OZALERX_INTERNAL\INTERNAL\examples\example_win32_directx11\EspLines\Math\Vector\Vector3.hpp(539,13): warning C4244: '=': conversion from 'double' to 'float', possible loss of data
  (compiling source file 'EspLines/Loot/LootScanner.cpp')
  
C:\Users\SANDY\OneDrive\Desktop\PROJECT\OZALERX_INTERNAL\INTERNAL\examples\example_win32_directx11\EspLines\Math\Vector\Vector3.hpp(540,17): warning C4244: '=': conversion from 'double' to 'float', possible loss of data
  (compiling source file 'EspLines/Loot/LootScanner.cpp')
  
C:\Users\SANDY\OneDrive\Desktop\PROJECT\OZALERX_INTERNAL\INTERNAL\examples\example_win32_directx11\EspLines\Math\Vector\Vector3.hpp(541,16): warning C4244: '=': conversion from 'double' to 'float', possible loss of data
  (compiling source file 'EspLines/Loot/LootScanner.cpp')
  
C:\Users\SANDY\OneDrive\Desktop\PROJECT\OZALERX_INTERNAL\INTERNAL\examples\example_win32_directx11\EspLines\Math\Vector\Vector3.hpp(604,21): warning C4312: 'type cast': conversion from 'int' to 'const char *' of greater size
  (compiling source file 'EspLines/Loot/LootScanner.cpp')
  
C:\Users\SANDY\OneDrive\Desktop\PROJECT\OZALERX_INTERNAL\INTERNAL\examples\example_win32_directx11\EspLines\Math\Vector\Vector3.hpp(605,21): warning C4312: 'type cast': conversion from 'int' to 'const char *' of greater size
  (compiling source file 'EspLines/Loot/LootScanner.cpp')
  
C:\Users\SANDY\OneDrive\Desktop\PROJECT\OZALERX_INTERNAL\INTERNAL\examples\example_win32_directx11\EspLines\Math\Vector\Vector3.hpp(606,21): warning C4312: 'type cast': conversion from 'int' to 'const char *' of greater size
  (compiling source file 'EspLines/Loot/LootScanner.cpp')
  
C:\Users\SANDY\OneDrive\Desktop\PROJECT\OZALERX_INTERNAL\INTERNAL\examples\example_win32_directx11\EspLines\Math\Quaternion.hpp(102,9): warning C4201: nonstandard extension used: nameless struct/union
  (compiling source file 'EspLines/Loot/LootScanner.cpp')
  
C:\Users\SANDY\OneDrive\Desktop\PROJECT\OZALERX_INTERNAL\INTERNAL\examples\example_win32_directx11\EspLines\Math\Quaternion.hpp(348,37): warning C4244: 'return': conversion from 'double' to 'float', possible loss of data
  (compiling source file 'EspLines/Loot/LootScanner.cpp')
  
C:\Users\SANDY\OneDrive\Desktop\PROJECT\OZALERX_INTERNAL\INTERNAL\examples\example_win32_directx11\EspLines\Math\Quaternion.hpp(380,14): warning C4244: 'initializing': conversion from 'double' to 'float', possible loss of data
  (compiling source file 'EspLines/Loot/LootScanner.cpp')
  
C:\Users\SANDY\OneDrive\Desktop\PROJECT\OZALERX_INTERNAL\INTERNAL\examples\example_win32_directx11\EspLines\Math\Quaternion.hpp(381,14): warning C4244: 'initializing': conversion from 'double' to 'float', possible loss of data
  (compiling source file 'EspLines/Loot/LootScanner.cpp')
  
C:\Users\SANDY\OneDrive\Desktop\PROJECT\OZALERX_INTERNAL\INTERNAL\examples\example_win32_directx11\EspLines\Math\Quaternion.hpp(382,14): warning C4244: 'initializing': conversion from 'double' to 'float', possible loss of data
  (compiling source file 'EspLines/Loot/LootScanner.cpp')
  
C:\Users\SANDY\OneDrive\Desktop\PROJECT\OZALERX_INTERNAL\INTERNAL\examples\example_win32_directx11\EspLines\Math\Quaternion.hpp(383,14): warning C4244: 'initializing': conversion from 'double' to 'float', possible loss of data
  (compiling source file 'EspLines/Loot/LootScanner.cpp')
  
C:\Users\SANDY\OneDrive\Desktop\PROJECT\OZALERX_INTERNAL\INTERNAL\examples\example_win32_directx11\EspLines\Math\Quaternion.hpp(384,14): warning C4244: 'initializing': conversion from 'double' to 'float', possible loss of data
  (compiling source file 'EspLines/Loot/LootScanner.cpp')
  
C:\Users\SANDY\OneDrive\Desktop\PROJECT\OZALERX_INTERNAL\INTERNAL\examples\example_win32_directx11\EspLines\Math\Quaternion.hpp(385,14): warning C4244: 'initializing': conversion from 'double' to 'float', possible loss of data
  (compiling source file 'EspLines/Loot/LootScanner.cpp')
  
C:\Users\SANDY\OneDrive\Desktop\PROJECT\OZALERX_INTERNAL\INTERNAL\examples\example_win32_directx11\EspLines\Math\Quaternion.hpp(455,45): warning C4244: '=': conversion from 'double' to 'float', possible loss of data
  (compiling source file 'EspLines/Loot/LootScanner.cpp')
  
C:\Users\SANDY\OneDrive\Desktop\PROJECT\OZALERX_INTERNAL\INTERNAL\examples\example_win32_directx11\EspLines\Math\Quaternion.hpp(456,21): warning C4244: 'initializing': conversion from 'double' to 'float', possible loss of data
  (compiling source file 'EspLines/Loot/LootScanner.cpp')
  
C:\Users\SANDY\OneDrive\Desktop\PROJECT\OZALERX_INTERNAL\INTERNAL\examples\example_win32_directx11\EspLines\Math\Quaternion.hpp(463,68): warning C4244: '=': conversion from 'double' to 'float', possible loss of data
  (compiling source file 'EspLines/Loot/LootScanner.cpp')
  
C:\Users\SANDY\OneDrive\Desktop\PROJECT\OZALERX_INTERNAL\INTERNAL\examples\example_win32_directx11\EspLines\Math\Quaternion.hpp(464,21): warning C4244: 'initializing': conversion from 'double' to 'float', possible loss of data
  (compiling source file 'EspLines/Loot/LootScanner.cpp')
  
C:\Users\SANDY\OneDrive\Desktop\PROJECT\OZALERX_INTERNAL\INTERNAL\examples\example_win32_directx11\EspLines\Math\Quaternion.hpp(471,68): warning C4244: '=': conversion from 'double' to 'float', possible loss of data
  (compiling source file 'EspLines/Loot/LootScanner.cpp')
  
C:\Users\SANDY\OneDrive\Desktop\PROJECT\OZALERX_INTERNAL\INTERNAL\examples\example_win32_directx11\EspLines\Math\Quaternion.hpp(472,21): warning C4244: 'initializing': conversion from 'double' to 'float', possible loss of data
  (compiling source file 'EspLines/Loot/LootScanner.cpp')
  
C:\Users\SANDY\OneDrive\Desktop\PROJECT\OZALERX_INTERNAL\INTERNAL\examples\example_win32_directx11\EspLines\Math\Quaternion.hpp(479,68): warning C4244: '=': conversion from 'double' to 'float', possible loss of data
  (compiling source file 'EspLines/Loot/LootScanner.cpp')
  
C:\Users\SANDY\OneDrive\Desktop\PROJECT\OZALERX_INTERNAL\INTERNAL\examples\example_win32_directx11\EspLines\Math\Quaternion.hpp(480,21): warning C4244: 'initializing': conversion from 'double' to 'float', possible loss of data
  (compiling source file 'EspLines/Loot/LootScanner.cpp')
  
C:\Users\SANDY\OneDrive\Desktop\PROJECT\OZALERX_INTERNAL\INTERNAL\examples\example_win32_directx11\EspLines\Math\Quaternion.hpp(507,27): warning C4244: '=': conversion from 'double' to 'float', possible loss of data
  (compiling source file 'EspLines/Loot/LootScanner.cpp')
  
C:\Users\SANDY\OneDrive\Desktop\PROJECT\OZALERX_INTERNAL\INTERNAL\examples\example_win32_directx11\EspLines\Math\Quaternion.hpp(508,13): warning C4244: 'initializing': conversion from 'double' to 'float', possible loss of data
  (compiling source file 'EspLines/Loot/LootScanner.cpp')
  
C:\Users\SANDY\OneDrive\Desktop\PROJECT\OZALERX_INTERNAL\INTERNAL\examples\example_win32_directx11\EspLines\Math\Quaternion.hpp(582,15): warning C4305: '=': truncation from 'double' to 'float'
  (compiling source file 'EspLines/Loot/LootScanner.cpp')
  
C:\Users\SANDY\OneDrive\Desktop\PROJECT\OZALERX_INTERNAL\INTERNAL\examples\example_win32_directx11\EspLines\Math\Quaternion.hpp(590,15): warning C4305: '=': truncation from 'double' to 'float'
  (compiling source file 'EspLines/Loot/LootScanner.cpp')
  
C:\Users\SANDY\OneDrive\Desktop\PROJECT\OZALERX_INTERNAL\INTERNAL\examples\example_win32_directx11\EspLines\Math\Quaternion.hpp(698,36): warning C4244: 'argument': conversion from 'double' to 'const float', possible loss of data
  (compiling source file 'EspLines/Loot/LootScanner.cpp')
  
  Compiling...
  LootVisual.cpp
C:\Users\SANDY\OneDrive\Desktop\PROJECT\OZALERX_INTERNAL\INTERNAL\examples\example_win32_directx11\EspLines\Loot\LootVisual.cpp(1,9): warning C4005: 'IMGUI_DEFINE_MATH_OPERATORS': macro redefinition
      C:\Users\SANDY\OneDrive\Desktop\PROJECT\OZALERX_INTERNAL\INTERNAL\examples\example_win32_directx11\EspLines\Loot\LootVisual.cpp(1,9):
      'IMGUI_DEFINE_MATH_OPERATORS' previously declared on the command line
  
C:\Users\SANDY\OneDrive\Desktop\PROJECT\OZALERX_INTERNAL\INTERNAL\examples\example_win32_directx11\EspLines\Math\Vector\Vector3.hpp(11,9): warning C4201: nonstandard extension used: nameless struct/union
  (compiling source file 'EspLines/Loot/LootVisual.cpp')
  
C:\Users\SANDY\OneDrive\Desktop\PROJECT\OZALERX_INTERNAL\INTERNAL\examples\example_win32_directx11\EspLines\Math\Vector\Vector3.hpp(42,20): warning C4244: 'return': conversion from 'double' to 'float', possible loss of data
  (compiling source file 'EspLines/Loot/LootVisual.cpp')
  
C:\Users\SANDY\OneDrive\Desktop\PROJECT\OZALERX_INTERNAL\INTERNAL\examples\example_win32_directx11\EspLines\Math\Vector\Vector3.hpp(339,13): warning C4244: '=': conversion from 'double' to 'float', possible loss of data
  (compiling source file 'EspLines/Loot/LootVisual.cpp')
  
C:\Users\SANDY\OneDrive\Desktop\PROJECT\OZALERX_INTERNAL\INTERNAL\examples\example_win32_directx11\EspLines\Math\Vector\Vector3.hpp(340,13): warning C4244: '=': conversion from 'double' to 'float', possible loss of data
  (compiling source file 'EspLines/Loot/LootVisual.cpp')
  
C:\Users\SANDY\OneDrive\Desktop\PROJECT\OZALERX_INTERNAL\INTERNAL\examples\example_win32_directx11\EspLines\Math\Vector\Vector3.hpp(341,16): warning C4244: 'return': conversion from 'double' to 'float', possible loss of data
  (compiling source file 'EspLines/Loot/LootVisual.cpp')
  
C:\Users\SANDY\OneDrive\Desktop\PROJECT\OZALERX_INTERNAL\INTERNAL\examples\example_win32_directx11\EspLines\Math\Vector\Vector3.hpp(378,28): warning C4244: '=': conversion from 'double' to 'float', possible loss of data
  (compiling source file 'EspLines/Loot/LootVisual.cpp')
  
C:\Users\SANDY\OneDrive\Desktop\PROJECT\OZALERX_INTERNAL\INTERNAL\examples\example_win32_directx11\EspLines\Math\Vector\Vector3.hpp(379,28): warning C4244: '=': conversion from 'double' to 'float', possible loss of data
  (compiling source file 'EspLines/Loot/LootVisual.cpp')
  
C:\Users\SANDY\OneDrive\Desktop\PROJECT\OZALERX_INTERNAL\INTERNAL\examples\example_win32_directx11\EspLines\Math\Vector\Vector3.hpp(380,15): warning C4244: '=': conversion from 'double' to 'float', possible loss of data
  (compiling source file 'EspLines/Loot/LootVisual.cpp')
  
C:\Users\SANDY\OneDrive\Desktop\PROJECT\OZALERX_INTERNAL\INTERNAL\examples\example_win32_directx11\EspLines\Math\Vector\Vector3.hpp(398,16): warning C4244: 'return': conversion from 'double' to 'float', possible loss of data
  (compiling source file 'EspLines/Loot/LootVisual.cpp')
  
C:\Users\SANDY\OneDrive\Desktop\PROJECT\OZALERX_INTERNAL\INTERNAL\examples\example_win32_directx11\EspLines\Math\Vector\Vector3.hpp(480,18): warning C4244: '=': conversion from 'double' to 'float', possible loss of data
  (compiling source file 'EspLines/Loot/LootVisual.cpp')
  
C:\Users\SANDY\OneDrive\Desktop\PROJECT\OZALERX_INTERNAL\INTERNAL\examples\example_win32_directx11\EspLines\Math\Vector\Vector3.hpp(481,18): warning C4244: '=': conversion from 'double' to 'float', possible loss of data
  (compiling source file 'EspLines/Loot/LootVisual.cpp')
  
C:\Users\SANDY\OneDrive\Desktop\PROJECT\OZALERX_INTERNAL\INTERNAL\examples\example_win32_directx11\EspLines\Math\Vector\Vector3.hpp(492,72): warning C4305: 'argument': truncation from 'double' to 'float'
  (compiling source file 'EspLines/Loot/LootVisual.cpp')
  
C:\Users\SANDY\OneDrive\Desktop\PROJECT\OZALERX_INTERNAL\INTERNAL\examples\example_win32_directx11\EspLines\Math\Vector\Vector3.hpp(492,66): warning C4305: 'argument': truncation from 'double' to 'float'
  (compiling source file 'EspLines/Loot/LootVisual.cpp')
  
C:\Users\SANDY\OneDrive\Desktop\PROJECT\OZALERX_INTERNAL\INTERNAL\examples\example_win32_directx11\EspLines\Math\Vector\Vector3.hpp(492,60): warning C4305: 'argument': truncation from 'double' to 'float'
  (compiling source file 'EspLines/Loot/LootVisual.cpp')
  
C:\Users\SANDY\OneDrive\Desktop\PROJECT\OZALERX_INTERNAL\INTERNAL\examples\example_win32_directx11\EspLines\Math\Vector\Vector3.hpp(496,38): warning C4244: 'argument': conversion from 'double' to 'const float', possible loss of data
  (compiling source file 'EspLines/Loot/LootVisual.cpp')
  
C:\Users\SANDY\OneDrive\Desktop\PROJECT\OZALERX_INTERNAL\INTERNAL\examples\example_win32_directx11\EspLines\Math\Vector\Vector3.hpp(497,35): warning C4244: 'argument': conversion from 'double' to 'const float', possible loss of data
  (compiling source file 'EspLines/Loot/LootVisual.cpp')
  
C:\Users\SANDY\OneDrive\Desktop\PROJECT\OZALERX_INTERNAL\INTERNAL\examples\example_win32_directx11\EspLines\Math\Vector\Vector3.hpp(520,15): warning C4244: '=': conversion from 'double' to 'float', possible loss of data
  (compiling source file 'EspLines/Loot/LootVisual.cpp')
  
C:\Users\SANDY\OneDrive\Desktop\PROJECT\OZALERX_INTERNAL\INTERNAL\examples\example_win32_directx11\EspLines\Math\Vector\Vector3.hpp(521,15): warning C4244: '=': conversion from 'double' to 'float', possible loss of data
  (compiling source file 'EspLines/Loot/LootVisual.cpp')
  
C:\Users\SANDY\OneDrive\Desktop\PROJECT\OZALERX_INTERNAL\INTERNAL\examples\example_win32_directx11\EspLines\Math\Vector\Vector3.hpp(522,17): warning C4244: 'initializing': conversion from 'double' to 'float', possible loss of data
  (compiling source file 'EspLines/Loot/LootVisual.cpp')
  
C:\Users\SANDY\OneDrive\Desktop\PROJECT\OZALERX_INTERNAL\INTERNAL\examples\example_win32_directx11\EspLines\Math\Vector\Vector3.hpp(524,29): warning C4244: 'argument': conversion from 'double' to 'const float', possible loss of data
  (compiling source file 'EspLines/Loot/LootVisual.cpp')
  
C:\Users\SANDY\OneDrive\Desktop\PROJECT\OZALERX_INTERNAL\INTERNAL\examples\example_win32_directx11\EspLines\Math\Vector\Vector3.hpp(524,56): warning C4244: 'argument': conversion from 'double' to 'const float', possible loss of data
  (compiling source file 'EspLines/Loot/LootVisual.cpp')
  
C:\Users\SANDY\OneDrive\Desktop\PROJECT\OZALERX_INTERNAL\INTERNAL\examples\example_win32_directx11\EspLines\Math\Vector\Vector3.hpp(538,13): warning C4244: '=': conversion from 'double' to 'float', possible loss of data
  (compiling source file 'EspLines/Loot/LootVisual.cpp')
  
C:\Users\SANDY\OneDrive\Desktop\PROJECT\OZALERX_INTERNAL\INTERNAL\examples\example_win32_directx11\EspLines\Math\Vector\Vector3.hpp(539,13): warning C4244: '=': conversion from 'double' to 'float', possible loss of data
  (compiling source file 'EspLines/Loot/LootVisual.cpp')
  
C:\Users\SANDY\OneDrive\Desktop\PROJECT\OZALERX_INTERNAL\INTERNAL\examples\example_win32_directx11\EspLines\Math\Vector\Vector3.hpp(540,17): warning C4244: '=': conversion from 'double' to 'float', possible loss of data
  (compiling source file 'EspLines/Loot/LootVisual.cpp')
  
C:\Users\SANDY\OneDrive\Desktop\PROJECT\OZALERX_INTERNAL\INTERNAL\examples\example_win32_directx11\EspLines\Math\Vector\Vector3.hpp(541,16): warning C4244: '=': conversion from 'double' to 'float', possible loss of data
  (compiling source file 'EspLines/Loot/LootVisual.cpp')
  
C:\Users\SANDY\OneDrive\Desktop\PROJECT\OZALERX_INTERNAL\INTERNAL\examples\example_win32_directx11\EspLines\Math\Vector\Vector3.hpp(604,21): warning C4312: 'type cast': conversion from 'int' to 'const char *' of greater size
  (compiling source file 'EspLines/Loot/LootVisual.cpp')
  
C:\Users\SANDY\OneDrive\Desktop\PROJECT\OZALERX_INTERNAL\INTERNAL\examples\example_win32_directx11\EspLines\Math\Vector\Vector3.hpp(605,21): warning C4312: 'type cast': conversion from 'int' to 'const char *' of greater size
  (compiling source file 'EspLines/Loot/LootVisual.cpp')
  
C:\Users\SANDY\OneDrive\Desktop\PROJECT\OZALERX_INTERNAL\INTERNAL\examples\example_win32_directx11\EspLines\Math\Vector\Vector3.hpp(606,21): warning C4312: 'type cast': conversion from 'int' to 'const char *' of greater size
  (compiling source file 'EspLines/Loot/LootVisual.cpp')
  
C:\Users\SANDY\OneDrive\Desktop\PROJECT\OZALERX_INTERNAL\INTERNAL\examples\example_win32_directx11\EspLines\Math\Vector\Vector2.hpp(10,9): warning C4201: nonstandard extension used: nameless struct/union
  (compiling source file 'EspLines/Loot/LootVisual.cpp')
  
C:\Users\SANDY\OneDrive\Desktop\PROJECT\OZALERX_INTERNAL\INTERNAL\examples\example_win32_directx11\EspLines\Math\Vector\Vector2.hpp(295,13): warning C4244: '=': conversion from 'double' to 'float', possible loss of data
  (compiling source file 'EspLines/Loot/LootVisual.cpp')
  
C:\Users\SANDY\OneDrive\Desktop\PROJECT\OZALERX_INTERNAL\INTERNAL\examples\example_win32_directx11\EspLines\Math\Vector\Vector2.hpp(296,13): warning C4244: '=': conversion from 'double' to 'float', possible loss of data
  (compiling source file 'EspLines/Loot/LootVisual.cpp')
  
C:\Users\SANDY\OneDrive\Desktop\PROJECT\OZALERX_INTERNAL\INTERNAL\examples\example_win32_directx11\EspLines\Math\Vector\Vector2.hpp(449,15): warning C4244: '=': conversion from 'double' to 'float', possible loss of data
  (compiling source file 'EspLines/Loot/LootVisual.cpp')
  
C:\Users\SANDY\OneDrive\Desktop\PROJECT\OZALERX_INTERNAL\INTERNAL\examples\example_win32_directx11\EspLines\Math\Vector\Vector2.hpp(450,15): warning C4244: '=': conversion from 'double' to 'float', possible loss of data
  (compiling source file 'EspLines/Loot/LootVisual.cpp')
  
  Compiling...
  adb.cpp
C:\Users\SANDY\OneDrive\Desktop\PROJECT\OZALERX_INTERNAL\INTERNAL\examples\example_win32_directx11\src\adb\adb.cpp(268,31): warning C4127: conditional expression is constant
      C:\Users\SANDY\OneDrive\Desktop\PROJECT\OZALERX_INTERNAL\INTERNAL\examples\example_win32_directx11\src\adb\adb.cpp(268,31):
      consider using 'if constexpr' statement instead
  
C:\Users\SANDY\OneDrive\Desktop\PROJECT\OZALERX_INTERNAL\INTERNAL\examples\example_win32_directx11\src\adb\adb.cpp(329,70): warning C4267: 'argument': conversion from 'size_t' to 'DWORD', possible loss of data
C:\Users\SANDY\OneDrive\Desktop\PROJECT\OZALERX_INTERNAL\INTERNAL\examples\example_win32_directx11\src\adb\adb.cpp(408,70): warning C4267: 'argument': conversion from 'size_t' to 'DWORD', possible loss of data
  Compiling...
  ProcessUtils.cpp
  Compiling...
  LootUI.cpp
C:\Users\SANDY\OneDrive\Desktop\PROJECT\OZALERX_INTERNAL\INTERNAL\examples\example_win32_directx11\EspLines\Loot\LootUI.cpp(3,9): warning C4005: 'IMGUI_DEFINE_MATH_OPERATORS': macro redefinition
      C:\Users\SANDY\OneDrive\Desktop\PROJECT\OZALERX_INTERNAL\INTERNAL\examples\example_win32_directx11\EspLines\Loot\LootUI.cpp(3,9):
      'IMGUI_DEFINE_MATH_OPERATORS' previously declared on the command line
  
C:\Users\SANDY\OneDrive\Desktop\PROJECT\OZALERX_INTERNAL\INTERNAL\SDK\Include\dxgitype.h(12,9): warning C4005: 'DXGI_STATUS_OCCLUDED': macro redefinition
  (compiling source file 'EspLines/Loot/LootUI.cpp')
      C:\Program Files (x86)\Windows Kits\10\Include\10.0.26100.0\shared\winerror.h(59282,9):
      see previous definition of 'DXGI_STATUS_OCCLUDED'
  
C:\Users\SANDY\OneDrive\Desktop\PROJECT\OZALERX_INTERNAL\INTERNAL\SDK\Include\dxgitype.h(13,9): warning C4005: 'DXGI_STATUS_CLIPPED': macro redefinition
  (compiling source file 'EspLines/Loot/LootUI.cpp')
      C:\Program Files (x86)\Windows Kits\10\Include\10.0.26100.0\shared\winerror.h(59291,9):
      see previous definition of 'DXGI_STATUS_CLIPPED'
  
C:\Users\SANDY\OneDrive\Desktop\PROJECT\OZALERX_INTERNAL\INTERNAL\SDK\Include\dxgitype.h(14,9): warning C4005: 'DXGI_STATUS_NO_REDIRECTION': macro redefinition
  (compiling source file 'EspLines/Loot/LootUI.cpp')
      C:\Program Files (x86)\Windows Kits\10\Include\10.0.26100.0\shared\winerror.h(59300,9):
      see previous definition of 'DXGI_STATUS_NO_REDIRECTION'
  
C:\Users\SANDY\OneDrive\Desktop\PROJECT\OZALERX_INTERNAL\INTERNAL\SDK\Include\dxgitype.h(15,9): warning C4005: 'DXGI_STATUS_NO_DESKTOP_ACCESS': macro redefinition
  (compiling source file 'EspLines/Loot/LootUI.cpp')
      C:\Program Files (x86)\Windows Kits\10\Include\10.0.26100.0\shared\winerror.h(59309,9):
      see previous definition of 'DXGI_STATUS_NO_DESKTOP_ACCESS'
  
C:\Users\SANDY\OneDrive\Desktop\PROJECT\OZALERX_INTERNAL\INTERNAL\SDK\Include\dxgitype.h(16,9): warning C4005: 'DXGI_STATUS_GRAPHICS_VIDPN_SOURCE_IN_USE': macro redefinition
  (compiling source file 'EspLines/Loot/LootUI.cpp')
      C:\Program Files (x86)\Windows Kits\10\Include\10.0.26100.0\shared\winerror.h(59318,9):
      see previous definition of 'DXGI_STATUS_GRAPHICS_VIDPN_SOURCE_IN_USE'
  
C:\Users\SANDY\OneDrive\Desktop\PROJECT\OZALERX_INTERNAL\INTERNAL\SDK\Include\dxgitype.h(17,9): warning C4005: 'DXGI_STATUS_MODE_CHANGED': macro redefinition
  (compiling source file 'EspLines/Loot/LootUI.cpp')
      C:\Program Files (x86)\Windows Kits\10\Include\10.0.26100.0\shared\winerror.h(59327,9):
      see previous definition of 'DXGI_STATUS_MODE_CHANGED'
  
C:\Users\SANDY\OneDrive\Desktop\PROJECT\OZALERX_INTERNAL\INTERNAL\SDK\Include\dxgitype.h(18,9): warning C4005: 'DXGI_STATUS_MODE_CHANGE_IN_PROGRESS': macro redefinition
  (compiling source file 'EspLines/Loot/LootUI.cpp')
      C:\Program Files (x86)\Windows Kits\10\Include\10.0.26100.0\shared\winerror.h(59336,9):
      see previous definition of 'DXGI_STATUS_MODE_CHANGE_IN_PROGRESS'
  
C:\Users\SANDY\OneDrive\Desktop\PROJECT\OZALERX_INTERNAL\INTERNAL\SDK\Include\dxgitype.h(21,9): warning C4005: 'DXGI_ERROR_INVALID_CALL': macro redefinition
  (compiling source file 'EspLines/Loot/LootUI.cpp')
      C:\Program Files (x86)\Windows Kits\10\Include\10.0.26100.0\shared\winerror.h(59351,9):
      see previous definition of 'DXGI_ERROR_INVALID_CALL'
  
C:\Users\SANDY\OneDrive\Desktop\PROJECT\OZALERX_INTERNAL\INTERNAL\SDK\Include\dxgitype.h(22,9): warning C4005: 'DXGI_ERROR_NOT_FOUND': macro redefinition
  (compiling source file 'EspLines/Loot/LootUI.cpp')
      C:\Program Files (x86)\Windows Kits\10\Include\10.0.26100.0\shared\winerror.h(59360,9):
      see previous definition of 'DXGI_ERROR_NOT_FOUND'
  
C:\Users\SANDY\OneDrive\Desktop\PROJECT\OZALERX_INTERNAL\INTERNAL\SDK\Include\dxgitype.h(23,9): warning C4005: 'DXGI_ERROR_MORE_DATA': macro redefinition
  (compiling source file 'EspLines/Loot/LootUI.cpp')
      C:\Program Files (x86)\Windows Kits\10\Include\10.0.26100.0\shared\winerror.h(59369,9):
      see previous definition of 'DXGI_ERROR_MORE_DATA'
  
C:\Users\SANDY\OneDrive\Desktop\PROJECT\OZALERX_INTERNAL\INTERNAL\SDK\Include\dxgitype.h(24,9): warning C4005: 'DXGI_ERROR_UNSUPPORTED': macro redefinition
  (compiling source file 'EspLines/Loot/LootUI.cpp')
      C:\Program Files (x86)\Windows Kits\10\Include\10.0.26100.0\shared\winerror.h(59378,9):
      see previous definition of 'DXGI_ERROR_UNSUPPORTED'
  
C:\Users\SANDY\OneDrive\Desktop\PROJECT\OZALERX_INTERNAL\INTERNAL\SDK\Include\dxgitype.h(25,9): warning C4005: 'DXGI_ERROR_DEVICE_REMOVED': macro redefinition
  (compiling source file 'EspLines/Loot/LootUI.cpp')
      C:\Program Files (x86)\Windows Kits\10\Include\10.0.26100.0\shared\winerror.h(59387,9):
      see previous definition of 'DXGI_ERROR_DEVICE_REMOVED'
  
C:\Users\SANDY\OneDrive\Desktop\PROJECT\OZALERX_INTERNAL\INTERNAL\SDK\Include\dxgitype.h(26,9): warning C4005: 'DXGI_ERROR_DEVICE_HUNG': macro redefinition
  (compiling source file 'EspLines/Loot/LootUI.cpp')
      C:\Program Files (x86)\Windows Kits\10\Include\10.0.26100.0\shared\winerror.h(59396,9):
      see previous definition of 'DXGI_ERROR_DEVICE_HUNG'
  
C:\Users\SANDY\OneDrive\Desktop\PROJECT\OZALERX_INTERNAL\INTERNAL\SDK\Include\dxgitype.h(27,9): warning C4005: 'DXGI_ERROR_DEVICE_RESET': macro redefinition
  (compiling source file 'EspLines/Loot/LootUI.cpp')
      C:\Program Files (x86)\Windows Kits\10\Include\10.0.26100.0\shared\winerror.h(59406,9):
      see previous definition of 'DXGI_ERROR_DEVICE_RESET'
  
C:\Users\SANDY\OneDrive\Desktop\PROJECT\OZALERX_INTERNAL\INTERNAL\SDK\Include\dxgitype.h(28,9): warning C4005: 'DXGI_ERROR_WAS_STILL_DRAWING': macro redefinition
  (compiling source file 'EspLines/Loot/LootUI.cpp')
      C:\Program Files (x86)\Windows Kits\10\Include\10.0.26100.0\shared\winerror.h(59415,9):
      see previous definition of 'DXGI_ERROR_WAS_STILL_DRAWING'
  
C:\Users\SANDY\OneDrive\Desktop\PROJECT\OZALERX_INTERNAL\INTERNAL\SDK\Include\dxgitype.h(29,9): warning C4005: 'DXGI_ERROR_FRAME_STATISTICS_DISJOINT': macro redefinition
  (compiling source file 'EspLines/Loot/LootUI.cpp')
      C:\Program Files (x86)\Windows Kits\10\Include\10.0.26100.0\shared\winerror.h(59425,9):
      see previous definition of 'DXGI_ERROR_FRAME_STATISTICS_DISJOINT'
  
C:\Users\SANDY\OneDrive\Desktop\PROJECT\OZALERX_INTERNAL\INTERNAL\SDK\Include\dxgitype.h(30,9): warning C4005: 'DXGI_ERROR_GRAPHICS_VIDPN_SOURCE_IN_USE': macro redefinition
  (compiling source file 'EspLines/Loot/LootUI.cpp')
      C:\Program Files (x86)\Windows Kits\10\Include\10.0.26100.0\shared\winerror.h(59434,9):
      see previous definition of 'DXGI_ERROR_GRAPHICS_VIDPN_SOURCE_IN_USE'
  
C:\Users\SANDY\OneDrive\Desktop\PROJECT\OZALERX_INTERNAL\INTERNAL\SDK\Include\dxgitype.h(31,9): warning C4005: 'DXGI_ERROR_DRIVER_INTERNAL_ERROR': macro redefinition
  (compiling source file 'EspLines/Loot/LootUI.cpp')
      C:\Program Files (x86)\Windows Kits\10\Include\10.0.26100.0\shared\winerror.h(59444,9):
      see previous definition of 'DXGI_ERROR_DRIVER_INTERNAL_ERROR'
  
C:\Users\SANDY\OneDrive\Desktop\PROJECT\OZALERX_INTERNAL\INTERNAL\SDK\Include\dxgitype.h(32,9): warning C4005: 'DXGI_ERROR_NONEXCLUSIVE': macro redefinition
  (compiling source file 'EspLines/Loot/LootUI.cpp')
      C:\Program Files (x86)\Windows Kits\10\Include\10.0.26100.0\shared\winerror.h(59453,9):
      see previous definition of 'DXGI_ERROR_NONEXCLUSIVE'
  
C:\Users\SANDY\OneDrive\Desktop\PROJECT\OZALERX_INTERNAL\INTERNAL\SDK\Include\dxgitype.h(33,9): warning C4005: 'DXGI_ERROR_NOT_CURRENTLY_AVAILABLE': macro redefinition
  (compiling source file 'EspLines/Loot/LootUI.cpp')
      C:\Program Files (x86)\Windows Kits\10\Include\10.0.26100.0\shared\winerror.h(59462,9):
      see previous definition of 'DXGI_ERROR_NOT_CURRENTLY_AVAILABLE'
  
C:\Users\SANDY\OneDrive\Desktop\PROJECT\OZALERX_INTERNAL\INTERNAL\SDK\Include\dxgitype.h(34,9): warning C4005: 'DXGI_ERROR_REMOTE_CLIENT_DISCONNECTED': macro redefinition
  (compiling source file 'EspLines/Loot/LootUI.cpp')
      C:\Program Files (x86)\Windows Kits\10\Include\10.0.26100.0\shared\winerror.h(59472,9):
      see previous definition of 'DXGI_ERROR_REMOTE_CLIENT_DISCONNECTED'
  
C:\Users\SANDY\OneDrive\Desktop\PROJECT\OZALERX_INTERNAL\INTERNAL\SDK\Include\dxgitype.h(35,9): warning C4005: 'DXGI_ERROR_REMOTE_OUTOFMEMORY': macro redefinition
  (compiling source file 'EspLines/Loot/LootUI.cpp')
      C:\Program Files (x86)\Windows Kits\10\Include\10.0.26100.0\shared\winerror.h(59481,9):
      see previous definition of 'DXGI_ERROR_REMOTE_OUTOFMEMORY'
  
C:\Users\SANDY\OneDrive\Desktop\PROJECT\OZALERX_INTERNAL\INTERNAL\SDK\Include\d3d11.h(917,9): warning C4005: 'D3D11_ERROR_TOO_MANY_UNIQUE_STATE_OBJECTS': macro redefinition
  (compiling source file 'EspLines/Loot/LootUI.cpp')
      C:\Program Files (x86)\Windows Kits\10\Include\10.0.26100.0\shared\winerror.h(59796,9):
      see previous definition of 'D3D11_ERROR_TOO_MANY_UNIQUE_STATE_OBJECTS'
  
C:\Users\SANDY\OneDrive\Desktop\PROJECT\OZALERX_INTERNAL\INTERNAL\SDK\Include\d3d11.h(918,9): warning C4005: 'D3D11_ERROR_FILE_NOT_FOUND': macro redefinition
  (compiling source file 'EspLines/Loot/LootUI.cpp')
      C:\Program Files (x86)\Windows Kits\10\Include\10.0.26100.0\shared\winerror.h(59805,9):
      see previous definition of 'D3D11_ERROR_FILE_NOT_FOUND'
  
C:\Users\SANDY\OneDrive\Desktop\PROJECT\OZALERX_INTERNAL\INTERNAL\SDK\Include\d3d11.h(919,9): warning C4005: 'D3D11_ERROR_TOO_MANY_UNIQUE_VIEW_OBJECTS': macro redefinition
  (compiling source file 'EspLines/Loot/LootUI.cpp')
      C:\Program Files (x86)\Windows Kits\10\Include\10.0.26100.0\shared\winerror.h(59815,9):
      see previous definition of 'D3D11_ERROR_TOO_MANY_UNIQUE_VIEW_OBJECTS'
  
C:\Users\SANDY\OneDrive\Desktop\PROJECT\OZALERX_INTERNAL\INTERNAL\SDK\Include\d3d11.h(920,9): warning C4005: 'D3D11_ERROR_DEFERRED_CONTEXT_MAP_WITHOUT_INITIAL_DISCARD': macro redefinition
  (compiling source file 'EspLines/Loot/LootUI.cpp')
      C:\Program Files (x86)\Windows Kits\10\Include\10.0.26100.0\shared\winerror.h(59824,9):
      see previous definition of 'D3D11_ERROR_DEFERRED_CONTEXT_MAP_WITHOUT_INITIAL_DISCARD'
  
C:\Users\SANDY\OneDrive\Desktop\PROJECT\OZALERX_INTERNAL\INTERNAL\SDK\Include\d3d10.h(608,9): warning C4005: 'D3D10_ERROR_TOO_MANY_UNIQUE_STATE_OBJECTS': macro redefinition
  (compiling source file 'EspLines/Loot/LootUI.cpp')
      C:\Program Files (x86)\Windows Kits\10\Include\10.0.26100.0\shared\winerror.h(59772,9):
      see previous definition of 'D3D10_ERROR_TOO_MANY_UNIQUE_STATE_OBJECTS'
  
C:\Users\SANDY\OneDrive\Desktop\PROJECT\OZALERX_INTERNAL\INTERNAL\SDK\Include\d3d10.h(609,9): warning C4005: 'D3D10_ERROR_FILE_NOT_FOUND': macro redefinition
  (compiling source file 'EspLines/Loot/LootUI.cpp')
      C:\Program Files (x86)\Windows Kits\10\Include\10.0.26100.0\shared\winerror.h(59781,9):
      see previous definition of 'D3D10_ERROR_FILE_NOT_FOUND'
  
C:\Users\SANDY\OneDrive\Desktop\PROJECT\OZALERX_INTERNAL\INTERNAL\examples\example_win32_directx11\ImGui\stt.hpp(206,42): warning C4100: 'swap_chain': unreferenced parameter
  (compiling source file 'EspLines/Loot/LootUI.cpp')
  
C:\Users\SANDY\OneDrive\Desktop\PROJECT\OZALERX_INTERNAL\INTERNAL\examples\example_win32_directx11\ImGui\stt.hpp(294,20): warning C4189: 'col': local variable is initialized but not referenced
  (compiling source file 'EspLines/Loot/LootUI.cpp')
  
C:\Users\SANDY\OneDrive\Desktop\PROJECT\OZALERX_INTERNAL\INTERNAL\imgui_settings.h(94,16): warning C4091: 'static ': ignored on left of 'c::glow_draws' when no variable is declared
  (compiling source file 'EspLines/Loot/LootUI.cpp')
  
C:\Users\SANDY\OneDrive\Desktop\PROJECT\OZALERX_INTERNAL\INTERNAL\examples\example_win32_directx11\ImGui\custom_popup.hpp(64,48): warning C4458: declaration of 'anim' hides class member
  (compiling source file 'EspLines/Loot/LootUI.cpp')
      C:\Users\SANDY\OneDrive\Desktop\PROJECT\OZALERX_INTERNAL\INTERNAL\examples\example_win32_directx11\ImGui\custom_popup.hpp(32,35):
      see declaration of 'custom_popup::anim'
  
C:\Users\SANDY\OneDrive\Desktop\PROJECT\OZALERX_INTERNAL\INTERNAL\examples\example_win32_directx11\ImGui\custom_popup.hpp(118,48): warning C4458: declaration of 'anim' hides class member
  (compiling source file 'EspLines/Loot/LootUI.cpp')
      C:\Users\SANDY\OneDrive\Desktop\PROJECT\OZALERX_INTERNAL\INTERNAL\examples\example_win32_directx11\ImGui\custom_popup.hpp(32,35):
      see declaration of 'custom_popup::anim'
  
C:\Users\SANDY\OneDrive\Desktop\PROJECT\OZALERX_INTERNAL\INTERNAL\examples\example_win32_directx11\ImGui\custom_popup.hpp(150,27): warning C4458: declaration of 'name' hides class member
  (compiling source file 'EspLines/Loot/LootUI.cpp')
      C:\Users\SANDY\OneDrive\Desktop\PROJECT\OZALERX_INTERNAL\INTERNAL\examples\example_win32_directx11\ImGui\custom_popup.hpp(17,17):
      see declaration of 'custom_popup::name'
  
C:\Users\SANDY\OneDrive\Desktop\PROJECT\OZALERX_INTERNAL\INTERNAL\examples\example_win32_directx11\ImGui\custom_popup.hpp(169,50): warning C4458: declaration of 'name' hides class member
  (compiling source file 'EspLines/Loot/LootUI.cpp')
      C:\Users\SANDY\OneDrive\Desktop\PROJECT\OZALERX_INTERNAL\INTERNAL\examples\example_win32_directx11\ImGui\custom_popup.hpp(17,17):
      see declaration of 'custom_popup::name'
  
C:\Users\SANDY\OneDrive\Desktop\PROJECT\OZALERX_INTERNAL\INTERNAL\examples\example_win32_directx11\ImGui\custom_popup.hpp(246,30): warning C4100: 'label': unreferenced parameter
  (compiling source file 'EspLines/Loot/LootUI.cpp')
  
C:\Users\SANDY\OneDrive\Desktop\PROJECT\OZALERX_INTERNAL\INTERNAL\examples\example_win32_directx11\ImGui\notify.h(6,9): warning C4005: '_WIN32_WINNT': macro redefinition
  (compiling source file 'EspLines/Loot/LootUI.cpp')
      C:\Program Files (x86)\Windows Kits\10\Include\10.0.26100.0\shared\sdkddkver.h(228,10):
      see previous definition of '_WIN32_WINNT'
  
C:\Users\SANDY\OneDrive\Desktop\PROJECT\OZALERX_INTERNAL\INTERNAL\examples\example_win32_directx11\ImGui\notify.h(118,55): warning C4458: declaration of 'type' hides class member
  (compiling source file 'EspLines/Loot/LootUI.cpp')
      C:\Users\SANDY\OneDrive\Desktop\PROJECT\OZALERX_INTERNAL\INTERNAL\examples\example_win32_directx11\ImGui\notify.h(96,20):
      see declaration of 'ImGuiToast::type'
  
C:\Users\SANDY\OneDrive\Desktop\PROJECT\OZALERX_INTERNAL\INTERNAL\examples\example_win32_directx11\ImGui\notify.h(275,25): warning C4459: declaration of 'title' hides global declaration
  (compiling source file 'EspLines/Loot/LootUI.cpp')
      C:\Users\SANDY\OneDrive\Desktop\PROJECT\OZALERX_INTERNAL\INTERNAL\imgui_settings.h(137,18):
      see declaration of 'c::child::title'
  
C:\Users\SANDY\OneDrive\Desktop\PROJECT\OZALERX_INTERNAL\INTERNAL\examples\example_win32_directx11\ImGui\notify.h(337,41): warning C4244: 'argument': conversion from 'float' to 'ImDrawFlags', possible loss of data
  (compiling source file 'EspLines/Loot/LootUI.cpp')
  
C:\Users\SANDY\OneDrive\Desktop\PROJECT\OZALERX_INTERNAL\INTERNAL\examples\example_win32_directx11\ImGui\notify.h(359,35): warning C4130: '==': logical operation on address of string constant
  (compiling source file 'EspLines/Loot/LootUI.cpp')
  
C:\Users\SANDY\OneDrive\Desktop\PROJECT\OZALERX_INTERNAL\INTERNAL\examples\example_win32_directx11\ImGui\notify.h(360,35): warning C4130: '==': logical operation on address of string constant
  (compiling source file 'EspLines/Loot/LootUI.cpp')
  
C:\Users\SANDY\OneDrive\Desktop\PROJECT\OZALERX_INTERNAL\INTERNAL\examples\example_win32_directx11\ImGui\notify.h(361,35): warning C4130: '==': logical operation on address of string constant
  (compiling source file 'EspLines/Loot/LootUI.cpp')
  
C:\Users\SANDY\OneDrive\Desktop\PROJECT\OZALERX_INTERNAL\INTERNAL\examples\example_win32_directx11\ImGui\notify.h(362,35): warning C4130: '==': logical operation on address of string constant
  (compiling source file 'EspLines/Loot/LootUI.cpp')
  
C:\Users\SANDY\OneDrive\Desktop\PROJECT\OZALERX_INTERNAL\INTERNAL\examples\example_win32_directx11\ImGui\notify.h(363,35): warning C4130: '==': logical operation on address of string constant
  (compiling source file 'EspLines/Loot/LootUI.cpp')
  
C:\Users\SANDY\OneDrive\Desktop\PROJECT\OZALERX_INTERNAL\INTERNAL\examples\example_win32_directx11\ImGui\notify.h(275,25): warning C4189: 'title': local variable is initialized but not referenced
  (compiling source file 'EspLines/Loot/LootUI.cpp')
  
C:\Users\SANDY\OneDrive\Desktop\PROJECT\OZALERX_INTERNAL\INTERNAL\examples\example_win32_directx11\ImGui\custom_widgets.hpp(275,113): warning C4459: declaration of 'speed' hides global declaration
  (compiling source file 'EspLines/Loot/LootUI.cpp')
      C:\Users\SANDY\OneDrive\Desktop\PROJECT\OZALERX_INTERNAL\INTERNAL\imgui_settings.h(125,16):
      see declaration of 'c::anim::speed'
  
C:\Users\SANDY\OneDrive\Desktop\PROJECT\OZALERX_INTERNAL\INTERNAL\examples\example_win32_directx11\ImGui\custom_widgets.hpp(284,15): warning C4091: 'static ': ignored on left of 'custom::chroma' when no variable is declared
  (compiling source file 'EspLines/Loot/LootUI.cpp')
  
C:\Users\SANDY\OneDrive\Desktop\PROJECT\OZALERX_INTERNAL\INTERNAL\examples\example_win32_directx11\ImGui\custom_widgets.hpp(357,16): warning C4130: '!=': logical operation on address of string constant
  (compiling source file 'EspLines/Loot/LootUI.cpp')
  
C:\Users\SANDY\OneDrive\Desktop\PROJECT\OZALERX_INTERNAL\INTERNAL\examples\example_win32_directx11\ImGui\custom_widgets.hpp(338,52): warning C4100: 'c2': unreferenced parameter
  (compiling source file 'EspLines/Loot/LootUI.cpp')
  
C:\Users\SANDY\OneDrive\Desktop\PROJECT\OZALERX_INTERNAL\INTERNAL\examples\example_win32_directx11\ImGui\custom_widgets.hpp(338,40): warning C4100: 'c1': unreferenced parameter
  (compiling source file 'EspLines/Loot/LootUI.cpp')
  
C:\Users\SANDY\OneDrive\Desktop\PROJECT\OZALERX_INTERNAL\INTERNAL\examples\example_win32_directx11\ImGui\custom_widgets.hpp(379,55): warning C4100: 'size': unreferenced parameter
  (compiling source file 'EspLines/Loot/LootUI.cpp')
  
C:\Users\SANDY\OneDrive\Desktop\PROJECT\OZALERX_INTERNAL\INTERNAL\examples\example_win32_directx11\EspLines\Math\Vector\Vector3.hpp(11,9): warning C4201: nonstandard extension used: nameless struct/union
  (compiling source file 'EspLines/Loot/LootUI.cpp')
  
C:\Users\SANDY\OneDrive\Desktop\PROJECT\OZALERX_INTERNAL\INTERNAL\examples\example_win32_directx11\EspLines\Math\Vector\Vector3.hpp(339,13): warning C4244: '=': conversion from 'double' to 'float', possible loss of data
  (compiling source file 'EspLines/Loot/LootUI.cpp')
  
C:\Users\SANDY\OneDrive\Desktop\PROJECT\OZALERX_INTERNAL\INTERNAL\examples\example_win32_directx11\EspLines\Math\Vector\Vector3.hpp(340,13): warning C4244: '=': conversion from 'double' to 'float', possible loss of data
  (compiling source file 'EspLines/Loot/LootUI.cpp')
  
C:\Users\SANDY\OneDrive\Desktop\PROJECT\OZALERX_INTERNAL\INTERNAL\examples\example_win32_directx11\EspLines\Math\Vector\Vector3.hpp(492,72): warning C4305: 'argument': truncation from 'double' to 'float'
  (compiling source file 'EspLines/Loot/LootUI.cpp')
  
C:\Users\SANDY\OneDrive\Desktop\PROJECT\OZALERX_INTERNAL\INTERNAL\examples\example_win32_directx11\EspLines\Math\Vector\Vector3.hpp(492,66): warning C4305: 'argument': truncation from 'double' to 'float'
  (compiling source file 'EspLines/Loot/LootUI.cpp')
  
C:\Users\SANDY\OneDrive\Desktop\PROJECT\OZALERX_INTERNAL\INTERNAL\examples\example_win32_directx11\EspLines\Math\Vector\Vector3.hpp(492,60): warning C4305: 'argument': truncation from 'double' to 'float'
  (compiling source file 'EspLines/Loot/LootUI.cpp')
  
C:\Users\SANDY\OneDrive\Desktop\PROJECT\OZALERX_INTERNAL\INTERNAL\examples\example_win32_directx11\EspLines\Math\Vector\Vector3.hpp(520,15): warning C4244: '=': conversion from 'double' to 'float', possible loss of data
  (compiling source file 'EspLines/Loot/LootUI.cpp')
  
C:\Users\SANDY\OneDrive\Desktop\PROJECT\OZALERX_INTERNAL\INTERNAL\examples\example_win32_directx11\EspLines\Math\Vector\Vector3.hpp(521,15): warning C4244: '=': conversion from 'double' to 'float', possible loss of data
  (compiling source file 'EspLines/Loot/LootUI.cpp')
  
C:\Users\SANDY\OneDrive\Desktop\PROJECT\OZALERX_INTERNAL\INTERNAL\examples\example_win32_directx11\EspLines\Math\Vector\Vector3.hpp(538,13): warning C4244: '=': conversion from 'double' to 'float', possible loss of data
  (compiling source file 'EspLines/Loot/LootUI.cpp')
  
C:\Users\SANDY\OneDrive\Desktop\PROJECT\OZALERX_INTERNAL\INTERNAL\examples\example_win32_directx11\EspLines\Math\Vector\Vector3.hpp(539,13): warning C4244: '=': conversion from 'double' to 'float', possible loss of data
  (compiling source file 'EspLines/Loot/LootUI.cpp')
  
C:\Users\SANDY\OneDrive\Desktop\PROJECT\OZALERX_INTERNAL\INTERNAL\examples\example_win32_directx11\EspLines\Math\Vector\Vector3.hpp(604,21): warning C4312: 'type cast': conversion from 'int' to 'const char *' of greater size
  (compiling source file 'EspLines/Loot/LootUI.cpp')
  
C:\Users\SANDY\OneDrive\Desktop\PROJECT\OZALERX_INTERNAL\INTERNAL\examples\example_win32_directx11\EspLines\Math\Vector\Vector3.hpp(605,21): warning C4312: 'type cast': conversion from 'int' to 'const char *' of greater size
  (compiling source file 'EspLines/Loot/LootUI.cpp')
  
C:\Users\SANDY\OneDrive\Desktop\PROJECT\OZALERX_INTERNAL\INTERNAL\examples\example_win32_directx11\EspLines\Math\Vector\Vector3.hpp(606,21): warning C4312: 'type cast': conversion from 'int' to 'const char *' of greater size
  (compiling source file 'EspLines/Loot/LootUI.cpp')
  
C:\Users\SANDY\OneDrive\Desktop\PROJECT\OZALERX_INTERNAL\INTERNAL\examples\example_win32_directx11\EspLines\Loot\LootUI.cpp(182,62): warning C4459: declaration of 'speed' hides global declaration
      C:\Users\SANDY\OneDrive\Desktop\PROJECT\OZALERX_INTERNAL\INTERNAL\imgui_settings.h(125,16):
      see declaration of 'c::anim::speed'
  
C:\Users\SANDY\OneDrive\Desktop\PROJECT\OZALERX_INTERNAL\INTERNAL\examples\example_win32_directx11\EspLines\Loot\LootUI.cpp(286,55): warning C4100: 'catCount': unreferenced parameter
C:\Users\SANDY\OneDrive\Desktop\PROJECT\OZALERX_INTERNAL\INTERNAL\examples\example_win32_directx11\EspLines\Loot\LootUI.cpp(629,21): warning C4459: declaration of 'title' hides global declaration
      C:\Users\SANDY\OneDrive\Desktop\PROJECT\OZALERX_INTERNAL\INTERNAL\imgui_settings.h(137,18):
      see declaration of 'c::child::title'
  
C:\Users\SANDY\OneDrive\Desktop\PROJECT\OZALERX_INTERNAL\INTERNAL\examples\example_win32_directx11\EspLines\Loot\LootUI.cpp(62,18): warning C4505: '`anonymous-namespace'::EaseOutQuad': unreferenced function with internal linkage has been removed
  Compiling...
  EclipseFontInit.cpp
C:\Users\SANDY\OneDrive\Desktop\PROJECT\OZALERX_INTERNAL\INTERNAL\examples\example_win32_directx11\src\Fonts\Fonts.hpp(3,9): warning C4005: 'IMGUI_DEFINE_MATH_OPERATORS': macro redefinition
  (compiling source file 'src/ui/EclipseFontInit.cpp')
      C:\Users\SANDY\OneDrive\Desktop\PROJECT\OZALERX_INTERNAL\INTERNAL\examples\example_win32_directx11\src\Fonts\Fonts.hpp(3,9):
      'IMGUI_DEFINE_MATH_OPERATORS' previously declared on the command line
  
C:\Users\SANDY\OneDrive\Desktop\PROJECT\OZALERX_INTERNAL\INTERNAL\SDK\Include\dxgitype.h(12,9): warning C4005: 'DXGI_STATUS_OCCLUDED': macro redefinition
  (compiling source file 'src/ui/EclipseFontInit.cpp')
      C:\Program Files (x86)\Windows Kits\10\Include\10.0.26100.0\shared\winerror.h(59282,9):
      see previous definition of 'DXGI_STATUS_OCCLUDED'
  
C:\Users\SANDY\OneDrive\Desktop\PROJECT\OZALERX_INTERNAL\INTERNAL\SDK\Include\dxgitype.h(13,9): warning C4005: 'DXGI_STATUS_CLIPPED': macro redefinition
  (compiling source file 'src/ui/EclipseFontInit.cpp')
      C:\Program Files (x86)\Windows Kits\10\Include\10.0.26100.0\shared\winerror.h(59291,9):
      see previous definition of 'DXGI_STATUS_CLIPPED'
  
C:\Users\SANDY\OneDrive\Desktop\PROJECT\OZALERX_INTERNAL\INTERNAL\SDK\Include\dxgitype.h(14,9): warning C4005: 'DXGI_STATUS_NO_REDIRECTION': macro redefinition
  (compiling source file 'src/ui/EclipseFontInit.cpp')
      C:\Program Files (x86)\Windows Kits\10\Include\10.0.26100.0\shared\winerror.h(59300,9):
      see previous definition of 'DXGI_STATUS_NO_REDIRECTION'
  
C:\Users\SANDY\OneDrive\Desktop\PROJECT\OZALERX_INTERNAL\INTERNAL\SDK\Include\dxgitype.h(15,9): warning C4005: 'DXGI_STATUS_NO_DESKTOP_ACCESS': macro redefinition
  (compiling source file 'src/ui/EclipseFontInit.cpp')
      C:\Program Files (x86)\Windows Kits\10\Include\10.0.26100.0\shared\winerror.h(59309,9):
      see previous definition of 'DXGI_STATUS_NO_DESKTOP_ACCESS'
  
C:\Users\SANDY\OneDrive\Desktop\PROJECT\OZALERX_INTERNAL\INTERNAL\SDK\Include\dxgitype.h(16,9): warning C4005: 'DXGI_STATUS_GRAPHICS_VIDPN_SOURCE_IN_USE': macro redefinition
  (compiling source file 'src/ui/EclipseFontInit.cpp')
      C:\Program Files (x86)\Windows Kits\10\Include\10.0.26100.0\shared\winerror.h(59318,9):
      see previous definition of 'DXGI_STATUS_GRAPHICS_VIDPN_SOURCE_IN_USE'
  
C:\Users\SANDY\OneDrive\Desktop\PROJECT\OZALERX_INTERNAL\INTERNAL\SDK\Include\dxgitype.h(17,9): warning C4005: 'DXGI_STATUS_MODE_CHANGED': macro redefinition
  (compiling source file 'src/ui/EclipseFontInit.cpp')
      C:\Program Files (x86)\Windows Kits\10\Include\10.0.26100.0\shared\winerror.h(59327,9):
      see previous definition of 'DXGI_STATUS_MODE_CHANGED'
  
C:\Users\SANDY\OneDrive\Desktop\PROJECT\OZALERX_INTERNAL\INTERNAL\SDK\Include\dxgitype.h(18,9): warning C4005: 'DXGI_STATUS_MODE_CHANGE_IN_PROGRESS': macro redefinition
  (compiling source file 'src/ui/EclipseFontInit.cpp')
      C:\Program Files (x86)\Windows Kits\10\Include\10.0.26100.0\shared\winerror.h(59336,9):
      see previous definition of 'DXGI_STATUS_MODE_CHANGE_IN_PROGRESS'
  
C:\Users\SANDY\OneDrive\Desktop\PROJECT\OZALERX_INTERNAL\INTERNAL\SDK\Include\dxgitype.h(21,9): warning C4005: 'DXGI_ERROR_INVALID_CALL': macro redefinition
  (compiling source file 'src/ui/EclipseFontInit.cpp')
      C:\Program Files (x86)\Windows Kits\10\Include\10.0.26100.0\shared\winerror.h(59351,9):
      see previous definition of 'DXGI_ERROR_INVALID_CALL'
  
C:\Users\SANDY\OneDrive\Desktop\PROJECT\OZALERX_INTERNAL\INTERNAL\SDK\Include\dxgitype.h(22,9): warning C4005: 'DXGI_ERROR_NOT_FOUND': macro redefinition
  (compiling source file 'src/ui/EclipseFontInit.cpp')
      C:\Program Files (x86)\Windows Kits\10\Include\10.0.26100.0\shared\winerror.h(59360,9):
      see previous definition of 'DXGI_ERROR_NOT_FOUND'
  
C:\Users\SANDY\OneDrive\Desktop\PROJECT\OZALERX_INTERNAL\INTERNAL\SDK\Include\dxgitype.h(23,9): warning C4005: 'DXGI_ERROR_MORE_DATA': macro redefinition
  (compiling source file 'src/ui/EclipseFontInit.cpp')
      C:\Program Files (x86)\Windows Kits\10\Include\10.0.26100.0\shared\winerror.h(59369,9):
      see previous definition of 'DXGI_ERROR_MORE_DATA'
  
C:\Users\SANDY\OneDrive\Desktop\PROJECT\OZALERX_INTERNAL\INTERNAL\SDK\Include\dxgitype.h(24,9): warning C4005: 'DXGI_ERROR_UNSUPPORTED': macro redefinition
  (compiling source file 'src/ui/EclipseFontInit.cpp')
      C:\Program Files (x86)\Windows Kits\10\Include\10.0.26100.0\shared\winerror.h(59378,9):
      see previous definition of 'DXGI_ERROR_UNSUPPORTED'
  
C:\Users\SANDY\OneDrive\Desktop\PROJECT\OZALERX_INTERNAL\INTERNAL\SDK\Include\dxgitype.h(25,9): warning C4005: 'DXGI_ERROR_DEVICE_REMOVED': macro redefinition
  (compiling source file 'src/ui/EclipseFontInit.cpp')
      C:\Program Files (x86)\Windows Kits\10\Include\10.0.26100.0\shared\winerror.h(59387,9):
      see previous definition of 'DXGI_ERROR_DEVICE_REMOVED'
  
C:\Users\SANDY\OneDrive\Desktop\PROJECT\OZALERX_INTERNAL\INTERNAL\SDK\Include\dxgitype.h(26,9): warning C4005: 'DXGI_ERROR_DEVICE_HUNG': macro redefinition
  (compiling source file 'src/ui/EclipseFontInit.cpp')
      C:\Program Files (x86)\Windows Kits\10\Include\10.0.26100.0\shared\winerror.h(59396,9):
      see previous definition of 'DXGI_ERROR_DEVICE_HUNG'
  
C:\Users\SANDY\OneDrive\Desktop\PROJECT\OZALERX_INTERNAL\INTERNAL\SDK\Include\dxgitype.h(27,9): warning C4005: 'DXGI_ERROR_DEVICE_RESET': macro redefinition
  (compiling source file 'src/ui/EclipseFontInit.cpp')
      C:\Program Files (x86)\Windows Kits\10\Include\10.0.26100.0\shared\winerror.h(59406,9):
      see previous definition of 'DXGI_ERROR_DEVICE_RESET'
  
C:\Users\SANDY\OneDrive\Desktop\PROJECT\OZALERX_INTERNAL\INTERNAL\SDK\Include\dxgitype.h(28,9): warning C4005: 'DXGI_ERROR_WAS_STILL_DRAWING': macro redefinition
  (compiling source file 'src/ui/EclipseFontInit.cpp')
      C:\Program Files (x86)\Windows Kits\10\Include\10.0.26100.0\shared\winerror.h(59415,9):
      see previous definition of 'DXGI_ERROR_WAS_STILL_DRAWING'
  
C:\Users\SANDY\OneDrive\Desktop\PROJECT\OZALERX_INTERNAL\INTERNAL\SDK\Include\dxgitype.h(29,9): warning C4005: 'DXGI_ERROR_FRAME_STATISTICS_DISJOINT': macro redefinition
  (compiling source file 'src/ui/EclipseFontInit.cpp')
      C:\Program Files (x86)\Windows Kits\10\Include\10.0.26100.0\shared\winerror.h(59425,9):
      see previous definition of 'DXGI_ERROR_FRAME_STATISTICS_DISJOINT'
  
C:\Users\SANDY\OneDrive\Desktop\PROJECT\OZALERX_INTERNAL\INTERNAL\SDK\Include\dxgitype.h(30,9): warning C4005: 'DXGI_ERROR_GRAPHICS_VIDPN_SOURCE_IN_USE': macro redefinition
  (compiling source file 'src/ui/EclipseFontInit.cpp')
      C:\Program Files (x86)\Windows Kits\10\Include\10.0.26100.0\shared\winerror.h(59434,9):
      see previous definition of 'DXGI_ERROR_GRAPHICS_VIDPN_SOURCE_IN_USE'
  
C:\Users\SANDY\OneDrive\Desktop\PROJECT\OZALERX_INTERNAL\INTERNAL\SDK\Include\dxgitype.h(31,9): warning C4005: 'DXGI_ERROR_DRIVER_INTERNAL_ERROR': macro redefinition
  (compiling source file 'src/ui/EclipseFontInit.cpp')
      C:\Program Files (x86)\Windows Kits\10\Include\10.0.26100.0\shared\winerror.h(59444,9):
      see previous definition of 'DXGI_ERROR_DRIVER_INTERNAL_ERROR'
  
C:\Users\SANDY\OneDrive\Desktop\PROJECT\OZALERX_INTERNAL\INTERNAL\SDK\Include\dxgitype.h(32,9): warning C4005: 'DXGI_ERROR_NONEXCLUSIVE': macro redefinition
  (compiling source file 'src/ui/EclipseFontInit.cpp')
      C:\Program Files (x86)\Windows Kits\10\Include\10.0.26100.0\shared\winerror.h(59453,9):
      see previous definition of 'DXGI_ERROR_NONEXCLUSIVE'
  
C:\Users\SANDY\OneDrive\Desktop\PROJECT\OZALERX_INTERNAL\INTERNAL\SDK\Include\dxgitype.h(33,9): warning C4005: 'DXGI_ERROR_NOT_CURRENTLY_AVAILABLE': macro redefinition
  (compiling source file 'src/ui/EclipseFontInit.cpp')
      C:\Program Files (x86)\Windows Kits\10\Include\10.0.26100.0\shared\winerror.h(59462,9):
      see previous definition of 'DXGI_ERROR_NOT_CURRENTLY_AVAILABLE'
  
C:\Users\SANDY\OneDrive\Desktop\PROJECT\OZALERX_INTERNAL\INTERNAL\SDK\Include\dxgitype.h(34,9): warning C4005: 'DXGI_ERROR_REMOTE_CLIENT_DISCONNECTED': macro redefinition
  (compiling source file 'src/ui/EclipseFontInit.cpp')
      C:\Program Files (x86)\Windows Kits\10\Include\10.0.26100.0\shared\winerror.h(59472,9):
      see previous definition of 'DXGI_ERROR_REMOTE_CLIENT_DISCONNECTED'
  
C:\Users\SANDY\OneDrive\Desktop\PROJECT\OZALERX_INTERNAL\INTERNAL\SDK\Include\dxgitype.h(35,9): warning C4005: 'DXGI_ERROR_REMOTE_OUTOFMEMORY': macro redefinition
  (compiling source file 'src/ui/EclipseFontInit.cpp')
      C:\Program Files (x86)\Windows Kits\10\Include\10.0.26100.0\shared\winerror.h(59481,9):
      see previous definition of 'DXGI_ERROR_REMOTE_OUTOFMEMORY'
  
C:\Users\SANDY\OneDrive\Desktop\PROJECT\OZALERX_INTERNAL\INTERNAL\SDK\Include\d3d11.h(917,9): warning C4005: 'D3D11_ERROR_TOO_MANY_UNIQUE_STATE_OBJECTS': macro redefinition
  (compiling source file 'src/ui/EclipseFontInit.cpp')
      C:\Program Files (x86)\Windows Kits\10\Include\10.0.26100.0\shared\winerror.h(59796,9):
      see previous definition of 'D3D11_ERROR_TOO_MANY_UNIQUE_STATE_OBJECTS'
  
C:\Users\SANDY\OneDrive\Desktop\PROJECT\OZALERX_INTERNAL\INTERNAL\SDK\Include\d3d11.h(918,9): warning C4005: 'D3D11_ERROR_FILE_NOT_FOUND': macro redefinition
  (compiling source file 'src/ui/EclipseFontInit.cpp')
      C:\Program Files (x86)\Windows Kits\10\Include\10.0.26100.0\shared\winerror.h(59805,9):
      see previous definition of 'D3D11_ERROR_FILE_NOT_FOUND'
  
C:\Users\SANDY\OneDrive\Desktop\PROJECT\OZALERX_INTERNAL\INTERNAL\SDK\Include\d3d11.h(919,9): warning C4005: 'D3D11_ERROR_TOO_MANY_UNIQUE_VIEW_OBJECTS': macro redefinition
  (compiling source file 'src/ui/EclipseFontInit.cpp')
      C:\Program Files (x86)\Windows Kits\10\Include\10.0.26100.0\shared\winerror.h(59815,9):
      see previous definition of 'D3D11_ERROR_TOO_MANY_UNIQUE_VIEW_OBJECTS'
  
C:\Users\SANDY\OneDrive\Desktop\PROJECT\OZALERX_INTERNAL\INTERNAL\SDK\Include\d3d11.h(920,9): warning C4005: 'D3D11_ERROR_DEFERRED_CONTEXT_MAP_WITHOUT_INITIAL_DISCARD': macro redefinition
  (compiling source file 'src/ui/EclipseFontInit.cpp')
      C:\Program Files (x86)\Windows Kits\10\Include\10.0.26100.0\shared\winerror.h(59824,9):
      see previous definition of 'D3D11_ERROR_DEFERRED_CONTEXT_MAP_WITHOUT_INITIAL_DISCARD'
  
C:\Users\SANDY\OneDrive\Desktop\PROJECT\OZALERX_INTERNAL\INTERNAL\SDK\Include\d3d10.h(608,9): warning C4005: 'D3D10_ERROR_TOO_MANY_UNIQUE_STATE_OBJECTS': macro redefinition
  (compiling source file 'src/ui/EclipseFontInit.cpp')
      C:\Program Files (x86)\Windows Kits\10\Include\10.0.26100.0\shared\winerror.h(59772,9):
      see previous definition of 'D3D10_ERROR_TOO_MANY_UNIQUE_STATE_OBJECTS'
  
C:\Users\SANDY\OneDrive\Desktop\PROJECT\OZALERX_INTERNAL\INTERNAL\SDK\Include\d3d10.h(609,9): warning C4005: 'D3D10_ERROR_FILE_NOT_FOUND': macro redefinition
  (compiling source file 'src/ui/EclipseFontInit.cpp')
      C:\Program Files (x86)\Windows Kits\10\Include\10.0.26100.0\shared\winerror.h(59781,9):
      see previous definition of 'D3D10_ERROR_FILE_NOT_FOUND'
  
C:\Users\SANDY\OneDrive\Desktop\PROJECT\OZALERX_INTERNAL\INTERNAL\examples\example_win32_directx11\ImGui\stt.hpp(206,42): warning C4100: 'swap_chain': unreferenced parameter
  (compiling source file 'src/ui/EclipseFontInit.cpp')
  
C:\Users\SANDY\OneDrive\Desktop\PROJECT\OZALERX_INTERNAL\INTERNAL\examples\example_win32_directx11\ImGui\stt.hpp(294,20): warning C4189: 'col': local variable is initialized but not referenced
  (compiling source file 'src/ui/EclipseFontInit.cpp')
  
C:\Users\SANDY\OneDrive\Desktop\PROJECT\OZALERX_INTERNAL\INTERNAL\imgui_settings.h(94,16): warning C4091: 'static ': ignored on left of 'c::glow_draws' when no variable is declared
  (compiling source file 'src/ui/EclipseFontInit.cpp')
  
C:\Users\SANDY\OneDrive\Desktop\PROJECT\OZALERX_INTERNAL\INTERNAL\examples\example_win32_directx11\src\ui\EclipseFontInit.cpp(28,46): warning C4838: conversion from 'int' to 'ImWchar' requires a narrowing conversion
C:\Users\SANDY\OneDrive\Desktop\PROJECT\OZALERX_INTERNAL\INTERNAL\examples\example_win32_directx11\src\ui\EclipseFontInit.cpp(28,46): warning C4305: 'initializing': truncation from 'int' to 'ImWchar'
C:\Users\SANDY\OneDrive\Desktop\PROJECT\OZALERX_INTERNAL\INTERNAL\examples\example_win32_directx11\src\ui\EclipseFontInit.cpp(28,46): warning C4309: 'initializing': truncation of constant value
  Compiling...
  BackendConfig.cpp
C:\Users\SANDY\OneDrive\Desktop\PROJECT\OZALERX_INTERNAL\INTERNAL\examples\example_win32_directx11\EspLines\Math\Vector\Vector3.hpp(11,9): warning C4201: nonstandard extension used: nameless struct/union
  (compiling source file 'src/Backend/BackendConfig.cpp')
  
C:\Users\SANDY\OneDrive\Desktop\PROJECT\OZALERX_INTERNAL\INTERNAL\examples\example_win32_directx11\EspLines\Math\Vector\Vector3.hpp(339,13): warning C4244: '=': conversion from 'double' to 'float', possible loss of data
  (compiling source file 'src/Backend/BackendConfig.cpp')
  
C:\Users\SANDY\OneDrive\Desktop\PROJECT\OZALERX_INTERNAL\INTERNAL\examples\example_win32_directx11\EspLines\Math\Vector\Vector3.hpp(340,13): warning C4244: '=': conversion from 'double' to 'float', possible loss of data
  (compiling source file 'src/Backend/BackendConfig.cpp')
  
C:\Users\SANDY\OneDrive\Desktop\PROJECT\OZALERX_INTERNAL\INTERNAL\examples\example_win32_directx11\EspLines\Math\Vector\Vector3.hpp(492,72): warning C4305: 'argument': truncation from 'double' to 'float'
  (compiling source file 'src/Backend/BackendConfig.cpp')
  
C:\Users\SANDY\OneDrive\Desktop\PROJECT\OZALERX_INTERNAL\INTERNAL\examples\example_win32_directx11\EspLines\Math\Vector\Vector3.hpp(492,66): warning C4305: 'argument': truncation from 'double' to 'float'
  (compiling source file 'src/Backend/BackendConfig.cpp')
  
C:\Users\SANDY\OneDrive\Desktop\PROJECT\OZALERX_INTERNAL\INTERNAL\examples\example_win32_directx11\EspLines\Math\Vector\Vector3.hpp(492,60): warning C4305: 'argument': truncation from 'double' to 'float'
  (compiling source file 'src/Backend/BackendConfig.cpp')
  
C:\Users\SANDY\OneDrive\Desktop\PROJECT\OZALERX_INTERNAL\INTERNAL\examples\example_win32_directx11\EspLines\Math\Vector\Vector3.hpp(520,15): warning C4244: '=': conversion from 'double' to 'float', possible loss of data
  (compiling source file 'src/Backend/BackendConfig.cpp')
  
C:\Users\SANDY\OneDrive\Desktop\PROJECT\OZALERX_INTERNAL\INTERNAL\examples\example_win32_directx11\EspLines\Math\Vector\Vector3.hpp(521,15): warning C4244: '=': conversion from 'double' to 'float', possible loss of data
  (compiling source file 'src/Backend/BackendConfig.cpp')
  
C:\Users\SANDY\OneDrive\Desktop\PROJECT\OZALERX_INTERNAL\INTERNAL\examples\example_win32_directx11\EspLines\Math\Vector\Vector3.hpp(538,13): warning C4244: '=': conversion from 'double' to 'float', possible loss of data
  (compiling source file 'src/Backend/BackendConfig.cpp')
  
C:\Users\SANDY\OneDrive\Desktop\PROJECT\OZALERX_INTERNAL\INTERNAL\examples\example_win32_directx11\EspLines\Math\Vector\Vector3.hpp(539,13): warning C4244: '=': conversion from 'double' to 'float', possible loss of data
  (compiling source file 'src/Backend/BackendConfig.cpp')
  
C:\Users\SANDY\OneDrive\Desktop\PROJECT\OZALERX_INTERNAL\INTERNAL\examples\example_win32_directx11\EspLines\Math\Vector\Vector3.hpp(604,21): warning C4312: 'type cast': conversion from 'int' to 'const char *' of greater size
  (compiling source file 'src/Backend/BackendConfig.cpp')
  
C:\Users\SANDY\OneDrive\Desktop\PROJECT\OZALERX_INTERNAL\INTERNAL\examples\example_win32_directx11\EspLines\Math\Vector\Vector3.hpp(605,21): warning C4312: 'type cast': conversion from 'int' to 'const char *' of greater size
  (compiling source file 'src/Backend/BackendConfig.cpp')
  
C:\Users\SANDY\OneDrive\Desktop\PROJECT\OZALERX_INTERNAL\INTERNAL\examples\example_win32_directx11\EspLines\Math\Vector\Vector3.hpp(606,21): warning C4312: 'type cast': conversion from 'int' to 'const char *' of greater size
  (compiling source file 'src/Backend/BackendConfig.cpp')
  
C:\Users\SANDY\OneDrive\Desktop\PROJECT\OZALERX_INTERNAL\INTERNAL\examples\example_win32_directx11\src\Backend\BackendConfig.cpp(318,15): warning C4996: 'fopen': This function or variable may be unsafe. Consider using fopen_s instead. To disable deprecation, use _CRT_SECURE_NO_WARNINGS. See online help for details.
C:\Users\SANDY\OneDrive\Desktop\PROJECT\OZALERX_INTERNAL\INTERNAL\examples\example_win32_directx11\src\Backend\BackendConfig.cpp(320,13): warning C4996: 'fopen': This function or variable may be unsafe. Consider using fopen_s instead. To disable deprecation, use _CRT_SECURE_NO_WARNINGS. See online help for details.
C:\Users\SANDY\OneDrive\Desktop\PROJECT\OZALERX_INTERNAL\INTERNAL\examples\example_win32_directx11\src\Backend\BackendConfig.cpp(334,19): warning C4996: 'fopen': This function or variable may be unsafe. Consider using fopen_s instead. To disable deprecation, use _CRT_SECURE_NO_WARNINGS. See online help for details.
  Compiling...
  BackendBridge.cpp
C:\Users\SANDY\OneDrive\Desktop\PROJECT\OZALERX_INTERNAL\INTERNAL\examples\example_win32_directx11\EspLines\Math\Vector\Vector3.hpp(11,9): warning C4201: nonstandard extension used: nameless struct/union
  (compiling source file 'src/Backend/BackendBridge.cpp')
  
C:\Users\SANDY\OneDrive\Desktop\PROJECT\OZALERX_INTERNAL\INTERNAL\examples\example_win32_directx11\EspLines\Math\Vector\Vector3.hpp(339,13): warning C4244: '=': conversion from 'double' to 'float', possible loss of data
  (compiling source file 'src/Backend/BackendBridge.cpp')
  
C:\Users\SANDY\OneDrive\Desktop\PROJECT\OZALERX_INTERNAL\INTERNAL\examples\example_win32_directx11\EspLines\Math\Vector\Vector3.hpp(340,13): warning C4244: '=': conversion from 'double' to 'float', possible loss of data
  (compiling source file 'src/Backend/BackendBridge.cpp')
  
C:\Users\SANDY\OneDrive\Desktop\PROJECT\OZALERX_INTERNAL\INTERNAL\examples\example_win32_directx11\EspLines\Math\Vector\Vector3.hpp(492,72): warning C4305: 'argument': truncation from 'double' to 'float'
  (compiling source file 'src/Backend/BackendBridge.cpp')
  
C:\Users\SANDY\OneDrive\Desktop\PROJECT\OZALERX_INTERNAL\INTERNAL\examples\example_win32_directx11\EspLines\Math\Vector\Vector3.hpp(492,66): warning C4305: 'argument': truncation from 'double' to 'float'
  (compiling source file 'src/Backend/BackendBridge.cpp')
  
C:\Users\SANDY\OneDrive\Desktop\PROJECT\OZALERX_INTERNAL\INTERNAL\examples\example_win32_directx11\EspLines\Math\Vector\Vector3.hpp(492,60): warning C4305: 'argument': truncation from 'double' to 'float'
  (compiling source file 'src/Backend/BackendBridge.cpp')
  
C:\Users\SANDY\OneDrive\Desktop\PROJECT\OZALERX_INTERNAL\INTERNAL\examples\example_win32_directx11\EspLines\Math\Vector\Vector3.hpp(520,15): warning C4244: '=': conversion from 'double' to 'float', possible loss of data
  (compiling source file 'src/Backend/BackendBridge.cpp')
  
C:\Users\SANDY\OneDrive\Desktop\PROJECT\OZALERX_INTERNAL\INTERNAL\examples\example_win32_directx11\EspLines\Math\Vector\Vector3.hpp(521,15): warning C4244: '=': conversion from 'double' to 'float', possible loss of data
  (compiling source file 'src/Backend/BackendBridge.cpp')
  
C:\Users\SANDY\OneDrive\Desktop\PROJECT\OZALERX_INTERNAL\INTERNAL\examples\example_win32_directx11\EspLines\Math\Vector\Vector3.hpp(538,13): warning C4244: '=': conversion from 'double' to 'float', possible loss of data
  (compiling source file 'src/Backend/BackendBridge.cpp')
  
C:\Users\SANDY\OneDrive\Desktop\PROJECT\OZALERX_INTERNAL\INTERNAL\examples\example_win32_directx11\EspLines\Math\Vector\Vector3.hpp(539,13): warning C4244: '=': conversion from 'double' to 'float', possible loss of data
  (compiling source file 'src/Backend/BackendBridge.cpp')
  
C:\Users\SANDY\OneDrive\Desktop\PROJECT\OZALERX_INTERNAL\INTERNAL\examples\example_win32_directx11\EspLines\Math\Vector\Vector3.hpp(604,21): warning C4312: 'type cast': conversion from 'int' to 'const char *' of greater size
  (compiling source file 'src/Backend/BackendBridge.cpp')
  
C:\Users\SANDY\OneDrive\Desktop\PROJECT\OZALERX_INTERNAL\INTERNAL\examples\example_win32_directx11\EspLines\Math\Vector\Vector3.hpp(605,21): warning C4312: 'type cast': conversion from 'int' to 'const char *' of greater size
  (compiling source file 'src/Backend/BackendBridge.cpp')
  
C:\Users\SANDY\OneDrive\Desktop\PROJECT\OZALERX_INTERNAL\INTERNAL\examples\example_win32_directx11\EspLines\Math\Vector\Vector3.hpp(606,21): warning C4312: 'type cast': conversion from 'int' to 'const char *' of greater size
  (compiling source file 'src/Backend/BackendBridge.cpp')
  
C:\Users\SANDY\OneDrive\Desktop\PROJECT\OZALERX_INTERNAL\INTERNAL\examples\example_win32_directx11\RAMZIXMem.h(476,25): warning C4267: 'initializing': conversion from 'size_t' to 'int', possible loss of data
  (compiling source file 'src/Backend/BackendBridge.cpp')
  
C:\Users\SANDY\OneDrive\Desktop\PROJECT\OZALERX_INTERNAL\INTERNAL\examples\example_win32_directx11\RAMZIXMem.h(481,46): warning C4244: 'argument': conversion from '_Ty' to 'ULONG', possible loss of data
C:\Users\SANDY\OneDrive\Desktop\PROJECT\OZALERX_INTERNAL\INTERNAL\examples\example_win32_directx11\RAMZIXMem.h(481,46): warning C4244:         with
C:\Users\SANDY\OneDrive\Desktop\PROJECT\OZALERX_INTERNAL\INTERNAL\examples\example_win32_directx11\RAMZIXMem.h(481,46): warning C4244:         [
C:\Users\SANDY\OneDrive\Desktop\PROJECT\OZALERX_INTERNAL\INTERNAL\examples\example_win32_directx11\RAMZIXMem.h(481,46): warning C4244:             _Ty=DWORD_PTR
C:\Users\SANDY\OneDrive\Desktop\PROJECT\OZALERX_INTERNAL\INTERNAL\examples\example_win32_directx11\RAMZIXMem.h(481,46): warning C4244:         ]
  (compiling source file 'src/Backend/BackendBridge.cpp')
  
C:\Users\SANDY\OneDrive\Desktop\PROJECT\OZALERX_INTERNAL\INTERNAL\examples\example_win32_directx11\RAMZIXMem.h(499,25): warning C4267: 'initializing': conversion from 'size_t' to 'int', possible loss of data
  (compiling source file 'src/Backend/BackendBridge.cpp')
  
C:\Users\SANDY\OneDrive\Desktop\PROJECT\OZALERX_INTERNAL\INTERNAL\examples\example_win32_directx11\RAMZIXMem.h(504,46): warning C4244: 'argument': conversion from '_Ty' to 'ULONG', possible loss of data
C:\Users\SANDY\OneDrive\Desktop\PROJECT\OZALERX_INTERNAL\INTERNAL\examples\example_win32_directx11\RAMZIXMem.h(504,46): warning C4244:         with
C:\Users\SANDY\OneDrive\Desktop\PROJECT\OZALERX_INTERNAL\INTERNAL\examples\example_win32_directx11\RAMZIXMem.h(504,46): warning C4244:         [
C:\Users\SANDY\OneDrive\Desktop\PROJECT\OZALERX_INTERNAL\INTERNAL\examples\example_win32_directx11\RAMZIXMem.h(504,46): warning C4244:             _Ty=DWORD_PTR
C:\Users\SANDY\OneDrive\Desktop\PROJECT\OZALERX_INTERNAL\INTERNAL\examples\example_win32_directx11\RAMZIXMem.h(504,46): warning C4244:         ]
  (compiling source file 'src/Backend/BackendBridge.cpp')
  
C:\Users\SANDY\OneDrive\Desktop\PROJECT\OZALERX_INTERNAL\INTERNAL\examples\example_win32_directx11\RAMZIXMem.h(972,31): warning C4458: declaration of 'ProcessHandle' hides class member
  (compiling source file 'src/Backend/BackendBridge.cpp')
      C:\Users\SANDY\OneDrive\Desktop\PROJECT\OZALERX_INTERNAL\INTERNAL\examples\example_win32_directx11\RAMZIXMem.h(46,12):
      see declaration of 'AimbotMemory::ProcessHandle'
  
C:\Users\SANDY\OneDrive\Desktop\PROJECT\OZALERX_INTERNAL\INTERNAL\examples\example_win32_directx11\RAMZIXMem.h(1258,48): warning C4312: 'type cast': conversion from 'ULONG' to 'LPVOID' of greater size
  (compiling source file 'src/Backend/BackendBridge.cpp')
  
C:\Users\SANDY\OneDrive\Desktop\PROJECT\OZALERX_INTERNAL\INTERNAL\examples\example_win32_directx11\RAMZIXMem.h(1263,25): warning C4267: 'initializing': conversion from 'size_t' to 'int', possible loss of data
  (compiling source file 'src/Backend/BackendBridge.cpp')
  
C:\Users\SANDY\OneDrive\Desktop\PROJECT\OZALERX_INTERNAL\INTERNAL\examples\example_win32_directx11\RAMZIXMem.h(1286,46): warning C4244: 'argument': conversion from '_Ty' to 'ULONG', possible loss of data
C:\Users\SANDY\OneDrive\Desktop\PROJECT\OZALERX_INTERNAL\INTERNAL\examples\example_win32_directx11\RAMZIXMem.h(1286,46): warning C4244:         with
C:\Users\SANDY\OneDrive\Desktop\PROJECT\OZALERX_INTERNAL\INTERNAL\examples\example_win32_directx11\RAMZIXMem.h(1286,46): warning C4244:         [
C:\Users\SANDY\OneDrive\Desktop\PROJECT\OZALERX_INTERNAL\INTERNAL\examples\example_win32_directx11\RAMZIXMem.h(1286,46): warning C4244:             _Ty=DWORD_PTR
C:\Users\SANDY\OneDrive\Desktop\PROJECT\OZALERX_INTERNAL\INTERNAL\examples\example_win32_directx11\RAMZIXMem.h(1286,46): warning C4244:         ]
  (compiling source file 'src/Backend/BackendBridge.cpp')
  
C:\Users\SANDY\OneDrive\Desktop\PROJECT\OZALERX_INTERNAL\INTERNAL\examples\example_win32_directx11\RAMZIXMem.h(1261,111): warning C4100: 'ForceWrite': unreferenced parameter
  (compiling source file 'src/Backend/BackendBridge.cpp')
  
C:\Users\SANDY\OneDrive\Desktop\PROJECT\OZALERX_INTERNAL\INTERNAL\examples\example_win32_directx11\RAMZIXMem.h(1329,25): warning C4267: 'initializing': conversion from 'size_t' to 'int', possible loss of data
  (compiling source file 'src/Backend/BackendBridge.cpp')
  
C:\Users\SANDY\OneDrive\Desktop\PROJECT\OZALERX_INTERNAL\INTERNAL\examples\example_win32_directx11\RAMZIXMem.h(1345,19): warning C4101: 'OldProtect': unreferenced local variable
  (compiling source file 'src/Backend/BackendBridge.cpp')
  
C:\Users\SANDY\OneDrive\Desktop\PROJECT\OZALERX_INTERNAL\INTERNAL\examples\example_win32_directx11\RAMZIXMem.h(1354,19): warning C4101: 'OldProtect': unreferenced local variable
  (compiling source file 'src/Backend/BackendBridge.cpp')
  
C:\Users\SANDY\OneDrive\Desktop\PROJECT\OZALERX_INTERNAL\INTERNAL\examples\example_win32_directx11\RAMZIXMem.h(1602,20): warning C4458: declaration of 'mtx' hides class member
  (compiling source file 'src/Backend/BackendBridge.cpp')
      C:\Users\SANDY\OneDrive\Desktop\PROJECT\OZALERX_INTERNAL\INTERNAL\examples\example_win32_directx11\RAMZIXMem.h(63,16):
      see declaration of 'AimbotMemory::mtx'
  
C:\Users\SANDY\OneDrive\Desktop\PROJECT\OZALERX_INTERNAL\INTERNAL\examples\example_win32_directx11\RAMZIXMem.h(1647,24): warning C4244: 'return': conversion from 'DWORD_PTR' to 'int', possible loss of data
  (compiling source file 'src/Backend/BackendBridge.cpp')
  
C:\Users\SANDY\OneDrive\Desktop\PROJECT\OZALERX_INTERNAL\INTERNAL\SDK\Include\dxgitype.h(12,9): warning C4005: 'DXGI_STATUS_OCCLUDED': macro redefinition
  (compiling source file 'src/Backend/BackendBridge.cpp')
      C:\Program Files (x86)\Windows Kits\10\Include\10.0.26100.0\shared\winerror.h(59282,9):
      see previous definition of 'DXGI_STATUS_OCCLUDED'
  
C:\Users\SANDY\OneDrive\Desktop\PROJECT\OZALERX_INTERNAL\INTERNAL\SDK\Include\dxgitype.h(13,9): warning C4005: 'DXGI_STATUS_CLIPPED': macro redefinition
  (compiling source file 'src/Backend/BackendBridge.cpp')
      C:\Program Files (x86)\Windows Kits\10\Include\10.0.26100.0\shared\winerror.h(59291,9):
      see previous definition of 'DXGI_STATUS_CLIPPED'
  
C:\Users\SANDY\OneDrive\Desktop\PROJECT\OZALERX_INTERNAL\INTERNAL\SDK\Include\dxgitype.h(14,9): warning C4005: 'DXGI_STATUS_NO_REDIRECTION': macro redefinition
  (compiling source file 'src/Backend/BackendBridge.cpp')
      C:\Program Files (x86)\Windows Kits\10\Include\10.0.26100.0\shared\winerror.h(59300,9):
      see previous definition of 'DXGI_STATUS_NO_REDIRECTION'
  
C:\Users\SANDY\OneDrive\Desktop\PROJECT\OZALERX_INTERNAL\INTERNAL\SDK\Include\dxgitype.h(15,9): warning C4005: 'DXGI_STATUS_NO_DESKTOP_ACCESS': macro redefinition
  (compiling source file 'src/Backend/BackendBridge.cpp')
      C:\Program Files (x86)\Windows Kits\10\Include\10.0.26100.0\shared\winerror.h(59309,9):
      see previous definition of 'DXGI_STATUS_NO_DESKTOP_ACCESS'
  
C:\Users\SANDY\OneDrive\Desktop\PROJECT\OZALERX_INTERNAL\INTERNAL\SDK\Include\dxgitype.h(16,9): warning C4005: 'DXGI_STATUS_GRAPHICS_VIDPN_SOURCE_IN_USE': macro redefinition
  (compiling source file 'src/Backend/BackendBridge.cpp')
      C:\Program Files (x86)\Windows Kits\10\Include\10.0.26100.0\shared\winerror.h(59318,9):
      see previous definition of 'DXGI_STATUS_GRAPHICS_VIDPN_SOURCE_IN_USE'
  
C:\Users\SANDY\OneDrive\Desktop\PROJECT\OZALERX_INTERNAL\INTERNAL\SDK\Include\dxgitype.h(17,9): warning C4005: 'DXGI_STATUS_MODE_CHANGED': macro redefinition
  (compiling source file 'src/Backend/BackendBridge.cpp')
      C:\Program Files (x86)\Windows Kits\10\Include\10.0.26100.0\shared\winerror.h(59327,9):
      see previous definition of 'DXGI_STATUS_MODE_CHANGED'
  
C:\Users\SANDY\OneDrive\Desktop\PROJECT\OZALERX_INTERNAL\INTERNAL\SDK\Include\dxgitype.h(18,9): warning C4005: 'DXGI_STATUS_MODE_CHANGE_IN_PROGRESS': macro redefinition
  (compiling source file 'src/Backend/BackendBridge.cpp')
      C:\Program Files (x86)\Windows Kits\10\Include\10.0.26100.0\shared\winerror.h(59336,9):
      see previous definition of 'DXGI_STATUS_MODE_CHANGE_IN_PROGRESS'
  
C:\Users\SANDY\OneDrive\Desktop\PROJECT\OZALERX_INTERNAL\INTERNAL\SDK\Include\dxgitype.h(21,9): warning C4005: 'DXGI_ERROR_INVALID_CALL': macro redefinition
  (compiling source file 'src/Backend/BackendBridge.cpp')
      C:\Program Files (x86)\Windows Kits\10\Include\10.0.26100.0\shared\winerror.h(59351,9):
      see previous definition of 'DXGI_ERROR_INVALID_CALL'
  
C:\Users\SANDY\OneDrive\Desktop\PROJECT\OZALERX_INTERNAL\INTERNAL\SDK\Include\dxgitype.h(22,9): warning C4005: 'DXGI_ERROR_NOT_FOUND': macro redefinition
  (compiling source file 'src/Backend/BackendBridge.cpp')
      C:\Program Files (x86)\Windows Kits\10\Include\10.0.26100.0\shared\winerror.h(59360,9):
      see previous definition of 'DXGI_ERROR_NOT_FOUND'
  
C:\Users\SANDY\OneDrive\Desktop\PROJECT\OZALERX_INTERNAL\INTERNAL\SDK\Include\dxgitype.h(23,9): warning C4005: 'DXGI_ERROR_MORE_DATA': macro redefinition
  (compiling source file 'src/Backend/BackendBridge.cpp')
      C:\Program Files (x86)\Windows Kits\10\Include\10.0.26100.0\shared\winerror.h(59369,9):
      see previous definition of 'DXGI_ERROR_MORE_DATA'
  
C:\Users\SANDY\OneDrive\Desktop\PROJECT\OZALERX_INTERNAL\INTERNAL\SDK\Include\dxgitype.h(24,9): warning C4005: 'DXGI_ERROR_UNSUPPORTED': macro redefinition
  (compiling source file 'src/Backend/BackendBridge.cpp')
      C:\Program Files (x86)\Windows Kits\10\Include\10.0.26100.0\shared\winerror.h(59378,9):
      see previous definition of 'DXGI_ERROR_UNSUPPORTED'
  
C:\Users\SANDY\OneDrive\Desktop\PROJECT\OZALERX_INTERNAL\INTERNAL\SDK\Include\dxgitype.h(25,9): warning C4005: 'DXGI_ERROR_DEVICE_REMOVED': macro redefinition
  (compiling source file 'src/Backend/BackendBridge.cpp')
      C:\Program Files (x86)\Windows Kits\10\Include\10.0.26100.0\shared\winerror.h(59387,9):
      see previous definition of 'DXGI_ERROR_DEVICE_REMOVED'
  
C:\Users\SANDY\OneDrive\Desktop\PROJECT\OZALERX_INTERNAL\INTERNAL\SDK\Include\dxgitype.h(26,9): warning C4005: 'DXGI_ERROR_DEVICE_HUNG': macro redefinition
  (compiling source file 'src/Backend/BackendBridge.cpp')
      C:\Program Files (x86)\Windows Kits\10\Include\10.0.26100.0\shared\winerror.h(59396,9):
      see previous definition of 'DXGI_ERROR_DEVICE_HUNG'
  
C:\Users\SANDY\OneDrive\Desktop\PROJECT\OZALERX_INTERNAL\INTERNAL\SDK\Include\dxgitype.h(27,9): warning C4005: 'DXGI_ERROR_DEVICE_RESET': macro redefinition
  (compiling source file 'src/Backend/BackendBridge.cpp')
      C:\Program Files (x86)\Windows Kits\10\Include\10.0.26100.0\shared\winerror.h(59406,9):
      see previous definition of 'DXGI_ERROR_DEVICE_RESET'
  
C:\Users\SANDY\OneDrive\Desktop\PROJECT\OZALERX_INTERNAL\INTERNAL\SDK\Include\dxgitype.h(28,9): warning C4005: 'DXGI_ERROR_WAS_STILL_DRAWING': macro redefinition
  (compiling source file 'src/Backend/BackendBridge.cpp')
      C:\Program Files (x86)\Windows Kits\10\Include\10.0.26100.0\shared\winerror.h(59415,9):
      see previous definition of 'DXGI_ERROR_WAS_STILL_DRAWING'
  
C:\Users\SANDY\OneDrive\Desktop\PROJECT\OZALERX_INTERNAL\INTERNAL\SDK\Include\dxgitype.h(29,9): warning C4005: 'DXGI_ERROR_FRAME_STATISTICS_DISJOINT': macro redefinition
  (compiling source file 'src/Backend/BackendBridge.cpp')
      C:\Program Files (x86)\Windows Kits\10\Include\10.0.26100.0\shared\winerror.h(59425,9):
      see previous definition of 'DXGI_ERROR_FRAME_STATISTICS_DISJOINT'
  
C:\Users\SANDY\OneDrive\Desktop\PROJECT\OZALERX_INTERNAL\INTERNAL\SDK\Include\dxgitype.h(30,9): warning C4005: 'DXGI_ERROR_GRAPHICS_VIDPN_SOURCE_IN_USE': macro redefinition
  (compiling source file 'src/Backend/BackendBridge.cpp')
      C:\Program Files (x86)\Windows Kits\10\Include\10.0.26100.0\shared\winerror.h(59434,9):
      see previous definition of 'DXGI_ERROR_GRAPHICS_VIDPN_SOURCE_IN_USE'
  
C:\Users\SANDY\OneDrive\Desktop\PROJECT\OZALERX_INTERNAL\INTERNAL\SDK\Include\dxgitype.h(31,9): warning C4005: 'DXGI_ERROR_DRIVER_INTERNAL_ERROR': macro redefinition
  (compiling source file 'src/Backend/BackendBridge.cpp')
      C:\Program Files (x86)\Windows Kits\10\Include\10.0.26100.0\shared\winerror.h(59444,9):
      see previous definition of 'DXGI_ERROR_DRIVER_INTERNAL_ERROR'
  
C:\Users\SANDY\OneDrive\Desktop\PROJECT\OZALERX_INTERNAL\INTERNAL\SDK\Include\dxgitype.h(32,9): warning C4005: 'DXGI_ERROR_NONEXCLUSIVE': macro redefinition
  (compiling source file 'src/Backend/BackendBridge.cpp')
      C:\Program Files (x86)\Windows Kits\10\Include\10.0.26100.0\shared\winerror.h(59453,9):
      see previous definition of 'DXGI_ERROR_NONEXCLUSIVE'
  
C:\Users\SANDY\OneDrive\Desktop\PROJECT\OZALERX_INTERNAL\INTERNAL\SDK\Include\dxgitype.h(33,9): warning C4005: 'DXGI_ERROR_NOT_CURRENTLY_AVAILABLE': macro redefinition
  (compiling source file 'src/Backend/BackendBridge.cpp')
      C:\Program Files (x86)\Windows Kits\10\Include\10.0.26100.0\shared\winerror.h(59462,9):
      see previous definition of 'DXGI_ERROR_NOT_CURRENTLY_AVAILABLE'
  
C:\Users\SANDY\OneDrive\Desktop\PROJECT\OZALERX_INTERNAL\INTERNAL\SDK\Include\dxgitype.h(34,9): warning C4005: 'DXGI_ERROR_REMOTE_CLIENT_DISCONNECTED': macro redefinition
  (compiling source file 'src/Backend/BackendBridge.cpp')
      C:\Program Files (x86)\Windows Kits\10\Include\10.0.26100.0\shared\winerror.h(59472,9):
      see previous definition of 'DXGI_ERROR_REMOTE_CLIENT_DISCONNECTED'
  
C:\Users\SANDY\OneDrive\Desktop\PROJECT\OZALERX_INTERNAL\INTERNAL\SDK\Include\dxgitype.h(35,9): warning C4005: 'DXGI_ERROR_REMOTE_OUTOFMEMORY': macro redefinition
  (compiling source file 'src/Backend/BackendBridge.cpp')
      C:\Program Files (x86)\Windows Kits\10\Include\10.0.26100.0\shared\winerror.h(59481,9):
      see previous definition of 'DXGI_ERROR_REMOTE_OUTOFMEMORY'
  
C:\Users\SANDY\OneDrive\Desktop\PROJECT\OZALERX_INTERNAL\INTERNAL\SDK\Include\d3d11.h(917,9): warning C4005: 'D3D11_ERROR_TOO_MANY_UNIQUE_STATE_OBJECTS': macro redefinition
  (compiling source file 'src/Backend/BackendBridge.cpp')
      C:\Program Files (x86)\Windows Kits\10\Include\10.0.26100.0\shared\winerror.h(59796,9):
      see previous definition of 'D3D11_ERROR_TOO_MANY_UNIQUE_STATE_OBJECTS'
  
C:\Users\SANDY\OneDrive\Desktop\PROJECT\OZALERX_INTERNAL\INTERNAL\SDK\Include\d3d11.h(918,9): warning C4005: 'D3D11_ERROR_FILE_NOT_FOUND': macro redefinition
  (compiling source file 'src/Backend/BackendBridge.cpp')
      C:\Program Files (x86)\Windows Kits\10\Include\10.0.26100.0\shared\winerror.h(59805,9):
      see previous definition of 'D3D11_ERROR_FILE_NOT_FOUND'
  
C:\Users\SANDY\OneDrive\Desktop\PROJECT\OZALERX_INTERNAL\INTERNAL\SDK\Include\d3d11.h(919,9): warning C4005: 'D3D11_ERROR_TOO_MANY_UNIQUE_VIEW_OBJECTS': macro redefinition
  (compiling source file 'src/Backend/BackendBridge.cpp')
      C:\Program Files (x86)\Windows Kits\10\Include\10.0.26100.0\shared\winerror.h(59815,9):
      see previous definition of 'D3D11_ERROR_TOO_MANY_UNIQUE_VIEW_OBJECTS'
  
C:\Users\SANDY\OneDrive\Desktop\PROJECT\OZALERX_INTERNAL\INTERNAL\SDK\Include\d3d11.h(920,9): warning C4005: 'D3D11_ERROR_DEFERRED_CONTEXT_MAP_WITHOUT_INITIAL_DISCARD': macro redefinition
  (compiling source file 'src/Backend/BackendBridge.cpp')
      C:\Program Files (x86)\Windows Kits\10\Include\10.0.26100.0\shared\winerror.h(59824,9):
      see previous definition of 'D3D11_ERROR_DEFERRED_CONTEXT_MAP_WITHOUT_INITIAL_DISCARD'
  
C:\Users\SANDY\OneDrive\Desktop\PROJECT\OZALERX_INTERNAL\INTERNAL\SDK\Include\d3d10.h(608,9): warning C4005: 'D3D10_ERROR_TOO_MANY_UNIQUE_STATE_OBJECTS': macro redefinition
  (compiling source file 'src/Backend/BackendBridge.cpp')
      C:\Program Files (x86)\Windows Kits\10\Include\10.0.26100.0\shared\winerror.h(59772,9):
      see previous definition of 'D3D10_ERROR_TOO_MANY_UNIQUE_STATE_OBJECTS'
  
C:\Users\SANDY\OneDrive\Desktop\PROJECT\OZALERX_INTERNAL\INTERNAL\SDK\Include\d3d10.h(609,9): warning C4005: 'D3D10_ERROR_FILE_NOT_FOUND': macro redefinition
  (compiling source file 'src/Backend/BackendBridge.cpp')
      C:\Program Files (x86)\Windows Kits\10\Include\10.0.26100.0\shared\winerror.h(59781,9):
      see previous definition of 'D3D10_ERROR_FILE_NOT_FOUND'
  
C:\Program Files\Microsoft Visual Studio\2022\Community\VC\Tools\MSVC\14.44.35207\atlmfc\include\atltransactionmanager.h(267,14): warning C4459: declaration of 'bInitialized' hides global declaration
  (compiling source file 'src/Backend/BackendBridge.cpp')
      C:\Users\SANDY\OneDrive\Desktop\PROJECT\OZALERX_INTERNAL\INTERNAL\examples\example_win32_directx11\src\Overlay\Overlay.hpp(10,13):
      see declaration of 'bInitialized'
  
C:\Program Files\Microsoft Visual Studio\2022\Community\VC\Tools\MSVC\14.44.35207\atlmfc\include\atltransactionmanager.h(317,14): warning C4459: declaration of 'bInitialized' hides global declaration
  (compiling source file 'src/Backend/BackendBridge.cpp')
      C:\Users\SANDY\OneDrive\Desktop\PROJECT\OZALERX_INTERNAL\INTERNAL\examples\example_win32_directx11\src\Overlay\Overlay.hpp(10,13):
      see declaration of 'bInitialized'
  
C:\Program Files\Microsoft Visual Studio\2022\Community\VC\Tools\MSVC\14.44.35207\atlmfc\include\atltransactionmanager.h(347,14): warning C4459: declaration of 'bInitialized' hides global declaration
  (compiling source file 'src/Backend/BackendBridge.cpp')
      C:\Users\SANDY\OneDrive\Desktop\PROJECT\OZALERX_INTERNAL\INTERNAL\examples\example_win32_directx11\src\Overlay\Overlay.hpp(10,13):
      see declaration of 'bInitialized'
  
C:\Program Files\Microsoft Visual Studio\2022\Community\VC\Tools\MSVC\14.44.35207\atlmfc\include\atlbase.h(5769,14): warning C4459: declaration of 'bInitialized' hides global declaration
  (compiling source file 'src/Backend/BackendBridge.cpp')
      C:\Users\SANDY\OneDrive\Desktop\PROJECT\OZALERX_INTERNAL\INTERNAL\examples\example_win32_directx11\src\Overlay\Overlay.hpp(10,13):
      see declaration of 'bInitialized'
  
C:\Users\SANDY\OneDrive\Desktop\PROJECT\OZALERX_INTERNAL\INTERNAL\examples\example_win32_directx11\AIMBOTMEMORY.H(317,48): warning C4312: 'type cast': conversion from 'ULONG' to 'LPVOID' of greater size
  (compiling source file 'src/Backend/BackendBridge.cpp')
  
C:\Users\SANDY\OneDrive\Desktop\PROJECT\OZALERX_INTERNAL\INTERNAL\examples\example_win32_directx11\AIMBOTMEMORY.H(331,25): warning C4267: 'initializing': conversion from 'size_t' to 'int', possible loss of data
  (compiling source file 'src/Backend/BackendBridge.cpp')
  
C:\Users\SANDY\OneDrive\Desktop\PROJECT\OZALERX_INTERNAL\INTERNAL\examples\example_win32_directx11\AIMBOTMEMORY.H(343,46): warning C4244: 'argument': conversion from '_Ty' to 'ULONG', possible loss of data
C:\Users\SANDY\OneDrive\Desktop\PROJECT\OZALERX_INTERNAL\INTERNAL\examples\example_win32_directx11\AIMBOTMEMORY.H(343,46): warning C4244:         with
C:\Users\SANDY\OneDrive\Desktop\PROJECT\OZALERX_INTERNAL\INTERNAL\examples\example_win32_directx11\AIMBOTMEMORY.H(343,46): warning C4244:         [
C:\Users\SANDY\OneDrive\Desktop\PROJECT\OZALERX_INTERNAL\INTERNAL\examples\example_win32_directx11\AIMBOTMEMORY.H(343,46): warning C4244:             _Ty=DWORD_PTR
C:\Users\SANDY\OneDrive\Desktop\PROJECT\OZALERX_INTERNAL\INTERNAL\examples\example_win32_directx11\AIMBOTMEMORY.H(343,46): warning C4244:         ]
  (compiling source file 'src/Backend/BackendBridge.cpp')
  
C:\Users\SANDY\OneDrive\Desktop\PROJECT\OZALERX_INTERNAL\INTERNAL\examples\example_win32_directx11\AIMBOTMEMORY.H(353,25): warning C4267: 'initializing': conversion from 'size_t' to 'int', possible loss of data
  (compiling source file 'src/Backend/BackendBridge.cpp')
  
C:\Users\SANDY\OneDrive\Desktop\PROJECT\OZALERX_INTERNAL\INTERNAL\examples\example_win32_directx11\AIMBOTMEMORY.H(369,50): warning C4244: 'argument': conversion from '_Ty' to 'ULONG', possible loss of data
C:\Users\SANDY\OneDrive\Desktop\PROJECT\OZALERX_INTERNAL\INTERNAL\examples\example_win32_directx11\AIMBOTMEMORY.H(369,50): warning C4244:         with
C:\Users\SANDY\OneDrive\Desktop\PROJECT\OZALERX_INTERNAL\INTERNAL\examples\example_win32_directx11\AIMBOTMEMORY.H(369,50): warning C4244:         [
C:\Users\SANDY\OneDrive\Desktop\PROJECT\OZALERX_INTERNAL\INTERNAL\examples\example_win32_directx11\AIMBOTMEMORY.H(369,50): warning C4244:             _Ty=DWORD_PTR
C:\Users\SANDY\OneDrive\Desktop\PROJECT\OZALERX_INTERNAL\INTERNAL\examples\example_win32_directx11\AIMBOTMEMORY.H(369,50): warning C4244:         ]
  (compiling source file 'src/Backend/BackendBridge.cpp')
  
C:\Users\SANDY\OneDrive\Desktop\PROJECT\OZALERX_INTERNAL\INTERNAL\examples\example_win32_directx11\AIMBOTMEMORY.H(351,110): warning C4100: 'ForceWrite': unreferenced parameter
  (compiling source file 'src/Backend/BackendBridge.cpp')
  
C:\Users\SANDY\OneDrive\Desktop\PROJECT\OZALERX_INTERNAL\INTERNAL\examples\example_win32_directx11\AIMBOTMEMORY.H(463,20): warning C4458: declaration of 'mtx' hides class member
  (compiling source file 'src/Backend/BackendBridge.cpp')
      C:\Users\SANDY\OneDrive\Desktop\PROJECT\OZALERX_INTERNAL\INTERNAL\examples\example_win32_directx11\AIMBOTMEMORY.H(52,16):
      see declaration of 'AimMemory::mtx'
  
C:\Users\SANDY\OneDrive\Desktop\PROJECT\OZALERX_INTERNAL\INTERNAL\examples\example_win32_directx11\AIMBOTMEMORY.H(717,24): warning C4244: 'return': conversion from 'DWORD_PTR' to 'int', possible loss of data
  (compiling source file 'src/Backend/BackendBridge.cpp')
  
C:\Users\SANDY\OneDrive\Desktop\PROJECT\OZALERX_INTERNAL\INTERNAL\examples\example_win32_directx11\notifications.h(4,9): warning C4005: 'IMGUI_DEFINE_MATH_OPERATORS': macro redefinition
  (compiling source file 'src/Backend/BackendBridge.cpp')
      C:\Users\SANDY\OneDrive\Desktop\PROJECT\OZALERX_INTERNAL\INTERNAL\examples\example_win32_directx11\notifications.h(4,9):
      'IMGUI_DEFINE_MATH_OPERATORS' previously declared on the command line
  
C:\Users\SANDY\OneDrive\Desktop\PROJECT\OZALERX_INTERNAL\INTERNAL\examples\example_win32_directx11\ImGui\stt.hpp(206,42): warning C4100: 'swap_chain': unreferenced parameter
  (compiling source file 'src/Backend/BackendBridge.cpp')
  
C:\Users\SANDY\OneDrive\Desktop\PROJECT\OZALERX_INTERNAL\INTERNAL\examples\example_win32_directx11\ImGui\stt.hpp(294,20): warning C4189: 'col': local variable is initialized but not referenced
  (compiling source file 'src/Backend/BackendBridge.cpp')
  
C:\Users\SANDY\OneDrive\Desktop\PROJECT\OZALERX_INTERNAL\INTERNAL\imgui_settings.h(94,16): warning C4091: 'static ': ignored on left of 'c::glow_draws' when no variable is declared
  (compiling source file 'src/Backend/BackendBridge.cpp')
  
  Compiling...
  EspPreviewBridge.cpp
C:\Users\SANDY\OneDrive\Desktop\PROJECT\OZALERX_INTERNAL\INTERNAL\examples\example_win32_directx11\EspLines\Math\Vector\Vector3.hpp(11,9): warning C4201: nonstandard extension used: nameless struct/union
  (compiling source file 'src/Backend/EspPreviewBridge.cpp')
  
C:\Users\SANDY\OneDrive\Desktop\PROJECT\OZALERX_INTERNAL\INTERNAL\examples\example_win32_directx11\EspLines\Math\Vector\Vector3.hpp(339,13): warning C4244: '=': conversion from 'double' to 'float', possible loss of data
  (compiling source file 'src/Backend/EspPreviewBridge.cpp')
  
C:\Users\SANDY\OneDrive\Desktop\PROJECT\OZALERX_INTERNAL\INTERNAL\examples\example_win32_directx11\EspLines\Math\Vector\Vector3.hpp(340,13): warning C4244: '=': conversion from 'double' to 'float', possible loss of data
  (compiling source file 'src/Backend/EspPreviewBridge.cpp')
  
C:\Users\SANDY\OneDrive\Desktop\PROJECT\OZALERX_INTERNAL\INTERNAL\examples\example_win32_directx11\EspLines\Math\Vector\Vector3.hpp(492,72): warning C4305: 'argument': truncation from 'double' to 'float'
  (compiling source file 'src/Backend/EspPreviewBridge.cpp')
  
C:\Users\SANDY\OneDrive\Desktop\PROJECT\OZALERX_INTERNAL\INTERNAL\examples\example_win32_directx11\EspLines\Math\Vector\Vector3.hpp(492,66): warning C4305: 'argument': truncation from 'double' to 'float'
  (compiling source file 'src/Backend/EspPreviewBridge.cpp')
  
C:\Users\SANDY\OneDrive\Desktop\PROJECT\OZALERX_INTERNAL\INTERNAL\examples\example_win32_directx11\EspLines\Math\Vector\Vector3.hpp(492,60): warning C4305: 'argument': truncation from 'double' to 'float'
  (compiling source file 'src/Backend/EspPreviewBridge.cpp')
  
C:\Users\SANDY\OneDrive\Desktop\PROJECT\OZALERX_INTERNAL\INTERNAL\examples\example_win32_directx11\EspLines\Math\Vector\Vector3.hpp(520,15): warning C4244: '=': conversion from 'double' to 'float', possible loss of data
  (compiling source file 'src/Backend/EspPreviewBridge.cpp')
  
C:\Users\SANDY\OneDrive\Desktop\PROJECT\OZALERX_INTERNAL\INTERNAL\examples\example_win32_directx11\EspLines\Math\Vector\Vector3.hpp(521,15): warning C4244: '=': conversion from 'double' to 'float', possible loss of data
  (compiling source file 'src/Backend/EspPreviewBridge.cpp')
  
C:\Users\SANDY\OneDrive\Desktop\PROJECT\OZALERX_INTERNAL\INTERNAL\examples\example_win32_directx11\EspLines\Math\Vector\Vector3.hpp(538,13): warning C4244: '=': conversion from 'double' to 'float', possible loss of data
  (compiling source file 'src/Backend/EspPreviewBridge.cpp')
  
C:\Users\SANDY\OneDrive\Desktop\PROJECT\OZALERX_INTERNAL\INTERNAL\examples\example_win32_directx11\EspLines\Math\Vector\Vector3.hpp(539,13): warning C4244: '=': conversion from 'double' to 'float', possible loss of data
  (compiling source file 'src/Backend/EspPreviewBridge.cpp')
  
C:\Users\SANDY\OneDrive\Desktop\PROJECT\OZALERX_INTERNAL\INTERNAL\examples\example_win32_directx11\EspLines\Math\Vector\Vector3.hpp(604,21): warning C4312: 'type cast': conversion from 'int' to 'const char *' of greater size
  (compiling source file 'src/Backend/EspPreviewBridge.cpp')
  
C:\Users\SANDY\OneDrive\Desktop\PROJECT\OZALERX_INTERNAL\INTERNAL\examples\example_win32_directx11\EspLines\Math\Vector\Vector3.hpp(605,21): warning C4312: 'type cast': conversion from 'int' to 'const char *' of greater size
  (compiling source file 'src/Backend/EspPreviewBridge.cpp')
  
C:\Users\SANDY\OneDrive\Desktop\PROJECT\OZALERX_INTERNAL\INTERNAL\examples\example_win32_directx11\EspLines\Math\Vector\Vector3.hpp(606,21): warning C4312: 'type cast': conversion from 'int' to 'const char *' of greater size
  (compiling source file 'src/Backend/EspPreviewBridge.cpp')
  
C:\Users\SANDY\OneDrive\Desktop\PROJECT\OZALERX_INTERNAL\INTERNAL\examples\example_win32_directx11\esp.h(3,9): warning C4005: 'IMGUI_DEFINE_MATH_OPERATORS': macro redefinition
  (compiling source file 'src/Backend/EspPreviewBridge.cpp')
      C:\Users\SANDY\OneDrive\Desktop\PROJECT\OZALERX_INTERNAL\INTERNAL\examples\example_win32_directx11\esp.h(3,9):
      'IMGUI_DEFINE_MATH_OPERATORS' previously declared on the command line
  
C:\Users\SANDY\OneDrive\Desktop\PROJECT\OZALERX_INTERNAL\INTERNAL\SDK\Include\dxgitype.h(12,9): warning C4005: 'DXGI_STATUS_OCCLUDED': macro redefinition
  (compiling source file 'src/Backend/EspPreviewBridge.cpp')
      C:\Program Files (x86)\Windows Kits\10\Include\10.0.26100.0\shared\winerror.h(59282,9):
      see previous definition of 'DXGI_STATUS_OCCLUDED'
  
C:\Users\SANDY\OneDrive\Desktop\PROJECT\OZALERX_INTERNAL\INTERNAL\SDK\Include\dxgitype.h(13,9): warning C4005: 'DXGI_STATUS_CLIPPED': macro redefinition
  (compiling source file 'src/Backend/EspPreviewBridge.cpp')
      C:\Program Files (x86)\Windows Kits\10\Include\10.0.26100.0\shared\winerror.h(59291,9):
      see previous definition of 'DXGI_STATUS_CLIPPED'
  
C:\Users\SANDY\OneDrive\Desktop\PROJECT\OZALERX_INTERNAL\INTERNAL\SDK\Include\dxgitype.h(14,9): warning C4005: 'DXGI_STATUS_NO_REDIRECTION': macro redefinition
  (compiling source file 'src/Backend/EspPreviewBridge.cpp')
      C:\Program Files (x86)\Windows Kits\10\Include\10.0.26100.0\shared\winerror.h(59300,9):
      see previous definition of 'DXGI_STATUS_NO_REDIRECTION'
  
C:\Users\SANDY\OneDrive\Desktop\PROJECT\OZALERX_INTERNAL\INTERNAL\SDK\Include\dxgitype.h(15,9): warning C4005: 'DXGI_STATUS_NO_DESKTOP_ACCESS': macro redefinition
  (compiling source file 'src/Backend/EspPreviewBridge.cpp')
      C:\Program Files (x86)\Windows Kits\10\Include\10.0.26100.0\shared\winerror.h(59309,9):
      see previous definition of 'DXGI_STATUS_NO_DESKTOP_ACCESS'
  
C:\Users\SANDY\OneDrive\Desktop\PROJECT\OZALERX_INTERNAL\INTERNAL\SDK\Include\dxgitype.h(16,9): warning C4005: 'DXGI_STATUS_GRAPHICS_VIDPN_SOURCE_IN_USE': macro redefinition
  (compiling source file 'src/Backend/EspPreviewBridge.cpp')
      C:\Program Files (x86)\Windows Kits\10\Include\10.0.26100.0\shared\winerror.h(59318,9):
      see previous definition of 'DXGI_STATUS_GRAPHICS_VIDPN_SOURCE_IN_USE'
  
C:\Users\SANDY\OneDrive\Desktop\PROJECT\OZALERX_INTERNAL\INTERNAL\SDK\Include\dxgitype.h(17,9): warning C4005: 'DXGI_STATUS_MODE_CHANGED': macro redefinition
  (compiling source file 'src/Backend/EspPreviewBridge.cpp')
      C:\Program Files (x86)\Windows Kits\10\Include\10.0.26100.0\shared\winerror.h(59327,9):
      see previous definition of 'DXGI_STATUS_MODE_CHANGED'
  
C:\Users\SANDY\OneDrive\Desktop\PROJECT\OZALERX_INTERNAL\INTERNAL\SDK\Include\dxgitype.h(18,9): warning C4005: 'DXGI_STATUS_MODE_CHANGE_IN_PROGRESS': macro redefinition
  (compiling source file 'src/Backend/EspPreviewBridge.cpp')
      C:\Program Files (x86)\Windows Kits\10\Include\10.0.26100.0\shared\winerror.h(59336,9):
      see previous definition of 'DXGI_STATUS_MODE_CHANGE_IN_PROGRESS'
  
C:\Users\SANDY\OneDrive\Desktop\PROJECT\OZALERX_INTERNAL\INTERNAL\SDK\Include\dxgitype.h(21,9): warning C4005: 'DXGI_ERROR_INVALID_CALL': macro redefinition
  (compiling source file 'src/Backend/EspPreviewBridge.cpp')
      C:\Program Files (x86)\Windows Kits\10\Include\10.0.26100.0\shared\winerror.h(59351,9):
      see previous definition of 'DXGI_ERROR_INVALID_CALL'
  
C:\Users\SANDY\OneDrive\Desktop\PROJECT\OZALERX_INTERNAL\INTERNAL\SDK\Include\dxgitype.h(22,9): warning C4005: 'DXGI_ERROR_NOT_FOUND': macro redefinition
  (compiling source file 'src/Backend/EspPreviewBridge.cpp')
      C:\Program Files (x86)\Windows Kits\10\Include\10.0.26100.0\shared\winerror.h(59360,9):
      see previous definition of 'DXGI_ERROR_NOT_FOUND'
  
C:\Users\SANDY\OneDrive\Desktop\PROJECT\OZALERX_INTERNAL\INTERNAL\SDK\Include\dxgitype.h(23,9): warning C4005: 'DXGI_ERROR_MORE_DATA': macro redefinition
  (compiling source file 'src/Backend/EspPreviewBridge.cpp')
      C:\Program Files (x86)\Windows Kits\10\Include\10.0.26100.0\shared\winerror.h(59369,9):
      see previous definition of 'DXGI_ERROR_MORE_DATA'
  
C:\Users\SANDY\OneDrive\Desktop\PROJECT\OZALERX_INTERNAL\INTERNAL\SDK\Include\dxgitype.h(24,9): warning C4005: 'DXGI_ERROR_UNSUPPORTED': macro redefinition
  (compiling source file 'src/Backend/EspPreviewBridge.cpp')
      C:\Program Files (x86)\Windows Kits\10\Include\10.0.26100.0\shared\winerror.h(59378,9):
      see previous definition of 'DXGI_ERROR_UNSUPPORTED'
  
C:\Users\SANDY\OneDrive\Desktop\PROJECT\OZALERX_INTERNAL\INTERNAL\SDK\Include\dxgitype.h(25,9): warning C4005: 'DXGI_ERROR_DEVICE_REMOVED': macro redefinition
  (compiling source file 'src/Backend/EspPreviewBridge.cpp')
      C:\Program Files (x86)\Windows Kits\10\Include\10.0.26100.0\shared\winerror.h(59387,9):
      see previous definition of 'DXGI_ERROR_DEVICE_REMOVED'
  
C:\Users\SANDY\OneDrive\Desktop\PROJECT\OZALERX_INTERNAL\INTERNAL\SDK\Include\dxgitype.h(26,9): warning C4005: 'DXGI_ERROR_DEVICE_HUNG': macro redefinition
  (compiling source file 'src/Backend/EspPreviewBridge.cpp')
      C:\Program Files (x86)\Windows Kits\10\Include\10.0.26100.0\shared\winerror.h(59396,9):
      see previous definition of 'DXGI_ERROR_DEVICE_HUNG'
  
C:\Users\SANDY\OneDrive\Desktop\PROJECT\OZALERX_INTERNAL\INTERNAL\SDK\Include\dxgitype.h(27,9): warning C4005: 'DXGI_ERROR_DEVICE_RESET': macro redefinition
  (compiling source file 'src/Backend/EspPreviewBridge.cpp')
      C:\Program Files (x86)\Windows Kits\10\Include\10.0.26100.0\shared\winerror.h(59406,9):
      see previous definition of 'DXGI_ERROR_DEVICE_RESET'
  
C:\Users\SANDY\OneDrive\Desktop\PROJECT\OZALERX_INTERNAL\INTERNAL\SDK\Include\dxgitype.h(28,9): warning C4005: 'DXGI_ERROR_WAS_STILL_DRAWING': macro redefinition
  (compiling source file 'src/Backend/EspPreviewBridge.cpp')
      C:\Program Files (x86)\Windows Kits\10\Include\10.0.26100.0\shared\winerror.h(59415,9):
      see previous definition of 'DXGI_ERROR_WAS_STILL_DRAWING'
  
C:\Users\SANDY\OneDrive\Desktop\PROJECT\OZALERX_INTERNAL\INTERNAL\SDK\Include\dxgitype.h(29,9): warning C4005: 'DXGI_ERROR_FRAME_STATISTICS_DISJOINT': macro redefinition
  (compiling source file 'src/Backend/EspPreviewBridge.cpp')
      C:\Program Files (x86)\Windows Kits\10\Include\10.0.26100.0\shared\winerror.h(59425,9):
      see previous definition of 'DXGI_ERROR_FRAME_STATISTICS_DISJOINT'
  
C:\Users\SANDY\OneDrive\Desktop\PROJECT\OZALERX_INTERNAL\INTERNAL\SDK\Include\dxgitype.h(30,9): warning C4005: 'DXGI_ERROR_GRAPHICS_VIDPN_SOURCE_IN_USE': macro redefinition
  (compiling source file 'src/Backend/EspPreviewBridge.cpp')
      C:\Program Files (x86)\Windows Kits\10\Include\10.0.26100.0\shared\winerror.h(59434,9):
      see previous definition of 'DXGI_ERROR_GRAPHICS_VIDPN_SOURCE_IN_USE'
  
C:\Users\SANDY\OneDrive\Desktop\PROJECT\OZALERX_INTERNAL\INTERNAL\SDK\Include\dxgitype.h(31,9): warning C4005: 'DXGI_ERROR_DRIVER_INTERNAL_ERROR': macro redefinition
  (compiling source file 'src/Backend/EspPreviewBridge.cpp')
      C:\Program Files (x86)\Windows Kits\10\Include\10.0.26100.0\shared\winerror.h(59444,9):
      see previous definition of 'DXGI_ERROR_DRIVER_INTERNAL_ERROR'
  
C:\Users\SANDY\OneDrive\Desktop\PROJECT\OZALERX_INTERNAL\INTERNAL\SDK\Include\dxgitype.h(32,9): warning C4005: 'DXGI_ERROR_NONEXCLUSIVE': macro redefinition
  (compiling source file 'src/Backend/EspPreviewBridge.cpp')
      C:\Program Files (x86)\Windows Kits\10\Include\10.0.26100.0\shared\winerror.h(59453,9):
      see previous definition of 'DXGI_ERROR_NONEXCLUSIVE'
  
C:\Users\SANDY\OneDrive\Desktop\PROJECT\OZALERX_INTERNAL\INTERNAL\SDK\Include\dxgitype.h(33,9): warning C4005: 'DXGI_ERROR_NOT_CURRENTLY_AVAILABLE': macro redefinition
  (compiling source file 'src/Backend/EspPreviewBridge.cpp')
      C:\Program Files (x86)\Windows Kits\10\Include\10.0.26100.0\shared\winerror.h(59462,9):
      see previous definition of 'DXGI_ERROR_NOT_CURRENTLY_AVAILABLE'
  
C:\Users\SANDY\OneDrive\Desktop\PROJECT\OZALERX_INTERNAL\INTERNAL\SDK\Include\dxgitype.h(34,9): warning C4005: 'DXGI_ERROR_REMOTE_CLIENT_DISCONNECTED': macro redefinition
  (compiling source file 'src/Backend/EspPreviewBridge.cpp')
      C:\Program Files (x86)\Windows Kits\10\Include\10.0.26100.0\shared\winerror.h(59472,9):
      see previous definition of 'DXGI_ERROR_REMOTE_CLIENT_DISCONNECTED'
  
C:\Users\SANDY\OneDrive\Desktop\PROJECT\OZALERX_INTERNAL\INTERNAL\SDK\Include\dxgitype.h(35,9): warning C4005: 'DXGI_ERROR_REMOTE_OUTOFMEMORY': macro redefinition
  (compiling source file 'src/Backend/EspPreviewBridge.cpp')
      C:\Program Files (x86)\Windows Kits\10\Include\10.0.26100.0\shared\winerror.h(59481,9):
      see previous definition of 'DXGI_ERROR_REMOTE_OUTOFMEMORY'
  
C:\Users\SANDY\OneDrive\Desktop\PROJECT\OZALERX_INTERNAL\INTERNAL\SDK\Include\d3d11.h(917,9): warning C4005: 'D3D11_ERROR_TOO_MANY_UNIQUE_STATE_OBJECTS': macro redefinition
  (compiling source file 'src/Backend/EspPreviewBridge.cpp')
      C:\Program Files (x86)\Windows Kits\10\Include\10.0.26100.0\shared\winerror.h(59796,9):
      see previous definition of 'D3D11_ERROR_TOO_MANY_UNIQUE_STATE_OBJECTS'
  
C:\Users\SANDY\OneDrive\Desktop\PROJECT\OZALERX_INTERNAL\INTERNAL\SDK\Include\d3d11.h(918,9): warning C4005: 'D3D11_ERROR_FILE_NOT_FOUND': macro redefinition
  (compiling source file 'src/Backend/EspPreviewBridge.cpp')
      C:\Program Files (x86)\Windows Kits\10\Include\10.0.26100.0\shared\winerror.h(59805,9):
      see previous definition of 'D3D11_ERROR_FILE_NOT_FOUND'
  
C:\Users\SANDY\OneDrive\Desktop\PROJECT\OZALERX_INTERNAL\INTERNAL\SDK\Include\d3d11.h(919,9): warning C4005: 'D3D11_ERROR_TOO_MANY_UNIQUE_VIEW_OBJECTS': macro redefinition
  (compiling source file 'src/Backend/EspPreviewBridge.cpp')
      C:\Program Files (x86)\Windows Kits\10\Include\10.0.26100.0\shared\winerror.h(59815,9):
      see previous definition of 'D3D11_ERROR_TOO_MANY_UNIQUE_VIEW_OBJECTS'
  
C:\Users\SANDY\OneDrive\Desktop\PROJECT\OZALERX_INTERNAL\INTERNAL\SDK\Include\d3d11.h(920,9): warning C4005: 'D3D11_ERROR_DEFERRED_CONTEXT_MAP_WITHOUT_INITIAL_DISCARD': macro redefinition
  (compiling source file 'src/Backend/EspPreviewBridge.cpp')
      C:\Program Files (x86)\Windows Kits\10\Include\10.0.26100.0\shared\winerror.h(59824,9):
      see previous definition of 'D3D11_ERROR_DEFERRED_CONTEXT_MAP_WITHOUT_INITIAL_DISCARD'
  
C:\Users\SANDY\OneDrive\Desktop\PROJECT\OZALERX_INTERNAL\INTERNAL\SDK\Include\d3d10.h(608,9): warning C4005: 'D3D10_ERROR_TOO_MANY_UNIQUE_STATE_OBJECTS': macro redefinition
  (compiling source file 'src/Backend/EspPreviewBridge.cpp')
      C:\Program Files (x86)\Windows Kits\10\Include\10.0.26100.0\shared\winerror.h(59772,9):
      see previous definition of 'D3D10_ERROR_TOO_MANY_UNIQUE_STATE_OBJECTS'
  
C:\Users\SANDY\OneDrive\Desktop\PROJECT\OZALERX_INTERNAL\INTERNAL\SDK\Include\d3d10.h(609,9): warning C4005: 'D3D10_ERROR_FILE_NOT_FOUND': macro redefinition
  (compiling source file 'src/Backend/EspPreviewBridge.cpp')
      C:\Program Files (x86)\Windows Kits\10\Include\10.0.26100.0\shared\winerror.h(59781,9):
      see previous definition of 'D3D10_ERROR_FILE_NOT_FOUND'
  
C:\Users\SANDY\OneDrive\Desktop\PROJECT\OZALERX_INTERNAL\INTERNAL\examples\example_win32_directx11\esp.h(400,104): warning C4244: 'argument': conversion from 'int' to 'float', possible loss of data
  (compiling source file 'src/Backend/EspPreviewBridge.cpp')
  
C:\Users\SANDY\OneDrive\Desktop\PROJECT\OZALERX_INTERNAL\INTERNAL\examples\example_win32_directx11\esp.h(402,33): warning C4244: '+=': conversion from 'float' to 'int', possible loss of data
  (compiling source file 'src/Backend/EspPreviewBridge.cpp')
  
C:\Users\SANDY\OneDrive\Desktop\PROJECT\OZALERX_INTERNAL\INTERNAL\examples\example_win32_directx11\esp.h(405,111): warning C4244: 'argument': conversion from 'int' to 'float', possible loss of data
  (compiling source file 'src/Backend/EspPreviewBridge.cpp')
  
C:\Users\SANDY\OneDrive\Desktop\PROJECT\OZALERX_INTERNAL\INTERNAL\examples\example_win32_directx11\esp.h(405,94): warning C4244: 'argument': conversion from 'int' to 'float', possible loss of data
  (compiling source file 'src/Backend/EspPreviewBridge.cpp')
  
C:\Users\SANDY\OneDrive\Desktop\PROJECT\OZALERX_INTERNAL\INTERNAL\examples\example_win32_directx11\esp.h(407,33): warning C4244: '+=': conversion from 'const float' to 'int', possible loss of data
  (compiling source file 'src/Backend/EspPreviewBridge.cpp')
  
C:\Users\SANDY\OneDrive\Desktop\PROJECT\OZALERX_INTERNAL\INTERNAL\examples\example_win32_directx11\esp.h(412,33): warning C4244: '+=': conversion from 'float' to 'int', possible loss of data
  (compiling source file 'src/Backend/EspPreviewBridge.cpp')
  
C:\Users\SANDY\OneDrive\Desktop\PROJECT\OZALERX_INTERNAL\INTERNAL\examples\example_win32_directx11\esp.h(415,115): warning C4244: 'argument': conversion from 'int' to 'float', possible loss of data
  (compiling source file 'src/Backend/EspPreviewBridge.cpp')
  
C:\Users\SANDY\OneDrive\Desktop\PROJECT\OZALERX_INTERNAL\INTERNAL\examples\example_win32_directx11\esp.h(417,33): warning C4244: '+=': conversion from 'float' to 'int', possible loss of data
  (compiling source file 'src/Backend/EspPreviewBridge.cpp')
  
C:\Users\SANDY\OneDrive\Desktop\PROJECT\OZALERX_INTERNAL\INTERNAL\examples\example_win32_directx11\esp.h(434,88): warning C4244: 'argument': conversion from 'int' to 'float', possible loss of data
  (compiling source file 'src/Backend/EspPreviewBridge.cpp')
  
C:\Users\SANDY\OneDrive\Desktop\PROJECT\OZALERX_INTERNAL\INTERNAL\examples\example_win32_directx11\esp.h(436,45): warning C4244: '+=': conversion from 'float' to 'int', possible loss of data
  (compiling source file 'src/Backend/EspPreviewBridge.cpp')
  
C:\Users\SANDY\OneDrive\Desktop\PROJECT\OZALERX_INTERNAL\INTERNAL\examples\example_win32_directx11\esp.h(440,94): warning C4244: 'argument': conversion from 'int' to 'float', possible loss of data
  (compiling source file 'src/Backend/EspPreviewBridge.cpp')
  
C:\Users\SANDY\OneDrive\Desktop\PROJECT\OZALERX_INTERNAL\INTERNAL\examples\example_win32_directx11\esp.h(442,45): warning C4244: '+=': conversion from 'float' to 'int', possible loss of data
  (compiling source file 'src/Backend/EspPreviewBridge.cpp')
  
C:\Users\SANDY\OneDrive\Desktop\PROJECT\OZALERX_INTERNAL\INTERNAL\examples\example_win32_directx11\esp.h(446,93): warning C4244: 'argument': conversion from 'int' to 'float', possible loss of data
  (compiling source file 'src/Backend/EspPreviewBridge.cpp')
  
C:\Users\SANDY\OneDrive\Desktop\PROJECT\OZALERX_INTERNAL\INTERNAL\examples\example_win32_directx11\esp.h(448,45): warning C4244: '+=': conversion from 'float' to 'int', possible loss of data
  (compiling source file 'src/Backend/EspPreviewBridge.cpp')
  
C:\Users\SANDY\OneDrive\Desktop\PROJECT\OZALERX_INTERNAL\INTERNAL\examples\example_win32_directx11\esp.h(452,99): warning C4244: 'argument': conversion from 'int' to 'float', possible loss of data
  (compiling source file 'src/Backend/EspPreviewBridge.cpp')
  
C:\Users\SANDY\OneDrive\Desktop\PROJECT\OZALERX_INTERNAL\INTERNAL\examples\example_win32_directx11\esp.h(454,45): warning C4244: '+=': conversion from 'float' to 'int', possible loss of data
  (compiling source file 'src/Backend/EspPreviewBridge.cpp')
  
C:\Users\SANDY\OneDrive\Desktop\PROJECT\OZALERX_INTERNAL\INTERNAL\examples\example_win32_directx11\esp.h(457,89): warning C4244: 'argument': conversion from 'int' to 'float', possible loss of data
  (compiling source file 'src/Backend/EspPreviewBridge.cpp')
  
C:\Users\SANDY\OneDrive\Desktop\PROJECT\OZALERX_INTERNAL\INTERNAL\examples\example_win32_directx11\esp.h(483,43): warning C4244: 'argument': conversion from 'int' to 'float', possible loss of data
  (compiling source file 'src/Backend/EspPreviewBridge.cpp')
  
C:\Users\SANDY\OneDrive\Desktop\PROJECT\OZALERX_INTERNAL\INTERNAL\examples\example_win32_directx11\esp.h(483,34): warning C4244: 'argument': conversion from 'int' to 'float', possible loss of data
  (compiling source file 'src/Backend/EspPreviewBridge.cpp')
  
C:\Users\SANDY\OneDrive\Desktop\PROJECT\OZALERX_INTERNAL\INTERNAL\examples\example_win32_directx11\esp.h(484,43): warning C4244: 'argument': conversion from 'int' to 'float', possible loss of data
  (compiling source file 'src/Backend/EspPreviewBridge.cpp')
  
C:\Users\SANDY\OneDrive\Desktop\PROJECT\OZALERX_INTERNAL\INTERNAL\examples\example_win32_directx11\esp.h(484,34): warning C4244: 'argument': conversion from 'int' to 'float', possible loss of data
  (compiling source file 'src/Backend/EspPreviewBridge.cpp')
  
C:\Users\SANDY\OneDrive\Desktop\PROJECT\OZALERX_INTERNAL\INTERNAL\examples\example_win32_directx11\esp.h(485,41): warning C4244: 'argument': conversion from 'int' to 'float', possible loss of data
  (compiling source file 'src/Backend/EspPreviewBridge.cpp')
  
C:\Users\SANDY\OneDrive\Desktop\PROJECT\OZALERX_INTERNAL\INTERNAL\examples\example_win32_directx11\esp.h(485,23): warning C4244: 'argument': conversion from 'int' to 'float', possible loss of data
  (compiling source file 'src/Backend/EspPreviewBridge.cpp')
  
C:\Users\SANDY\OneDrive\Desktop\PROJECT\OZALERX_INTERNAL\INTERNAL\examples\example_win32_directx11\esp.h(486,41): warning C4244: 'argument': conversion from 'int' to 'float', possible loss of data
  (compiling source file 'src/Backend/EspPreviewBridge.cpp')
  
C:\Users\SANDY\OneDrive\Desktop\PROJECT\OZALERX_INTERNAL\INTERNAL\examples\example_win32_directx11\esp.h(486,23): warning C4244: 'argument': conversion from 'int' to 'float', possible loss of data
  (compiling source file 'src/Backend/EspPreviewBridge.cpp')
  
C:\Users\SANDY\OneDrive\Desktop\PROJECT\OZALERX_INTERNAL\INTERNAL\examples\example_win32_directx11\esp.h(523,71): warning C4244: '+=': conversion from 'float' to 'int', possible loss of data
  (compiling source file 'src/Backend/EspPreviewBridge.cpp')
  
C:\Users\SANDY\OneDrive\Desktop\PROJECT\OZALERX_INTERNAL\INTERNAL\examples\example_win32_directx11\esp.h(523,99): warning C4244: '+=': conversion from 'float' to 'int', possible loss of data
  (compiling source file 'src/Backend/EspPreviewBridge.cpp')
  
C:\Users\SANDY\OneDrive\Desktop\PROJECT\OZALERX_INTERNAL\INTERNAL\examples\example_win32_directx11\esp.h(524,71): warning C4244: '+=': conversion from 'float' to 'int', possible loss of data
  (compiling source file 'src/Backend/EspPreviewBridge.cpp')
  
C:\Users\SANDY\OneDrive\Desktop\PROJECT\OZALERX_INTERNAL\INTERNAL\examples\example_win32_directx11\esp.h(524,99): warning C4244: '+=': conversion from 'float' to 'int', possible loss of data
  (compiling source file 'src/Backend/EspPreviewBridge.cpp')
  
C:\Users\SANDY\OneDrive\Desktop\PROJECT\OZALERX_INTERNAL\INTERNAL\examples\example_win32_directx11\esp.h(525,71): warning C4244: '+=': conversion from 'float' to 'int', possible loss of data
  (compiling source file 'src/Backend/EspPreviewBridge.cpp')
  
C:\Users\SANDY\OneDrive\Desktop\PROJECT\OZALERX_INTERNAL\INTERNAL\examples\example_win32_directx11\esp.h(525,99): warning C4244: '+=': conversion from 'float' to 'int', possible loss of data
  (compiling source file 'src/Backend/EspPreviewBridge.cpp')
  
C:\Users\SANDY\OneDrive\Desktop\PROJECT\OZALERX_INTERNAL\INTERNAL\examples\example_win32_directx11\esp.h(526,71): warning C4244: '+=': conversion from 'float' to 'int', possible loss of data
  (compiling source file 'src/Backend/EspPreviewBridge.cpp')
  
C:\Users\SANDY\OneDrive\Desktop\PROJECT\OZALERX_INTERNAL\INTERNAL\examples\example_win32_directx11\esp.h(526,99): warning C4244: '+=': conversion from 'float' to 'int', possible loss of data
  (compiling source file 'src/Backend/EspPreviewBridge.cpp')
  
C:\Users\SANDY\OneDrive\Desktop\PROJECT\OZALERX_INTERNAL\INTERNAL\examples\example_win32_directx11\esp.h(542,28): warning C4244: '=': conversion from 'float' to 'int', possible loss of data
  (compiling source file 'src/Backend/EspPreviewBridge.cpp')
  
  Compiling...
  SyncGlobals.cpp
C:\Users\SANDY\OneDrive\Desktop\PROJECT\OZALERX_INTERNAL\INTERNAL\examples\example_win32_directx11\EspLines\Math\Vector\Vector3.hpp(11,9): warning C4201: nonstandard extension used: nameless struct/union
  (compiling source file 'src/Backend/SyncGlobals.cpp')
  
C:\Users\SANDY\OneDrive\Desktop\PROJECT\OZALERX_INTERNAL\INTERNAL\examples\example_win32_directx11\EspLines\Math\Vector\Vector3.hpp(339,13): warning C4244: '=': conversion from 'double' to 'float', possible loss of data
  (compiling source file 'src/Backend/SyncGlobals.cpp')
  
C:\Users\SANDY\OneDrive\Desktop\PROJECT\OZALERX_INTERNAL\INTERNAL\examples\example_win32_directx11\EspLines\Math\Vector\Vector3.hpp(340,13): warning C4244: '=': conversion from 'double' to 'float', possible loss of data
  (compiling source file 'src/Backend/SyncGlobals.cpp')
  
C:\Users\SANDY\OneDrive\Desktop\PROJECT\OZALERX_INTERNAL\INTERNAL\examples\example_win32_directx11\EspLines\Math\Vector\Vector3.hpp(492,72): warning C4305: 'argument': truncation from 'double' to 'float'
  (compiling source file 'src/Backend/SyncGlobals.cpp')
  
C:\Users\SANDY\OneDrive\Desktop\PROJECT\OZALERX_INTERNAL\INTERNAL\examples\example_win32_directx11\EspLines\Math\Vector\Vector3.hpp(492,66): warning C4305: 'argument': truncation from 'double' to 'float'
  (compiling source file 'src/Backend/SyncGlobals.cpp')
  
C:\Users\SANDY\OneDrive\Desktop\PROJECT\OZALERX_INTERNAL\INTERNAL\examples\example_win32_directx11\EspLines\Math\Vector\Vector3.hpp(492,60): warning C4305: 'argument': truncation from 'double' to 'float'
  (compiling source file 'src/Backend/SyncGlobals.cpp')
  
C:\Users\SANDY\OneDrive\Desktop\PROJECT\OZALERX_INTERNAL\INTERNAL\examples\example_win32_directx11\EspLines\Math\Vector\Vector3.hpp(520,15): warning C4244: '=': conversion from 'double' to 'float', possible loss of data
  (compiling source file 'src/Backend/SyncGlobals.cpp')
  
C:\Users\SANDY\OneDrive\Desktop\PROJECT\OZALERX_INTERNAL\INTERNAL\examples\example_win32_directx11\EspLines\Math\Vector\Vector3.hpp(521,15): warning C4244: '=': conversion from 'double' to 'float', possible loss of data
  (compiling source file 'src/Backend/SyncGlobals.cpp')
  
C:\Users\SANDY\OneDrive\Desktop\PROJECT\OZALERX_INTERNAL\INTERNAL\examples\example_win32_directx11\EspLines\Math\Vector\Vector3.hpp(538,13): warning C4244: '=': conversion from 'double' to 'float', possible loss of data
  (compiling source file 'src/Backend/SyncGlobals.cpp')
  
C:\Users\SANDY\OneDrive\Desktop\PROJECT\OZALERX_INTERNAL\INTERNAL\examples\example_win32_directx11\EspLines\Math\Vector\Vector3.hpp(539,13): warning C4244: '=': conversion from 'double' to 'float', possible loss of data
  (compiling source file 'src/Backend/SyncGlobals.cpp')
  
C:\Users\SANDY\OneDrive\Desktop\PROJECT\OZALERX_INTERNAL\INTERNAL\examples\example_win32_directx11\EspLines\Math\Vector\Vector3.hpp(604,21): warning C4312: 'type cast': conversion from 'int' to 'const char *' of greater size
  (compiling source file 'src/Backend/SyncGlobals.cpp')
  
C:\Users\SANDY\OneDrive\Desktop\PROJECT\OZALERX_INTERNAL\INTERNAL\examples\example_win32_directx11\EspLines\Math\Vector\Vector3.hpp(605,21): warning C4312: 'type cast': conversion from 'int' to 'const char *' of greater size
  (compiling source file 'src/Backend/SyncGlobals.cpp')
  
C:\Users\SANDY\OneDrive\Desktop\PROJECT\OZALERX_INTERNAL\INTERNAL\examples\example_win32_directx11\EspLines\Math\Vector\Vector3.hpp(606,21): warning C4312: 'type cast': conversion from 'int' to 'const char *' of greater size
  (compiling source file 'src/Backend/SyncGlobals.cpp')
  
C:\Users\SANDY\OneDrive\Desktop\PROJECT\OZALERX_INTERNAL\INTERNAL\SDK\Include\dxgitype.h(12,9): warning C4005: 'DXGI_STATUS_OCCLUDED': macro redefinition
  (compiling source file 'src/Backend/SyncGlobals.cpp')
      C:\Program Files (x86)\Windows Kits\10\Include\10.0.26100.0\shared\winerror.h(59282,9):
      see previous definition of 'DXGI_STATUS_OCCLUDED'
  
C:\Users\SANDY\OneDrive\Desktop\PROJECT\OZALERX_INTERNAL\INTERNAL\SDK\Include\dxgitype.h(13,9): warning C4005: 'DXGI_STATUS_CLIPPED': macro redefinition
  (compiling source file 'src/Backend/SyncGlobals.cpp')
      C:\Program Files (x86)\Windows Kits\10\Include\10.0.26100.0\shared\winerror.h(59291,9):
      see previous definition of 'DXGI_STATUS_CLIPPED'
  
C:\Users\SANDY\OneDrive\Desktop\PROJECT\OZALERX_INTERNAL\INTERNAL\SDK\Include\dxgitype.h(14,9): warning C4005: 'DXGI_STATUS_NO_REDIRECTION': macro redefinition
  (compiling source file 'src/Backend/SyncGlobals.cpp')
      C:\Program Files (x86)\Windows Kits\10\Include\10.0.26100.0\shared\winerror.h(59300,9):
      see previous definition of 'DXGI_STATUS_NO_REDIRECTION'
  
C:\Users\SANDY\OneDrive\Desktop\PROJECT\OZALERX_INTERNAL\INTERNAL\SDK\Include\dxgitype.h(15,9): warning C4005: 'DXGI_STATUS_NO_DESKTOP_ACCESS': macro redefinition
  (compiling source file 'src/Backend/SyncGlobals.cpp')
      C:\Program Files (x86)\Windows Kits\10\Include\10.0.26100.0\shared\winerror.h(59309,9):
      see previous definition of 'DXGI_STATUS_NO_DESKTOP_ACCESS'
  
C:\Users\SANDY\OneDrive\Desktop\PROJECT\OZALERX_INTERNAL\INTERNAL\SDK\Include\dxgitype.h(16,9): warning C4005: 'DXGI_STATUS_GRAPHICS_VIDPN_SOURCE_IN_USE': macro redefinition
  (compiling source file 'src/Backend/SyncGlobals.cpp')
      C:\Program Files (x86)\Windows Kits\10\Include\10.0.26100.0\shared\winerror.h(59318,9):
      see previous definition of 'DXGI_STATUS_GRAPHICS_VIDPN_SOURCE_IN_USE'
  
C:\Users\SANDY\OneDrive\Desktop\PROJECT\OZALERX_INTERNAL\INTERNAL\SDK\Include\dxgitype.h(17,9): warning C4005: 'DXGI_STATUS_MODE_CHANGED': macro redefinition
  (compiling source file 'src/Backend/SyncGlobals.cpp')
      C:\Program Files (x86)\Windows Kits\10\Include\10.0.26100.0\shared\winerror.h(59327,9):
      see previous definition of 'DXGI_STATUS_MODE_CHANGED'
  
C:\Users\SANDY\OneDrive\Desktop\PROJECT\OZALERX_INTERNAL\INTERNAL\SDK\Include\dxgitype.h(18,9): warning C4005: 'DXGI_STATUS_MODE_CHANGE_IN_PROGRESS': macro redefinition
  (compiling source file 'src/Backend/SyncGlobals.cpp')
      C:\Program Files (x86)\Windows Kits\10\Include\10.0.26100.0\shared\winerror.h(59336,9):
      see previous definition of 'DXGI_STATUS_MODE_CHANGE_IN_PROGRESS'
  
C:\Users\SANDY\OneDrive\Desktop\PROJECT\OZALERX_INTERNAL\INTERNAL\SDK\Include\dxgitype.h(21,9): warning C4005: 'DXGI_ERROR_INVALID_CALL': macro redefinition
  (compiling source file 'src/Backend/SyncGlobals.cpp')
      C:\Program Files (x86)\Windows Kits\10\Include\10.0.26100.0\shared\winerror.h(59351,9):
      see previous definition of 'DXGI_ERROR_INVALID_CALL'
  
C:\Users\SANDY\OneDrive\Desktop\PROJECT\OZALERX_INTERNAL\INTERNAL\SDK\Include\dxgitype.h(22,9): warning C4005: 'DXGI_ERROR_NOT_FOUND': macro redefinition
  (compiling source file 'src/Backend/SyncGlobals.cpp')
      C:\Program Files (x86)\Windows Kits\10\Include\10.0.26100.0\shared\winerror.h(59360,9):
      see previous definition of 'DXGI_ERROR_NOT_FOUND'
  
C:\Users\SANDY\OneDrive\Desktop\PROJECT\OZALERX_INTERNAL\INTERNAL\SDK\Include\dxgitype.h(23,9): warning C4005: 'DXGI_ERROR_MORE_DATA': macro redefinition
  (compiling source file 'src/Backend/SyncGlobals.cpp')
      C:\Program Files (x86)\Windows Kits\10\Include\10.0.26100.0\shared\winerror.h(59369,9):
      see previous definition of 'DXGI_ERROR_MORE_DATA'
  
C:\Users\SANDY\OneDrive\Desktop\PROJECT\OZALERX_INTERNAL\INTERNAL\SDK\Include\dxgitype.h(24,9): warning C4005: 'DXGI_ERROR_UNSUPPORTED': macro redefinition
  (compiling source file 'src/Backend/SyncGlobals.cpp')
      C:\Program Files (x86)\Windows Kits\10\Include\10.0.26100.0\shared\winerror.h(59378,9):
      see previous definition of 'DXGI_ERROR_UNSUPPORTED'
  
C:\Users\SANDY\OneDrive\Desktop\PROJECT\OZALERX_INTERNAL\INTERNAL\SDK\Include\dxgitype.h(25,9): warning C4005: 'DXGI_ERROR_DEVICE_REMOVED': macro redefinition
  (compiling source file 'src/Backend/SyncGlobals.cpp')
      C:\Program Files (x86)\Windows Kits\10\Include\10.0.26100.0\shared\winerror.h(59387,9):
      see previous definition of 'DXGI_ERROR_DEVICE_REMOVED'
  
C:\Users\SANDY\OneDrive\Desktop\PROJECT\OZALERX_INTERNAL\INTERNAL\SDK\Include\dxgitype.h(26,9): warning C4005: 'DXGI_ERROR_DEVICE_HUNG': macro redefinition
  (compiling source file 'src/Backend/SyncGlobals.cpp')
      C:\Program Files (x86)\Windows Kits\10\Include\10.0.26100.0\shared\winerror.h(59396,9):
      see previous definition of 'DXGI_ERROR_DEVICE_HUNG'
  
C:\Users\SANDY\OneDrive\Desktop\PROJECT\OZALERX_INTERNAL\INTERNAL\SDK\Include\dxgitype.h(27,9): warning C4005: 'DXGI_ERROR_DEVICE_RESET': macro redefinition
  (compiling source file 'src/Backend/SyncGlobals.cpp')
      C:\Program Files (x86)\Windows Kits\10\Include\10.0.26100.0\shared\winerror.h(59406,9):
      see previous definition of 'DXGI_ERROR_DEVICE_RESET'
  
C:\Users\SANDY\OneDrive\Desktop\PROJECT\OZALERX_INTERNAL\INTERNAL\SDK\Include\dxgitype.h(28,9): warning C4005: 'DXGI_ERROR_WAS_STILL_DRAWING': macro redefinition
  (compiling source file 'src/Backend/SyncGlobals.cpp')
      C:\Program Files (x86)\Windows Kits\10\Include\10.0.26100.0\shared\winerror.h(59415,9):
      see previous definition of 'DXGI_ERROR_WAS_STILL_DRAWING'
  
C:\Users\SANDY\OneDrive\Desktop\PROJECT\OZALERX_INTERNAL\INTERNAL\SDK\Include\dxgitype.h(29,9): warning C4005: 'DXGI_ERROR_FRAME_STATISTICS_DISJOINT': macro redefinition
  (compiling source file 'src/Backend/SyncGlobals.cpp')
      C:\Program Files (x86)\Windows Kits\10\Include\10.0.26100.0\shared\winerror.h(59425,9):
      see previous definition of 'DXGI_ERROR_FRAME_STATISTICS_DISJOINT'
  
C:\Users\SANDY\OneDrive\Desktop\PROJECT\OZALERX_INTERNAL\INTERNAL\SDK\Include\dxgitype.h(30,9): warning C4005: 'DXGI_ERROR_GRAPHICS_VIDPN_SOURCE_IN_USE': macro redefinition
  (compiling source file 'src/Backend/SyncGlobals.cpp')
      C:\Program Files (x86)\Windows Kits\10\Include\10.0.26100.0\shared\winerror.h(59434,9):
      see previous definition of 'DXGI_ERROR_GRAPHICS_VIDPN_SOURCE_IN_USE'
  
C:\Users\SANDY\OneDrive\Desktop\PROJECT\OZALERX_INTERNAL\INTERNAL\SDK\Include\dxgitype.h(31,9): warning C4005: 'DXGI_ERROR_DRIVER_INTERNAL_ERROR': macro redefinition
  (compiling source file 'src/Backend/SyncGlobals.cpp')
      C:\Program Files (x86)\Windows Kits\10\Include\10.0.26100.0\shared\winerror.h(59444,9):
      see previous definition of 'DXGI_ERROR_DRIVER_INTERNAL_ERROR'
  
C:\Users\SANDY\OneDrive\Desktop\PROJECT\OZALERX_INTERNAL\INTERNAL\SDK\Include\dxgitype.h(32,9): warning C4005: 'DXGI_ERROR_NONEXCLUSIVE': macro redefinition
  (compiling source file 'src/Backend/SyncGlobals.cpp')
      C:\Program Files (x86)\Windows Kits\10\Include\10.0.26100.0\shared\winerror.h(59453,9):
      see previous definition of 'DXGI_ERROR_NONEXCLUSIVE'
  
C:\Users\SANDY\OneDrive\Desktop\PROJECT\OZALERX_INTERNAL\INTERNAL\SDK\Include\dxgitype.h(33,9): warning C4005: 'DXGI_ERROR_NOT_CURRENTLY_AVAILABLE': macro redefinition
  (compiling source file 'src/Backend/SyncGlobals.cpp')
      C:\Program Files (x86)\Windows Kits\10\Include\10.0.26100.0\shared\winerror.h(59462,9):
      see previous definition of 'DXGI_ERROR_NOT_CURRENTLY_AVAILABLE'
  
C:\Users\SANDY\OneDrive\Desktop\PROJECT\OZALERX_INTERNAL\INTERNAL\SDK\Include\dxgitype.h(34,9): warning C4005: 'DXGI_ERROR_REMOTE_CLIENT_DISCONNECTED': macro redefinition
  (compiling source file 'src/Backend/SyncGlobals.cpp')
      C:\Program Files (x86)\Windows Kits\10\Include\10.0.26100.0\shared\winerror.h(59472,9):
      see previous definition of 'DXGI_ERROR_REMOTE_CLIENT_DISCONNECTED'
  
C:\Users\SANDY\OneDrive\Desktop\PROJECT\OZALERX_INTERNAL\INTERNAL\SDK\Include\dxgitype.h(35,9): warning C4005: 'DXGI_ERROR_REMOTE_OUTOFMEMORY': macro redefinition
  (compiling source file 'src/Backend/SyncGlobals.cpp')
      C:\Program Files (x86)\Windows Kits\10\Include\10.0.26100.0\shared\winerror.h(59481,9):
      see previous definition of 'DXGI_ERROR_REMOTE_OUTOFMEMORY'
  
C:\Users\SANDY\OneDrive\Desktop\PROJECT\OZALERX_INTERNAL\INTERNAL\SDK\Include\d3d11.h(917,9): warning C4005: 'D3D11_ERROR_TOO_MANY_UNIQUE_STATE_OBJECTS': macro redefinition
  (compiling source file 'src/Backend/SyncGlobals.cpp')
      C:\Program Files (x86)\Windows Kits\10\Include\10.0.26100.0\shared\winerror.h(59796,9):
      see previous definition of 'D3D11_ERROR_TOO_MANY_UNIQUE_STATE_OBJECTS'
  
C:\Users\SANDY\OneDrive\Desktop\PROJECT\OZALERX_INTERNAL\INTERNAL\SDK\Include\d3d11.h(918,9): warning C4005: 'D3D11_ERROR_FILE_NOT_FOUND': macro redefinition
  (compiling source file 'src/Backend/SyncGlobals.cpp')
      C:\Program Files (x86)\Windows Kits\10\Include\10.0.26100.0\shared\winerror.h(59805,9):
      see previous definition of 'D3D11_ERROR_FILE_NOT_FOUND'
  
C:\Users\SANDY\OneDrive\Desktop\PROJECT\OZALERX_INTERNAL\INTERNAL\SDK\Include\d3d11.h(919,9): warning C4005: 'D3D11_ERROR_TOO_MANY_UNIQUE_VIEW_OBJECTS': macro redefinition
  (compiling source file 'src/Backend/SyncGlobals.cpp')
      C:\Program Files (x86)\Windows Kits\10\Include\10.0.26100.0\shared\winerror.h(59815,9):
      see previous definition of 'D3D11_ERROR_TOO_MANY_UNIQUE_VIEW_OBJECTS'
  
C:\Users\SANDY\OneDrive\Desktop\PROJECT\OZALERX_INTERNAL\INTERNAL\SDK\Include\d3d11.h(920,9): warning C4005: 'D3D11_ERROR_DEFERRED_CONTEXT_MAP_WITHOUT_INITIAL_DISCARD': macro redefinition
  (compiling source file 'src/Backend/SyncGlobals.cpp')
      C:\Program Files (x86)\Windows Kits\10\Include\10.0.26100.0\shared\winerror.h(59824,9):
      see previous definition of 'D3D11_ERROR_DEFERRED_CONTEXT_MAP_WITHOUT_INITIAL_DISCARD'
  
C:\Users\SANDY\OneDrive\Desktop\PROJECT\OZALERX_INTERNAL\INTERNAL\SDK\Include\d3d10.h(608,9): warning C4005: 'D3D10_ERROR_TOO_MANY_UNIQUE_STATE_OBJECTS': macro redefinition
  (compiling source file 'src/Backend/SyncGlobals.cpp')
      C:\Program Files (x86)\Windows Kits\10\Include\10.0.26100.0\shared\winerror.h(59772,9):
      see previous definition of 'D3D10_ERROR_TOO_MANY_UNIQUE_STATE_OBJECTS'
  
C:\Users\SANDY\OneDrive\Desktop\PROJECT\OZALERX_INTERNAL\INTERNAL\SDK\Include\d3d10.h(609,9): warning C4005: 'D3D10_ERROR_FILE_NOT_FOUND': macro redefinition
  (compiling source file 'src/Backend/SyncGlobals.cpp')
      C:\Program Files (x86)\Windows Kits\10\Include\10.0.26100.0\shared\winerror.h(59781,9):
      see previous definition of 'D3D10_ERROR_FILE_NOT_FOUND'
  
  Compiling...
  Fonts.cpp
C:\Users\SANDY\OneDrive\Desktop\PROJECT\OZALERX_INTERNAL\INTERNAL\examples\example_win32_directx11\src\Fonts\Fonts.hpp(3,9): warning C4005: 'IMGUI_DEFINE_MATH_OPERATORS': macro redefinition
  (compiling source file 'src/Fonts/Fonts.cpp')
      C:\Users\SANDY\OneDrive\Desktop\PROJECT\OZALERX_INTERNAL\INTERNAL\examples\example_win32_directx11\src\Fonts\Fonts.hpp(3,9):
      'IMGUI_DEFINE_MATH_OPERATORS' previously declared on the command line
  
C:\Users\SANDY\OneDrive\Desktop\PROJECT\OZALERX_INTERNAL\INTERNAL\SDK\Include\dxgitype.h(12,9): warning C4005: 'DXGI_STATUS_OCCLUDED': macro redefinition
  (compiling source file 'src/Fonts/Fonts.cpp')
      C:\Program Files (x86)\Windows Kits\10\Include\10.0.26100.0\shared\winerror.h(59282,9):
      see previous definition of 'DXGI_STATUS_OCCLUDED'
  
C:\Users\SANDY\OneDrive\Desktop\PROJECT\OZALERX_INTERNAL\INTERNAL\SDK\Include\dxgitype.h(13,9): warning C4005: 'DXGI_STATUS_CLIPPED': macro redefinition
  (compiling source file 'src/Fonts/Fonts.cpp')
      C:\Program Files (x86)\Windows Kits\10\Include\10.0.26100.0\shared\winerror.h(59291,9):
      see previous definition of 'DXGI_STATUS_CLIPPED'
  
C:\Users\SANDY\OneDrive\Desktop\PROJECT\OZALERX_INTERNAL\INTERNAL\SDK\Include\dxgitype.h(14,9): warning C4005: 'DXGI_STATUS_NO_REDIRECTION': macro redefinition
  (compiling source file 'src/Fonts/Fonts.cpp')
      C:\Program Files (x86)\Windows Kits\10\Include\10.0.26100.0\shared\winerror.h(59300,9):
      see previous definition of 'DXGI_STATUS_NO_REDIRECTION'
  
C:\Users\SANDY\OneDrive\Desktop\PROJECT\OZALERX_INTERNAL\INTERNAL\SDK\Include\dxgitype.h(15,9): warning C4005: 'DXGI_STATUS_NO_DESKTOP_ACCESS': macro redefinition
  (compiling source file 'src/Fonts/Fonts.cpp')
      C:\Program Files (x86)\Windows Kits\10\Include\10.0.26100.0\shared\winerror.h(59309,9):
      see previous definition of 'DXGI_STATUS_NO_DESKTOP_ACCESS'
  
C:\Users\SANDY\OneDrive\Desktop\PROJECT\OZALERX_INTERNAL\INTERNAL\SDK\Include\dxgitype.h(16,9): warning C4005: 'DXGI_STATUS_GRAPHICS_VIDPN_SOURCE_IN_USE': macro redefinition
  (compiling source file 'src/Fonts/Fonts.cpp')
      C:\Program Files (x86)\Windows Kits\10\Include\10.0.26100.0\shared\winerror.h(59318,9):
      see previous definition of 'DXGI_STATUS_GRAPHICS_VIDPN_SOURCE_IN_USE'
  
C:\Users\SANDY\OneDrive\Desktop\PROJECT\OZALERX_INTERNAL\INTERNAL\SDK\Include\dxgitype.h(17,9): warning C4005: 'DXGI_STATUS_MODE_CHANGED': macro redefinition
  (compiling source file 'src/Fonts/Fonts.cpp')
      C:\Program Files (x86)\Windows Kits\10\Include\10.0.26100.0\shared\winerror.h(59327,9):
      see previous definition of 'DXGI_STATUS_MODE_CHANGED'
  
C:\Users\SANDY\OneDrive\Desktop\PROJECT\OZALERX_INTERNAL\INTERNAL\SDK\Include\dxgitype.h(18,9): warning C4005: 'DXGI_STATUS_MODE_CHANGE_IN_PROGRESS': macro redefinition
  (compiling source file 'src/Fonts/Fonts.cpp')
      C:\Program Files (x86)\Windows Kits\10\Include\10.0.26100.0\shared\winerror.h(59336,9):
      see previous definition of 'DXGI_STATUS_MODE_CHANGE_IN_PROGRESS'
  
C:\Users\SANDY\OneDrive\Desktop\PROJECT\OZALERX_INTERNAL\INTERNAL\SDK\Include\dxgitype.h(21,9): warning C4005: 'DXGI_ERROR_INVALID_CALL': macro redefinition
  (compiling source file 'src/Fonts/Fonts.cpp')
      C:\Program Files (x86)\Windows Kits\10\Include\10.0.26100.0\shared\winerror.h(59351,9):
      see previous definition of 'DXGI_ERROR_INVALID_CALL'
  
C:\Users\SANDY\OneDrive\Desktop\PROJECT\OZALERX_INTERNAL\INTERNAL\SDK\Include\dxgitype.h(22,9): warning C4005: 'DXGI_ERROR_NOT_FOUND': macro redefinition
  (compiling source file 'src/Fonts/Fonts.cpp')
      C:\Program Files (x86)\Windows Kits\10\Include\10.0.26100.0\shared\winerror.h(59360,9):
      see previous definition of 'DXGI_ERROR_NOT_FOUND'
  
C:\Users\SANDY\OneDrive\Desktop\PROJECT\OZALERX_INTERNAL\INTERNAL\SDK\Include\dxgitype.h(23,9): warning C4005: 'DXGI_ERROR_MORE_DATA': macro redefinition
  (compiling source file 'src/Fonts/Fonts.cpp')
      C:\Program Files (x86)\Windows Kits\10\Include\10.0.26100.0\shared\winerror.h(59369,9):
      see previous definition of 'DXGI_ERROR_MORE_DATA'
  
C:\Users\SANDY\OneDrive\Desktop\PROJECT\OZALERX_INTERNAL\INTERNAL\SDK\Include\dxgitype.h(24,9): warning C4005: 'DXGI_ERROR_UNSUPPORTED': macro redefinition
  (compiling source file 'src/Fonts/Fonts.cpp')
      C:\Program Files (x86)\Windows Kits\10\Include\10.0.26100.0\shared\winerror.h(59378,9):
      see previous definition of 'DXGI_ERROR_UNSUPPORTED'
  
C:\Users\SANDY\OneDrive\Desktop\PROJECT\OZALERX_INTERNAL\INTERNAL\SDK\Include\dxgitype.h(25,9): warning C4005: 'DXGI_ERROR_DEVICE_REMOVED': macro redefinition
  (compiling source file 'src/Fonts/Fonts.cpp')
      C:\Program Files (x86)\Windows Kits\10\Include\10.0.26100.0\shared\winerror.h(59387,9):
      see previous definition of 'DXGI_ERROR_DEVICE_REMOVED'
  
C:\Users\SANDY\OneDrive\Desktop\PROJECT\OZALERX_INTERNAL\INTERNAL\SDK\Include\dxgitype.h(26,9): warning C4005: 'DXGI_ERROR_DEVICE_HUNG': macro redefinition
  (compiling source file 'src/Fonts/Fonts.cpp')
      C:\Program Files (x86)\Windows Kits\10\Include\10.0.26100.0\shared\winerror.h(59396,9):
      see previous definition of 'DXGI_ERROR_DEVICE_HUNG'
  
C:\Users\SANDY\OneDrive\Desktop\PROJECT\OZALERX_INTERNAL\INTERNAL\SDK\Include\dxgitype.h(27,9): warning C4005: 'DXGI_ERROR_DEVICE_RESET': macro redefinition
  (compiling source file 'src/Fonts/Fonts.cpp')
      C:\Program Files (x86)\Windows Kits\10\Include\10.0.26100.0\shared\winerror.h(59406,9):
      see previous definition of 'DXGI_ERROR_DEVICE_RESET'
  
C:\Users\SANDY\OneDrive\Desktop\PROJECT\OZALERX_INTERNAL\INTERNAL\SDK\Include\dxgitype.h(28,9): warning C4005: 'DXGI_ERROR_WAS_STILL_DRAWING': macro redefinition
  (compiling source file 'src/Fonts/Fonts.cpp')
      C:\Program Files (x86)\Windows Kits\10\Include\10.0.26100.0\shared\winerror.h(59415,9):
      see previous definition of 'DXGI_ERROR_WAS_STILL_DRAWING'
  
C:\Users\SANDY\OneDrive\Desktop\PROJECT\OZALERX_INTERNAL\INTERNAL\SDK\Include\dxgitype.h(29,9): warning C4005: 'DXGI_ERROR_FRAME_STATISTICS_DISJOINT': macro redefinition
  (compiling source file 'src/Fonts/Fonts.cpp')
      C:\Program Files (x86)\Windows Kits\10\Include\10.0.26100.0\shared\winerror.h(59425,9):
      see previous definition of 'DXGI_ERROR_FRAME_STATISTICS_DISJOINT'
  
C:\Users\SANDY\OneDrive\Desktop\PROJECT\OZALERX_INTERNAL\INTERNAL\SDK\Include\dxgitype.h(30,9): warning C4005: 'DXGI_ERROR_GRAPHICS_VIDPN_SOURCE_IN_USE': macro redefinition
  (compiling source file 'src/Fonts/Fonts.cpp')
      C:\Program Files (x86)\Windows Kits\10\Include\10.0.26100.0\shared\winerror.h(59434,9):
      see previous definition of 'DXGI_ERROR_GRAPHICS_VIDPN_SOURCE_IN_USE'
  
C:\Users\SANDY\OneDrive\Desktop\PROJECT\OZALERX_INTERNAL\INTERNAL\SDK\Include\dxgitype.h(31,9): warning C4005: 'DXGI_ERROR_DRIVER_INTERNAL_ERROR': macro redefinition
  (compiling source file 'src/Fonts/Fonts.cpp')
      C:\Program Files (x86)\Windows Kits\10\Include\10.0.26100.0\shared\winerror.h(59444,9):
      see previous definition of 'DXGI_ERROR_DRIVER_INTERNAL_ERROR'
  
C:\Users\SANDY\OneDrive\Desktop\PROJECT\OZALERX_INTERNAL\INTERNAL\SDK\Include\dxgitype.h(32,9): warning C4005: 'DXGI_ERROR_NONEXCLUSIVE': macro redefinition
  (compiling source file 'src/Fonts/Fonts.cpp')
      C:\Program Files (x86)\Windows Kits\10\Include\10.0.26100.0\shared\winerror.h(59453,9):
      see previous definition of 'DXGI_ERROR_NONEXCLUSIVE'
  
C:\Users\SANDY\OneDrive\Desktop\PROJECT\OZALERX_INTERNAL\INTERNAL\SDK\Include\dxgitype.h(33,9): warning C4005: 'DXGI_ERROR_NOT_CURRENTLY_AVAILABLE': macro redefinition
  (compiling source file 'src/Fonts/Fonts.cpp')
      C:\Program Files (x86)\Windows Kits\10\Include\10.0.26100.0\shared\winerror.h(59462,9):
      see previous definition of 'DXGI_ERROR_NOT_CURRENTLY_AVAILABLE'
  
C:\Users\SANDY\OneDrive\Desktop\PROJECT\OZALERX_INTERNAL\INTERNAL\SDK\Include\dxgitype.h(34,9): warning C4005: 'DXGI_ERROR_REMOTE_CLIENT_DISCONNECTED': macro redefinition
  (compiling source file 'src/Fonts/Fonts.cpp')
      C:\Program Files (x86)\Windows Kits\10\Include\10.0.26100.0\shared\winerror.h(59472,9):
      see previous definition of 'DXGI_ERROR_REMOTE_CLIENT_DISCONNECTED'
  
C:\Users\SANDY\OneDrive\Desktop\PROJECT\OZALERX_INTERNAL\INTERNAL\SDK\Include\dxgitype.h(35,9): warning C4005: 'DXGI_ERROR_REMOTE_OUTOFMEMORY': macro redefinition
  (compiling source file 'src/Fonts/Fonts.cpp')
      C:\Program Files (x86)\Windows Kits\10\Include\10.0.26100.0\shared\winerror.h(59481,9):
      see previous definition of 'DXGI_ERROR_REMOTE_OUTOFMEMORY'
  
C:\Users\SANDY\OneDrive\Desktop\PROJECT\OZALERX_INTERNAL\INTERNAL\SDK\Include\d3d11.h(917,9): warning C4005: 'D3D11_ERROR_TOO_MANY_UNIQUE_STATE_OBJECTS': macro redefinition
  (compiling source file 'src/Fonts/Fonts.cpp')
      C:\Program Files (x86)\Windows Kits\10\Include\10.0.26100.0\shared\winerror.h(59796,9):
      see previous definition of 'D3D11_ERROR_TOO_MANY_UNIQUE_STATE_OBJECTS'
  
C:\Users\SANDY\OneDrive\Desktop\PROJECT\OZALERX_INTERNAL\INTERNAL\SDK\Include\d3d11.h(918,9): warning C4005: 'D3D11_ERROR_FILE_NOT_FOUND': macro redefinition
  (compiling source file 'src/Fonts/Fonts.cpp')
      C:\Program Files (x86)\Windows Kits\10\Include\10.0.26100.0\shared\winerror.h(59805,9):
      see previous definition of 'D3D11_ERROR_FILE_NOT_FOUND'
  
C:\Users\SANDY\OneDrive\Desktop\PROJECT\OZALERX_INTERNAL\INTERNAL\SDK\Include\d3d11.h(919,9): warning C4005: 'D3D11_ERROR_TOO_MANY_UNIQUE_VIEW_OBJECTS': macro redefinition
  (compiling source file 'src/Fonts/Fonts.cpp')
      C:\Program Files (x86)\Windows Kits\10\Include\10.0.26100.0\shared\winerror.h(59815,9):
      see previous definition of 'D3D11_ERROR_TOO_MANY_UNIQUE_VIEW_OBJECTS'
  
C:\Users\SANDY\OneDrive\Desktop\PROJECT\OZALERX_INTERNAL\INTERNAL\SDK\Include\d3d11.h(920,9): warning C4005: 'D3D11_ERROR_DEFERRED_CONTEXT_MAP_WITHOUT_INITIAL_DISCARD': macro redefinition
  (compiling source file 'src/Fonts/Fonts.cpp')
      C:\Program Files (x86)\Windows Kits\10\Include\10.0.26100.0\shared\winerror.h(59824,9):
      see previous definition of 'D3D11_ERROR_DEFERRED_CONTEXT_MAP_WITHOUT_INITIAL_DISCARD'
  
C:\Users\SANDY\OneDrive\Desktop\PROJECT\OZALERX_INTERNAL\INTERNAL\SDK\Include\d3d10.h(608,9): warning C4005: 'D3D10_ERROR_TOO_MANY_UNIQUE_STATE_OBJECTS': macro redefinition
  (compiling source file 'src/Fonts/Fonts.cpp')
      C:\Program Files (x86)\Windows Kits\10\Include\10.0.26100.0\shared\winerror.h(59772,9):
      see previous definition of 'D3D10_ERROR_TOO_MANY_UNIQUE_STATE_OBJECTS'
  
C:\Users\SANDY\OneDrive\Desktop\PROJECT\OZALERX_INTERNAL\INTERNAL\SDK\Include\d3d10.h(609,9): warning C4005: 'D3D10_ERROR_FILE_NOT_FOUND': macro redefinition
  (compiling source file 'src/Fonts/Fonts.cpp')
      C:\Program Files (x86)\Windows Kits\10\Include\10.0.26100.0\shared\winerror.h(59781,9):
      see previous definition of 'D3D10_ERROR_FILE_NOT_FOUND'
  
C:\Users\SANDY\OneDrive\Desktop\PROJECT\OZALERX_INTERNAL\INTERNAL\examples\example_win32_directx11\src\Fonts\FontAwesome.hpp(782,9): warning C4005: 'ICON_FA_SLIDERS_H': macro redefinition
  (compiling source file 'src/Fonts/Fonts.cpp')
      C:\Users\SANDY\OneDrive\Desktop\PROJECT\OZALERX_INTERNAL\INTERNAL\examples\example_win32_directx11\src\Fonts\FontAwesome.hpp(18,9):
      see previous definition of 'ICON_FA_SLIDERS_H'
  
C:\Users\SANDY\OneDrive\Desktop\PROJECT\OZALERX_INTERNAL\INTERNAL\examples\example_win32_directx11\src\Fonts\Fonts.cpp(80,42): warning C4100: 'Device': unreferenced parameter
  Compiling...
  Overlay.cpp
C:\Users\SANDY\OneDrive\Desktop\PROJECT\OZALERX_INTERNAL\INTERNAL\SDK\Include\dxgitype.h(12,9): warning C4005: 'DXGI_STATUS_OCCLUDED': macro redefinition
  (compiling source file 'src/Overlay/Overlay.cpp')
      C:\Program Files (x86)\Windows Kits\10\Include\10.0.26100.0\shared\winerror.h(59282,9):
      see previous definition of 'DXGI_STATUS_OCCLUDED'
  
C:\Users\SANDY\OneDrive\Desktop\PROJECT\OZALERX_INTERNAL\INTERNAL\SDK\Include\dxgitype.h(13,9): warning C4005: 'DXGI_STATUS_CLIPPED': macro redefinition
  (compiling source file 'src/Overlay/Overlay.cpp')
      C:\Program Files (x86)\Windows Kits\10\Include\10.0.26100.0\shared\winerror.h(59291,9):
      see previous definition of 'DXGI_STATUS_CLIPPED'
  
C:\Users\SANDY\OneDrive\Desktop\PROJECT\OZALERX_INTERNAL\INTERNAL\SDK\Include\dxgitype.h(14,9): warning C4005: 'DXGI_STATUS_NO_REDIRECTION': macro redefinition
  (compiling source file 'src/Overlay/Overlay.cpp')
      C:\Program Files (x86)\Windows Kits\10\Include\10.0.26100.0\shared\winerror.h(59300,9):
      see previous definition of 'DXGI_STATUS_NO_REDIRECTION'
  
C:\Users\SANDY\OneDrive\Desktop\PROJECT\OZALERX_INTERNAL\INTERNAL\SDK\Include\dxgitype.h(15,9): warning C4005: 'DXGI_STATUS_NO_DESKTOP_ACCESS': macro redefinition
  (compiling source file 'src/Overlay/Overlay.cpp')
      C:\Program Files (x86)\Windows Kits\10\Include\10.0.26100.0\shared\winerror.h(59309,9):
      see previous definition of 'DXGI_STATUS_NO_DESKTOP_ACCESS'
  
C:\Users\SANDY\OneDrive\Desktop\PROJECT\OZALERX_INTERNAL\INTERNAL\SDK\Include\dxgitype.h(16,9): warning C4005: 'DXGI_STATUS_GRAPHICS_VIDPN_SOURCE_IN_USE': macro redefinition
  (compiling source file 'src/Overlay/Overlay.cpp')
      C:\Program Files (x86)\Windows Kits\10\Include\10.0.26100.0\shared\winerror.h(59318,9):
      see previous definition of 'DXGI_STATUS_GRAPHICS_VIDPN_SOURCE_IN_USE'
  
C:\Users\SANDY\OneDrive\Desktop\PROJECT\OZALERX_INTERNAL\INTERNAL\SDK\Include\dxgitype.h(17,9): warning C4005: 'DXGI_STATUS_MODE_CHANGED': macro redefinition
  (compiling source file 'src/Overlay/Overlay.cpp')
      C:\Program Files (x86)\Windows Kits\10\Include\10.0.26100.0\shared\winerror.h(59327,9):
      see previous definition of 'DXGI_STATUS_MODE_CHANGED'
  
C:\Users\SANDY\OneDrive\Desktop\PROJECT\OZALERX_INTERNAL\INTERNAL\SDK\Include\dxgitype.h(18,9): warning C4005: 'DXGI_STATUS_MODE_CHANGE_IN_PROGRESS': macro redefinition
  (compiling source file 'src/Overlay/Overlay.cpp')
      C:\Program Files (x86)\Windows Kits\10\Include\10.0.26100.0\shared\winerror.h(59336,9):
      see previous definition of 'DXGI_STATUS_MODE_CHANGE_IN_PROGRESS'
  
C:\Users\SANDY\OneDrive\Desktop\PROJECT\OZALERX_INTERNAL\INTERNAL\SDK\Include\dxgitype.h(21,9): warning C4005: 'DXGI_ERROR_INVALID_CALL': macro redefinition
  (compiling source file 'src/Overlay/Overlay.cpp')
      C:\Program Files (x86)\Windows Kits\10\Include\10.0.26100.0\shared\winerror.h(59351,9):
      see previous definition of 'DXGI_ERROR_INVALID_CALL'
  
C:\Users\SANDY\OneDrive\Desktop\PROJECT\OZALERX_INTERNAL\INTERNAL\SDK\Include\dxgitype.h(22,9): warning C4005: 'DXGI_ERROR_NOT_FOUND': macro redefinition
  (compiling source file 'src/Overlay/Overlay.cpp')
      C:\Program Files (x86)\Windows Kits\10\Include\10.0.26100.0\shared\winerror.h(59360,9):
      see previous definition of 'DXGI_ERROR_NOT_FOUND'
  
C:\Users\SANDY\OneDrive\Desktop\PROJECT\OZALERX_INTERNAL\INTERNAL\SDK\Include\dxgitype.h(23,9): warning C4005: 'DXGI_ERROR_MORE_DATA': macro redefinition
  (compiling source file 'src/Overlay/Overlay.cpp')
      C:\Program Files (x86)\Windows Kits\10\Include\10.0.26100.0\shared\winerror.h(59369,9):
      see previous definition of 'DXGI_ERROR_MORE_DATA'
  
C:\Users\SANDY\OneDrive\Desktop\PROJECT\OZALERX_INTERNAL\INTERNAL\SDK\Include\dxgitype.h(24,9): warning C4005: 'DXGI_ERROR_UNSUPPORTED': macro redefinition
  (compiling source file 'src/Overlay/Overlay.cpp')
      C:\Program Files (x86)\Windows Kits\10\Include\10.0.26100.0\shared\winerror.h(59378,9):
      see previous definition of 'DXGI_ERROR_UNSUPPORTED'
  
C:\Users\SANDY\OneDrive\Desktop\PROJECT\OZALERX_INTERNAL\INTERNAL\SDK\Include\dxgitype.h(25,9): warning C4005: 'DXGI_ERROR_DEVICE_REMOVED': macro redefinition
  (compiling source file 'src/Overlay/Overlay.cpp')
      C:\Program Files (x86)\Windows Kits\10\Include\10.0.26100.0\shared\winerror.h(59387,9):
      see previous definition of 'DXGI_ERROR_DEVICE_REMOVED'
  
C:\Users\SANDY\OneDrive\Desktop\PROJECT\OZALERX_INTERNAL\INTERNAL\SDK\Include\dxgitype.h(26,9): warning C4005: 'DXGI_ERROR_DEVICE_HUNG': macro redefinition
  (compiling source file 'src/Overlay/Overlay.cpp')
      C:\Program Files (x86)\Windows Kits\10\Include\10.0.26100.0\shared\winerror.h(59396,9):
      see previous definition of 'DXGI_ERROR_DEVICE_HUNG'
  
C:\Users\SANDY\OneDrive\Desktop\PROJECT\OZALERX_INTERNAL\INTERNAL\SDK\Include\dxgitype.h(27,9): warning C4005: 'DXGI_ERROR_DEVICE_RESET': macro redefinition
  (compiling source file 'src/Overlay/Overlay.cpp')
      C:\Program Files (x86)\Windows Kits\10\Include\10.0.26100.0\shared\winerror.h(59406,9):
      see previous definition of 'DXGI_ERROR_DEVICE_RESET'
  
C:\Users\SANDY\OneDrive\Desktop\PROJECT\OZALERX_INTERNAL\INTERNAL\SDK\Include\dxgitype.h(28,9): warning C4005: 'DXGI_ERROR_WAS_STILL_DRAWING': macro redefinition
  (compiling source file 'src/Overlay/Overlay.cpp')
      C:\Program Files (x86)\Windows Kits\10\Include\10.0.26100.0\shared\winerror.h(59415,9):
      see previous definition of 'DXGI_ERROR_WAS_STILL_DRAWING'
  
C:\Users\SANDY\OneDrive\Desktop\PROJECT\OZALERX_INTERNAL\INTERNAL\SDK\Include\dxgitype.h(29,9): warning C4005: 'DXGI_ERROR_FRAME_STATISTICS_DISJOINT': macro redefinition
  (compiling source file 'src/Overlay/Overlay.cpp')
      C:\Program Files (x86)\Windows Kits\10\Include\10.0.26100.0\shared\winerror.h(59425,9):
      see previous definition of 'DXGI_ERROR_FRAME_STATISTICS_DISJOINT'
  
C:\Users\SANDY\OneDrive\Desktop\PROJECT\OZALERX_INTERNAL\INTERNAL\SDK\Include\dxgitype.h(30,9): warning C4005: 'DXGI_ERROR_GRAPHICS_VIDPN_SOURCE_IN_USE': macro redefinition
  (compiling source file 'src/Overlay/Overlay.cpp')
      C:\Program Files (x86)\Windows Kits\10\Include\10.0.26100.0\shared\winerror.h(59434,9):
      see previous definition of 'DXGI_ERROR_GRAPHICS_VIDPN_SOURCE_IN_USE'
  
C:\Users\SANDY\OneDrive\Desktop\PROJECT\OZALERX_INTERNAL\INTERNAL\SDK\Include\dxgitype.h(31,9): warning C4005: 'DXGI_ERROR_DRIVER_INTERNAL_ERROR': macro redefinition
  (compiling source file 'src/Overlay/Overlay.cpp')
      C:\Program Files (x86)\Windows Kits\10\Include\10.0.26100.0\shared\winerror.h(59444,9):
      see previous definition of 'DXGI_ERROR_DRIVER_INTERNAL_ERROR'
  
C:\Users\SANDY\OneDrive\Desktop\PROJECT\OZALERX_INTERNAL\INTERNAL\SDK\Include\dxgitype.h(32,9): warning C4005: 'DXGI_ERROR_NONEXCLUSIVE': macro redefinition
  (compiling source file 'src/Overlay/Overlay.cpp')
      C:\Program Files (x86)\Windows Kits\10\Include\10.0.26100.0\shared\winerror.h(59453,9):
      see previous definition of 'DXGI_ERROR_NONEXCLUSIVE'
  
C:\Users\SANDY\OneDrive\Desktop\PROJECT\OZALERX_INTERNAL\INTERNAL\SDK\Include\dxgitype.h(33,9): warning C4005: 'DXGI_ERROR_NOT_CURRENTLY_AVAILABLE': macro redefinition
  (compiling source file 'src/Overlay/Overlay.cpp')
      C:\Program Files (x86)\Windows Kits\10\Include\10.0.26100.0\shared\winerror.h(59462,9):
      see previous definition of 'DXGI_ERROR_NOT_CURRENTLY_AVAILABLE'
  
C:\Users\SANDY\OneDrive\Desktop\PROJECT\OZALERX_INTERNAL\INTERNAL\SDK\Include\dxgitype.h(34,9): warning C4005: 'DXGI_ERROR_REMOTE_CLIENT_DISCONNECTED': macro redefinition
  (compiling source file 'src/Overlay/Overlay.cpp')
      C:\Program Files (x86)\Windows Kits\10\Include\10.0.26100.0\shared\winerror.h(59472,9):
      see previous definition of 'DXGI_ERROR_REMOTE_CLIENT_DISCONNECTED'
  
C:\Users\SANDY\OneDrive\Desktop\PROJECT\OZALERX_INTERNAL\INTERNAL\SDK\Include\dxgitype.h(35,9): warning C4005: 'DXGI_ERROR_REMOTE_OUTOFMEMORY': macro redefinition
  (compiling source file 'src/Overlay/Overlay.cpp')
      C:\Program Files (x86)\Windows Kits\10\Include\10.0.26100.0\shared\winerror.h(59481,9):
      see previous definition of 'DXGI_ERROR_REMOTE_OUTOFMEMORY'
  
C:\Users\SANDY\OneDrive\Desktop\PROJECT\OZALERX_INTERNAL\INTERNAL\SDK\Include\d3d11.h(917,9): warning C4005: 'D3D11_ERROR_TOO_MANY_UNIQUE_STATE_OBJECTS': macro redefinition
  (compiling source file 'src/Overlay/Overlay.cpp')
      C:\Program Files (x86)\Windows Kits\10\Include\10.0.26100.0\shared\winerror.h(59796,9):
      see previous definition of 'D3D11_ERROR_TOO_MANY_UNIQUE_STATE_OBJECTS'
  
C:\Users\SANDY\OneDrive\Desktop\PROJECT\OZALERX_INTERNAL\INTERNAL\SDK\Include\d3d11.h(918,9): warning C4005: 'D3D11_ERROR_FILE_NOT_FOUND': macro redefinition
  (compiling source file 'src/Overlay/Overlay.cpp')
      C:\Program Files (x86)\Windows Kits\10\Include\10.0.26100.0\shared\winerror.h(59805,9):
      see previous definition of 'D3D11_ERROR_FILE_NOT_FOUND'
  
C:\Users\SANDY\OneDrive\Desktop\PROJECT\OZALERX_INTERNAL\INTERNAL\SDK\Include\d3d11.h(919,9): warning C4005: 'D3D11_ERROR_TOO_MANY_UNIQUE_VIEW_OBJECTS': macro redefinition
  (compiling source file 'src/Overlay/Overlay.cpp')
      C:\Program Files (x86)\Windows Kits\10\Include\10.0.26100.0\shared\winerror.h(59815,9):
      see previous definition of 'D3D11_ERROR_TOO_MANY_UNIQUE_VIEW_OBJECTS'
  
C:\Users\SANDY\OneDrive\Desktop\PROJECT\OZALERX_INTERNAL\INTERNAL\SDK\Include\d3d11.h(920,9): warning C4005: 'D3D11_ERROR_DEFERRED_CONTEXT_MAP_WITHOUT_INITIAL_DISCARD': macro redefinition
  (compiling source file 'src/Overlay/Overlay.cpp')
      C:\Program Files (x86)\Windows Kits\10\Include\10.0.26100.0\shared\winerror.h(59824,9):
      see previous definition of 'D3D11_ERROR_DEFERRED_CONTEXT_MAP_WITHOUT_INITIAL_DISCARD'
  
C:\Users\SANDY\OneDrive\Desktop\PROJECT\OZALERX_INTERNAL\INTERNAL\SDK\Include\d3d10.h(608,9): warning C4005: 'D3D10_ERROR_TOO_MANY_UNIQUE_STATE_OBJECTS': macro redefinition
  (compiling source file 'src/Overlay/Overlay.cpp')
      C:\Program Files (x86)\Windows Kits\10\Include\10.0.26100.0\shared\winerror.h(59772,9):
      see previous definition of 'D3D10_ERROR_TOO_MANY_UNIQUE_STATE_OBJECTS'
  
C:\Users\SANDY\OneDrive\Desktop\PROJECT\OZALERX_INTERNAL\INTERNAL\SDK\Include\d3d10.h(609,9): warning C4005: 'D3D10_ERROR_FILE_NOT_FOUND': macro redefinition
  (compiling source file 'src/Overlay/Overlay.cpp')
      C:\Program Files (x86)\Windows Kits\10\Include\10.0.26100.0\shared\winerror.h(59781,9):
      see previous definition of 'D3D10_ERROR_FILE_NOT_FOUND'
  
C:\Users\SANDY\OneDrive\Desktop\PROJECT\OZALERX_INTERNAL\INTERNAL\examples\example_win32_directx11\EspLines\Math\Vector\Vector3.hpp(11,9): warning C4201: nonstandard extension used: nameless struct/union
  (compiling source file 'src/Overlay/Overlay.cpp')
  
C:\Users\SANDY\OneDrive\Desktop\PROJECT\OZALERX_INTERNAL\INTERNAL\examples\example_win32_directx11\EspLines\Math\Vector\Vector3.hpp(339,13): warning C4244: '=': conversion from 'double' to 'float', possible loss of data
  (compiling source file 'src/Overlay/Overlay.cpp')
  
C:\Users\SANDY\OneDrive\Desktop\PROJECT\OZALERX_INTERNAL\INTERNAL\examples\example_win32_directx11\EspLines\Math\Vector\Vector3.hpp(340,13): warning C4244: '=': conversion from 'double' to 'float', possible loss of data
  (compiling source file 'src/Overlay/Overlay.cpp')
  
C:\Users\SANDY\OneDrive\Desktop\PROJECT\OZALERX_INTERNAL\INTERNAL\examples\example_win32_directx11\EspLines\Math\Vector\Vector3.hpp(492,72): warning C4305: 'argument': truncation from 'double' to 'float'
  (compiling source file 'src/Overlay/Overlay.cpp')
  
C:\Users\SANDY\OneDrive\Desktop\PROJECT\OZALERX_INTERNAL\INTERNAL\examples\example_win32_directx11\EspLines\Math\Vector\Vector3.hpp(492,66): warning C4305: 'argument': truncation from 'double' to 'float'
  (compiling source file 'src/Overlay/Overlay.cpp')
  
C:\Users\SANDY\OneDrive\Desktop\PROJECT\OZALERX_INTERNAL\INTERNAL\examples\example_win32_directx11\EspLines\Math\Vector\Vector3.hpp(492,60): warning C4305: 'argument': truncation from 'double' to 'float'
  (compiling source file 'src/Overlay/Overlay.cpp')
  
C:\Users\SANDY\OneDrive\Desktop\PROJECT\OZALERX_INTERNAL\INTERNAL\examples\example_win32_directx11\EspLines\Math\Vector\Vector3.hpp(520,15): warning C4244: '=': conversion from 'double' to 'float', possible loss of data
  (compiling source file 'src/Overlay/Overlay.cpp')
  
C:\Users\SANDY\OneDrive\Desktop\PROJECT\OZALERX_INTERNAL\INTERNAL\examples\example_win32_directx11\EspLines\Math\Vector\Vector3.hpp(521,15): warning C4244: '=': conversion from 'double' to 'float', possible loss of data
  (compiling source file 'src/Overlay/Overlay.cpp')
  
C:\Users\SANDY\OneDrive\Desktop\PROJECT\OZALERX_INTERNAL\INTERNAL\examples\example_win32_directx11\EspLines\Math\Vector\Vector3.hpp(538,13): warning C4244: '=': conversion from 'double' to 'float', possible loss of data
  (compiling source file 'src/Overlay/Overlay.cpp')
  
C:\Users\SANDY\OneDrive\Desktop\PROJECT\OZALERX_INTERNAL\INTERNAL\examples\example_win32_directx11\EspLines\Math\Vector\Vector3.hpp(539,13): warning C4244: '=': conversion from 'double' to 'float', possible loss of data
  (compiling source file 'src/Overlay/Overlay.cpp')
  
C:\Users\SANDY\OneDrive\Desktop\PROJECT\OZALERX_INTERNAL\INTERNAL\examples\example_win32_directx11\EspLines\Math\Vector\Vector3.hpp(604,21): warning C4312: 'type cast': conversion from 'int' to 'const char *' of greater size
  (compiling source file 'src/Overlay/Overlay.cpp')
  
C:\Users\SANDY\OneDrive\Desktop\PROJECT\OZALERX_INTERNAL\INTERNAL\examples\example_win32_directx11\EspLines\Math\Vector\Vector3.hpp(605,21): warning C4312: 'type cast': conversion from 'int' to 'const char *' of greater size
  (compiling source file 'src/Overlay/Overlay.cpp')
  
C:\Users\SANDY\OneDrive\Desktop\PROJECT\OZALERX_INTERNAL\INTERNAL\examples\example_win32_directx11\EspLines\Math\Vector\Vector3.hpp(606,21): warning C4312: 'type cast': conversion from 'int' to 'const char *' of greater size
  (compiling source file 'src/Overlay/Overlay.cpp')
  
  Compiling...
  Render.cpp
C:\Users\SANDY\OneDrive\Desktop\PROJECT\OZALERX_INTERNAL\INTERNAL\examples\example_win32_directx11\src\Overlay\Render.cpp(42,65): warning C4100: 'lParam': unreferenced parameter
  Compiling...
  YorzenInterface.cpp
C:\Users\SANDY\OneDrive\Desktop\PROJECT\OZALERX_INTERNAL\INTERNAL\SDK\Include\dxgitype.h(12,9): warning C4005: 'DXGI_STATUS_OCCLUDED': macro redefinition
  (compiling source file 'src/ui/YorzenInterface.cpp')
      C:\Program Files (x86)\Windows Kits\10\Include\10.0.26100.0\shared\winerror.h(59282,9):
      see previous definition of 'DXGI_STATUS_OCCLUDED'
  
C:\Users\SANDY\OneDrive\Desktop\PROJECT\OZALERX_INTERNAL\INTERNAL\SDK\Include\dxgitype.h(13,9): warning C4005: 'DXGI_STATUS_CLIPPED': macro redefinition
  (compiling source file 'src/ui/YorzenInterface.cpp')
      C:\Program Files (x86)\Windows Kits\10\Include\10.0.26100.0\shared\winerror.h(59291,9):
      see previous definition of 'DXGI_STATUS_CLIPPED'
  
C:\Users\SANDY\OneDrive\Desktop\PROJECT\OZALERX_INTERNAL\INTERNAL\SDK\Include\dxgitype.h(14,9): warning C4005: 'DXGI_STATUS_NO_REDIRECTION': macro redefinition
  (compiling source file 'src/ui/YorzenInterface.cpp')
      C:\Program Files (x86)\Windows Kits\10\Include\10.0.26100.0\shared\winerror.h(59300,9):
      see previous definition of 'DXGI_STATUS_NO_REDIRECTION'
  
C:\Users\SANDY\OneDrive\Desktop\PROJECT\OZALERX_INTERNAL\INTERNAL\SDK\Include\dxgitype.h(15,9): warning C4005: 'DXGI_STATUS_NO_DESKTOP_ACCESS': macro redefinition
  (compiling source file 'src/ui/YorzenInterface.cpp')
      C:\Program Files (x86)\Windows Kits\10\Include\10.0.26100.0\shared\winerror.h(59309,9):
      see previous definition of 'DXGI_STATUS_NO_DESKTOP_ACCESS'
  
C:\Users\SANDY\OneDrive\Desktop\PROJECT\OZALERX_INTERNAL\INTERNAL\SDK\Include\dxgitype.h(16,9): warning C4005: 'DXGI_STATUS_GRAPHICS_VIDPN_SOURCE_IN_USE': macro redefinition
  (compiling source file 'src/ui/YorzenInterface.cpp')
      C:\Program Files (x86)\Windows Kits\10\Include\10.0.26100.0\shared\winerror.h(59318,9):
      see previous definition of 'DXGI_STATUS_GRAPHICS_VIDPN_SOURCE_IN_USE'
  
C:\Users\SANDY\OneDrive\Desktop\PROJECT\OZALERX_INTERNAL\INTERNAL\SDK\Include\dxgitype.h(17,9): warning C4005: 'DXGI_STATUS_MODE_CHANGED': macro redefinition
  (compiling source file 'src/ui/YorzenInterface.cpp')
      C:\Program Files (x86)\Windows Kits\10\Include\10.0.26100.0\shared\winerror.h(59327,9):
      see previous definition of 'DXGI_STATUS_MODE_CHANGED'
  
C:\Users\SANDY\OneDrive\Desktop\PROJECT\OZALERX_INTERNAL\INTERNAL\SDK\Include\dxgitype.h(18,9): warning C4005: 'DXGI_STATUS_MODE_CHANGE_IN_PROGRESS': macro redefinition
  (compiling source file 'src/ui/YorzenInterface.cpp')
      C:\Program Files (x86)\Windows Kits\10\Include\10.0.26100.0\shared\winerror.h(59336,9):
      see previous definition of 'DXGI_STATUS_MODE_CHANGE_IN_PROGRESS'
  
C:\Users\SANDY\OneDrive\Desktop\PROJECT\OZALERX_INTERNAL\INTERNAL\SDK\Include\dxgitype.h(21,9): warning C4005: 'DXGI_ERROR_INVALID_CALL': macro redefinition
  (compiling source file 'src/ui/YorzenInterface.cpp')
      C:\Program Files (x86)\Windows Kits\10\Include\10.0.26100.0\shared\winerror.h(59351,9):
      see previous definition of 'DXGI_ERROR_INVALID_CALL'
  
C:\Users\SANDY\OneDrive\Desktop\PROJECT\OZALERX_INTERNAL\INTERNAL\SDK\Include\dxgitype.h(22,9): warning C4005: 'DXGI_ERROR_NOT_FOUND': macro redefinition
  (compiling source file 'src/ui/YorzenInterface.cpp')
      C:\Program Files (x86)\Windows Kits\10\Include\10.0.26100.0\shared\winerror.h(59360,9):
      see previous definition of 'DXGI_ERROR_NOT_FOUND'
  
C:\Users\SANDY\OneDrive\Desktop\PROJECT\OZALERX_INTERNAL\INTERNAL\SDK\Include\dxgitype.h(23,9): warning C4005: 'DXGI_ERROR_MORE_DATA': macro redefinition
  (compiling source file 'src/ui/YorzenInterface.cpp')
      C:\Program Files (x86)\Windows Kits\10\Include\10.0.26100.0\shared\winerror.h(59369,9):
      see previous definition of 'DXGI_ERROR_MORE_DATA'
  
C:\Users\SANDY\OneDrive\Desktop\PROJECT\OZALERX_INTERNAL\INTERNAL\SDK\Include\dxgitype.h(24,9): warning C4005: 'DXGI_ERROR_UNSUPPORTED': macro redefinition
  (compiling source file 'src/ui/YorzenInterface.cpp')
      C:\Program Files (x86)\Windows Kits\10\Include\10.0.26100.0\shared\winerror.h(59378,9):
      see previous definition of 'DXGI_ERROR_UNSUPPORTED'
  
C:\Users\SANDY\OneDrive\Desktop\PROJECT\OZALERX_INTERNAL\INTERNAL\SDK\Include\dxgitype.h(25,9): warning C4005: 'DXGI_ERROR_DEVICE_REMOVED': macro redefinition
  (compiling source file 'src/ui/YorzenInterface.cpp')
      C:\Program Files (x86)\Windows Kits\10\Include\10.0.26100.0\shared\winerror.h(59387,9):
      see previous definition of 'DXGI_ERROR_DEVICE_REMOVED'
  
C:\Users\SANDY\OneDrive\Desktop\PROJECT\OZALERX_INTERNAL\INTERNAL\SDK\Include\dxgitype.h(26,9): warning C4005: 'DXGI_ERROR_DEVICE_HUNG': macro redefinition
  (compiling source file 'src/ui/YorzenInterface.cpp')
      C:\Program Files (x86)\Windows Kits\10\Include\10.0.26100.0\shared\winerror.h(59396,9):
      see previous definition of 'DXGI_ERROR_DEVICE_HUNG'
  
C:\Users\SANDY\OneDrive\Desktop\PROJECT\OZALERX_INTERNAL\INTERNAL\SDK\Include\dxgitype.h(27,9): warning C4005: 'DXGI_ERROR_DEVICE_RESET': macro redefinition
  (compiling source file 'src/ui/YorzenInterface.cpp')
      C:\Program Files (x86)\Windows Kits\10\Include\10.0.26100.0\shared\winerror.h(59406,9):
      see previous definition of 'DXGI_ERROR_DEVICE_RESET'
  
C:\Users\SANDY\OneDrive\Desktop\PROJECT\OZALERX_INTERNAL\INTERNAL\SDK\Include\dxgitype.h(28,9): warning C4005: 'DXGI_ERROR_WAS_STILL_DRAWING': macro redefinition
  (compiling source file 'src/ui/YorzenInterface.cpp')
      C:\Program Files (x86)\Windows Kits\10\Include\10.0.26100.0\shared\winerror.h(59415,9):
      see previous definition of 'DXGI_ERROR_WAS_STILL_DRAWING'
  
C:\Users\SANDY\OneDrive\Desktop\PROJECT\OZALERX_INTERNAL\INTERNAL\SDK\Include\dxgitype.h(29,9): warning C4005: 'DXGI_ERROR_FRAME_STATISTICS_DISJOINT': macro redefinition
  (compiling source file 'src/ui/YorzenInterface.cpp')
      C:\Program Files (x86)\Windows Kits\10\Include\10.0.26100.0\shared\winerror.h(59425,9):
      see previous definition of 'DXGI_ERROR_FRAME_STATISTICS_DISJOINT'
  
C:\Users\SANDY\OneDrive\Desktop\PROJECT\OZALERX_INTERNAL\INTERNAL\SDK\Include\dxgitype.h(30,9): warning C4005: 'DXGI_ERROR_GRAPHICS_VIDPN_SOURCE_IN_USE': macro redefinition
  (compiling source file 'src/ui/YorzenInterface.cpp')
      C:\Program Files (x86)\Windows Kits\10\Include\10.0.26100.0\shared\winerror.h(59434,9):
      see previous definition of 'DXGI_ERROR_GRAPHICS_VIDPN_SOURCE_IN_USE'
  
C:\Users\SANDY\OneDrive\Desktop\PROJECT\OZALERX_INTERNAL\INTERNAL\SDK\Include\dxgitype.h(31,9): warning C4005: 'DXGI_ERROR_DRIVER_INTERNAL_ERROR': macro redefinition
  (compiling source file 'src/ui/YorzenInterface.cpp')
      C:\Program Files (x86)\Windows Kits\10\Include\10.0.26100.0\shared\winerror.h(59444,9):
      see previous definition of 'DXGI_ERROR_DRIVER_INTERNAL_ERROR'
  
C:\Users\SANDY\OneDrive\Desktop\PROJECT\OZALERX_INTERNAL\INTERNAL\SDK\Include\dxgitype.h(32,9): warning C4005: 'DXGI_ERROR_NONEXCLUSIVE': macro redefinition
  (compiling source file 'src/ui/YorzenInterface.cpp')
      C:\Program Files (x86)\Windows Kits\10\Include\10.0.26100.0\shared\winerror.h(59453,9):
      see previous definition of 'DXGI_ERROR_NONEXCLUSIVE'
  
C:\Users\SANDY\OneDrive\Desktop\PROJECT\OZALERX_INTERNAL\INTERNAL\SDK\Include\dxgitype.h(33,9): warning C4005: 'DXGI_ERROR_NOT_CURRENTLY_AVAILABLE': macro redefinition
  (compiling source file 'src/ui/YorzenInterface.cpp')
      C:\Program Files (x86)\Windows Kits\10\Include\10.0.26100.0\shared\winerror.h(59462,9):
      see previous definition of 'DXGI_ERROR_NOT_CURRENTLY_AVAILABLE'
  
C:\Users\SANDY\OneDrive\Desktop\PROJECT\OZALERX_INTERNAL\INTERNAL\SDK\Include\dxgitype.h(34,9): warning C4005: 'DXGI_ERROR_REMOTE_CLIENT_DISCONNECTED': macro redefinition
  (compiling source file 'src/ui/YorzenInterface.cpp')
      C:\Program Files (x86)\Windows Kits\10\Include\10.0.26100.0\shared\winerror.h(59472,9):
      see previous definition of 'DXGI_ERROR_REMOTE_CLIENT_DISCONNECTED'
  
C:\Users\SANDY\OneDrive\Desktop\PROJECT\OZALERX_INTERNAL\INTERNAL\SDK\Include\dxgitype.h(35,9): warning C4005: 'DXGI_ERROR_REMOTE_OUTOFMEMORY': macro redefinition
  (compiling source file 'src/ui/YorzenInterface.cpp')
      C:\Program Files (x86)\Windows Kits\10\Include\10.0.26100.0\shared\winerror.h(59481,9):
      see previous definition of 'DXGI_ERROR_REMOTE_OUTOFMEMORY'
  
C:\Users\SANDY\OneDrive\Desktop\PROJECT\OZALERX_INTERNAL\INTERNAL\SDK\Include\d3d11.h(917,9): warning C4005: 'D3D11_ERROR_TOO_MANY_UNIQUE_STATE_OBJECTS': macro redefinition
  (compiling source file 'src/ui/YorzenInterface.cpp')
      C:\Program Files (x86)\Windows Kits\10\Include\10.0.26100.0\shared\winerror.h(59796,9):
      see previous definition of 'D3D11_ERROR_TOO_MANY_UNIQUE_STATE_OBJECTS'
  
C:\Users\SANDY\OneDrive\Desktop\PROJECT\OZALERX_INTERNAL\INTERNAL\SDK\Include\d3d11.h(918,9): warning C4005: 'D3D11_ERROR_FILE_NOT_FOUND': macro redefinition
  (compiling source file 'src/ui/YorzenInterface.cpp')
      C:\Program Files (x86)\Windows Kits\10\Include\10.0.26100.0\shared\winerror.h(59805,9):
      see previous definition of 'D3D11_ERROR_FILE_NOT_FOUND'
  
C:\Users\SANDY\OneDrive\Desktop\PROJECT\OZALERX_INTERNAL\INTERNAL\SDK\Include\d3d11.h(919,9): warning C4005: 'D3D11_ERROR_TOO_MANY_UNIQUE_VIEW_OBJECTS': macro redefinition
  (compiling source file 'src/ui/YorzenInterface.cpp')
      C:\Program Files (x86)\Windows Kits\10\Include\10.0.26100.0\shared\winerror.h(59815,9):
      see previous definition of 'D3D11_ERROR_TOO_MANY_UNIQUE_VIEW_OBJECTS'
  
C:\Users\SANDY\OneDrive\Desktop\PROJECT\OZALERX_INTERNAL\INTERNAL\SDK\Include\d3d11.h(920,9): warning C4005: 'D3D11_ERROR_DEFERRED_CONTEXT_MAP_WITHOUT_INITIAL_DISCARD': macro redefinition
  (compiling source file 'src/ui/YorzenInterface.cpp')
      C:\Program Files (x86)\Windows Kits\10\Include\10.0.26100.0\shared\winerror.h(59824,9):
      see previous definition of 'D3D11_ERROR_DEFERRED_CONTEXT_MAP_WITHOUT_INITIAL_DISCARD'
  
C:\Users\SANDY\OneDrive\Desktop\PROJECT\OZALERX_INTERNAL\INTERNAL\SDK\Include\d3d10.h(608,9): warning C4005: 'D3D10_ERROR_TOO_MANY_UNIQUE_STATE_OBJECTS': macro redefinition
  (compiling source file 'src/ui/YorzenInterface.cpp')
      C:\Program Files (x86)\Windows Kits\10\Include\10.0.26100.0\shared\winerror.h(59772,9):
      see previous definition of 'D3D10_ERROR_TOO_MANY_UNIQUE_STATE_OBJECTS'
  
C:\Users\SANDY\OneDrive\Desktop\PROJECT\OZALERX_INTERNAL\INTERNAL\SDK\Include\d3d10.h(609,9): warning C4005: 'D3D10_ERROR_FILE_NOT_FOUND': macro redefinition
  (compiling source file 'src/ui/YorzenInterface.cpp')
      C:\Program Files (x86)\Windows Kits\10\Include\10.0.26100.0\shared\winerror.h(59781,9):
      see previous definition of 'D3D10_ERROR_FILE_NOT_FOUND'
  
C:\Users\SANDY\OneDrive\Desktop\PROJECT\OZALERX_INTERNAL\INTERNAL\examples\example_win32_directx11\FWorkMain.h(2,9): warning C4005: 'IMGUI_DEFINE_MATH_OPERATORS': macro redefinition
  (compiling source file 'src/ui/YorzenInterface.cpp')
      C:\Users\SANDY\OneDrive\Desktop\PROJECT\OZALERX_INTERNAL\INTERNAL\examples\example_win32_directx11\FWorkMain.h(2,9):
      'IMGUI_DEFINE_MATH_OPERATORS' previously declared on the command line
  
C:\Users\SANDY\OneDrive\Desktop\PROJECT\OZALERX_INTERNAL\INTERNAL\examples\example_win32_directx11\ImGui\stt.hpp(206,42): warning C4100: 'swap_chain': unreferenced parameter
  (compiling source file 'src/ui/YorzenInterface.cpp')
  
C:\Users\SANDY\OneDrive\Desktop\PROJECT\OZALERX_INTERNAL\INTERNAL\examples\example_win32_directx11\ImGui\stt.hpp(294,20): warning C4189: 'col': local variable is initialized but not referenced
  (compiling source file 'src/ui/YorzenInterface.cpp')
  
C:\Users\SANDY\OneDrive\Desktop\PROJECT\OZALERX_INTERNAL\INTERNAL\imgui_settings.h(94,16): warning C4091: 'static ': ignored on left of 'c::glow_draws' when no variable is declared
  (compiling source file 'src/ui/YorzenInterface.cpp')
  
C:\Users\SANDY\OneDrive\Desktop\PROJECT\OZALERX_INTERNAL\INTERNAL\examples\example_win32_directx11\ImGui\custom_popup.hpp(64,48): warning C4458: declaration of 'anim' hides class member
  (compiling source file 'src/ui/YorzenInterface.cpp')
      C:\Users\SANDY\OneDrive\Desktop\PROJECT\OZALERX_INTERNAL\INTERNAL\examples\example_win32_directx11\ImGui\custom_popup.hpp(32,35):
      see declaration of 'custom_popup::anim'
  
C:\Users\SANDY\OneDrive\Desktop\PROJECT\OZALERX_INTERNAL\INTERNAL\examples\example_win32_directx11\ImGui\custom_popup.hpp(118,48): warning C4458: declaration of 'anim' hides class member
  (compiling source file 'src/ui/YorzenInterface.cpp')
      C:\Users\SANDY\OneDrive\Desktop\PROJECT\OZALERX_INTERNAL\INTERNAL\examples\example_win32_directx11\ImGui\custom_popup.hpp(32,35):
      see declaration of 'custom_popup::anim'
  
C:\Users\SANDY\OneDrive\Desktop\PROJECT\OZALERX_INTERNAL\INTERNAL\examples\example_win32_directx11\ImGui\custom_popup.hpp(150,27): warning C4458: declaration of 'name' hides class member
  (compiling source file 'src/ui/YorzenInterface.cpp')
      C:\Users\SANDY\OneDrive\Desktop\PROJECT\OZALERX_INTERNAL\INTERNAL\examples\example_win32_directx11\ImGui\custom_popup.hpp(17,17):
      see declaration of 'custom_popup::name'
  
C:\Users\SANDY\OneDrive\Desktop\PROJECT\OZALERX_INTERNAL\INTERNAL\examples\example_win32_directx11\ImGui\custom_popup.hpp(169,50): warning C4458: declaration of 'name' hides class member
  (compiling source file 'src/ui/YorzenInterface.cpp')
      C:\Users\SANDY\OneDrive\Desktop\PROJECT\OZALERX_INTERNAL\INTERNAL\examples\example_win32_directx11\ImGui\custom_popup.hpp(17,17):
      see declaration of 'custom_popup::name'
  
C:\Users\SANDY\OneDrive\Desktop\PROJECT\OZALERX_INTERNAL\INTERNAL\examples\example_win32_directx11\ImGui\custom_popup.hpp(246,30): warning C4100: 'label': unreferenced parameter
  (compiling source file 'src/ui/YorzenInterface.cpp')
  
C:\Users\SANDY\OneDrive\Desktop\PROJECT\OZALERX_INTERNAL\INTERNAL\examples\example_win32_directx11\ImGui\notify.h(6,9): warning C4005: '_WIN32_WINNT': macro redefinition
  (compiling source file 'src/ui/YorzenInterface.cpp')
      C:\Program Files (x86)\Windows Kits\10\Include\10.0.26100.0\shared\sdkddkver.h(228,10):
      see previous definition of '_WIN32_WINNT'
  
C:\Users\SANDY\OneDrive\Desktop\PROJECT\OZALERX_INTERNAL\INTERNAL\examples\example_win32_directx11\ImGui\notify.h(118,55): warning C4458: declaration of 'type' hides class member
  (compiling source file 'src/ui/YorzenInterface.cpp')
      C:\Users\SANDY\OneDrive\Desktop\PROJECT\OZALERX_INTERNAL\INTERNAL\examples\example_win32_directx11\ImGui\notify.h(96,20):
      see declaration of 'ImGuiToast::type'
  
C:\Users\SANDY\OneDrive\Desktop\PROJECT\OZALERX_INTERNAL\INTERNAL\examples\example_win32_directx11\ImGui\notify.h(275,25): warning C4459: declaration of 'title' hides global declaration
  (compiling source file 'src/ui/YorzenInterface.cpp')
      C:\Users\SANDY\OneDrive\Desktop\PROJECT\OZALERX_INTERNAL\INTERNAL\imgui_settings.h(137,18):
      see declaration of 'c::child::title'
  
C:\Users\SANDY\OneDrive\Desktop\PROJECT\OZALERX_INTERNAL\INTERNAL\examples\example_win32_directx11\ImGui\notify.h(337,41): warning C4244: 'argument': conversion from 'float' to 'ImDrawFlags', possible loss of data
  (compiling source file 'src/ui/YorzenInterface.cpp')
  
C:\Users\SANDY\OneDrive\Desktop\PROJECT\OZALERX_INTERNAL\INTERNAL\examples\example_win32_directx11\ImGui\notify.h(359,35): warning C4130: '==': logical operation on address of string constant
  (compiling source file 'src/ui/YorzenInterface.cpp')
  
C:\Users\SANDY\OneDrive\Desktop\PROJECT\OZALERX_INTERNAL\INTERNAL\examples\example_win32_directx11\ImGui\notify.h(360,35): warning C4130: '==': logical operation on address of string constant
  (compiling source file 'src/ui/YorzenInterface.cpp')
  
C:\Users\SANDY\OneDrive\Desktop\PROJECT\OZALERX_INTERNAL\INTERNAL\examples\example_win32_directx11\ImGui\notify.h(361,35): warning C4130: '==': logical operation on address of string constant
  (compiling source file 'src/ui/YorzenInterface.cpp')
  
C:\Users\SANDY\OneDrive\Desktop\PROJECT\OZALERX_INTERNAL\INTERNAL\examples\example_win32_directx11\ImGui\notify.h(362,35): warning C4130: '==': logical operation on address of string constant
  (compiling source file 'src/ui/YorzenInterface.cpp')
  
C:\Users\SANDY\OneDrive\Desktop\PROJECT\OZALERX_INTERNAL\INTERNAL\examples\example_win32_directx11\ImGui\notify.h(363,35): warning C4130: '==': logical operation on address of string constant
  (compiling source file 'src/ui/YorzenInterface.cpp')
  
C:\Users\SANDY\OneDrive\Desktop\PROJECT\OZALERX_INTERNAL\INTERNAL\examples\example_win32_directx11\ImGui\notify.h(275,25): warning C4189: 'title': local variable is initialized but not referenced
  (compiling source file 'src/ui/YorzenInterface.cpp')
  
C:\Users\SANDY\OneDrive\Desktop\PROJECT\OZALERX_INTERNAL\INTERNAL\examples\example_win32_directx11\ImGui\custom_widgets.hpp(275,113): warning C4459: declaration of 'speed' hides global declaration
  (compiling source file 'src/ui/YorzenInterface.cpp')
      C:\Users\SANDY\OneDrive\Desktop\PROJECT\OZALERX_INTERNAL\INTERNAL\imgui_settings.h(125,16):
      see declaration of 'c::anim::speed'
  
C:\Users\SANDY\OneDrive\Desktop\PROJECT\OZALERX_INTERNAL\INTERNAL\examples\example_win32_directx11\ImGui\custom_widgets.hpp(284,15): warning C4091: 'static ': ignored on left of 'custom::chroma' when no variable is declared
  (compiling source file 'src/ui/YorzenInterface.cpp')
  
C:\Users\SANDY\OneDrive\Desktop\PROJECT\OZALERX_INTERNAL\INTERNAL\examples\example_win32_directx11\ImGui\custom_widgets.hpp(357,16): warning C4130: '!=': logical operation on address of string constant
  (compiling source file 'src/ui/YorzenInterface.cpp')
  
C:\Users\SANDY\OneDrive\Desktop\PROJECT\OZALERX_INTERNAL\INTERNAL\examples\example_win32_directx11\ImGui\custom_widgets.hpp(338,52): warning C4100: 'c2': unreferenced parameter
  (compiling source file 'src/ui/YorzenInterface.cpp')
  
C:\Users\SANDY\OneDrive\Desktop\PROJECT\OZALERX_INTERNAL\INTERNAL\examples\example_win32_directx11\ImGui\custom_widgets.hpp(338,40): warning C4100: 'c1': unreferenced parameter
  (compiling source file 'src/ui/YorzenInterface.cpp')
  
C:\Users\SANDY\OneDrive\Desktop\PROJECT\OZALERX_INTERNAL\INTERNAL\examples\example_win32_directx11\ImGui\custom_widgets.hpp(379,55): warning C4100: 'size': unreferenced parameter
  (compiling source file 'src/ui/YorzenInterface.cpp')
  
C:\Users\SANDY\OneDrive\Desktop\PROJECT\OZALERX_INTERNAL\INTERNAL\examples\example_win32_directx11\ImGui\keybind_system.hpp(75,29): warning C4189: 'pressed': local variable is initialized but not referenced
  (compiling source file 'src/ui/YorzenInterface.cpp')
  
C:\Users\SANDY\OneDrive\Desktop\PROJECT\OZALERX_INTERNAL\INTERNAL\examples\example_win32_directx11\ImGui\keybind_system.hpp(76,14): warning C4189: 'key_pressed': local variable is initialized but not referenced
  (compiling source file 'src/ui/YorzenInterface.cpp')
  
C:\Users\SANDY\OneDrive\Desktop\PROJECT\OZALERX_INTERNAL\INTERNAL\examples\example_win32_directx11\ImGui\keybind_system.hpp(181,15): warning C4189: 'row_width': local variable is initialized but not referenced
  (compiling source file 'src/ui/YorzenInterface.cpp')
  
C:\Users\SANDY\OneDrive\Desktop\PROJECT\OZALERX_INTERNAL\INTERNAL\examples\example_win32_directx11\ImGui\keybind_system.hpp(256,50): warning C4458: declaration of 'binds' hides class member
  (compiling source file 'src/ui/YorzenInterface.cpp')
      C:\Users\SANDY\OneDrive\Desktop\PROJECT\OZALERX_INTERNAL\INTERNAL\examples\example_win32_directx11\ImGui\keybind_system.hpp(55,41):
      see declaration of 'ckeybind_system::binds'
  
C:\Users\SANDY\OneDrive\Desktop\PROJECT\OZALERX_INTERNAL\INTERNAL\examples\example_win32_directx11\ImGui\keybind_system.hpp(283,50): warning C4018: '>': signed/unsigned mismatch
  (compiling source file 'src/ui/YorzenInterface.cpp')
  
C:\Users\SANDY\OneDrive\Desktop\PROJECT\OZALERX_INTERNAL\INTERNAL\examples\example_win32_directx11\Yorzen\Dudas\menu_ui.h(125,60): warning C4244: '=': conversion from 'int' to 'float', possible loss of data
  (compiling source file 'src/ui/YorzenInterface.cpp')
  
C:\Users\SANDY\OneDrive\Desktop\PROJECT\OZALERX_INTERNAL\INTERNAL\examples\example_win32_directx11\Yorzen\Dudas\menu_ui.h(127,34): warning C4244: '=': conversion from 'int' to 'float', possible loss of data
  (compiling source file 'src/ui/YorzenInterface.cpp')
  
C:\Users\SANDY\OneDrive\Desktop\PROJECT\OZALERX_INTERNAL\INTERNAL\examples\example_win32_directx11\Yorzen\Dudas\menu_ui.h(128,40): warning C4244: '=': conversion from 'int' to 'float', possible loss of data
  (compiling source file 'src/ui/YorzenInterface.cpp')
  
C:\Users\SANDY\OneDrive\Desktop\PROJECT\OZALERX_INTERNAL\INTERNAL\examples\example_win32_directx11\Yorzen\Dudas\menu_ui.h(129,33): warning C4244: '=': conversion from 'int' to 'float', possible loss of data
  (compiling source file 'src/ui/YorzenInterface.cpp')
  
C:\Users\SANDY\OneDrive\Desktop\PROJECT\OZALERX_INTERNAL\INTERNAL\examples\example_win32_directx11\Yorzen\Dudas\menu_ui.h(130,46): warning C4244: '=': conversion from 'int' to 'float', possible loss of data
  (compiling source file 'src/ui/YorzenInterface.cpp')
  
C:\Users\SANDY\OneDrive\Desktop\PROJECT\OZALERX_INTERNAL\INTERNAL\examples\example_win32_directx11\Yorzen\Dudas\yorzen.h(251,20): warning C4244: 'initializing': conversion from 'float' to 'int', possible loss of data
  (compiling source file 'src/ui/YorzenInterface.cpp')
  
C:\Users\SANDY\OneDrive\Desktop\PROJECT\OZALERX_INTERNAL\INTERNAL\examples\example_win32_directx11\Yorzen\Dudas\yorzen.h(253,16): warning C4244: 'initializing': conversion from 'float' to 'int', possible loss of data
  (compiling source file 'src/ui/YorzenInterface.cpp')
  
C:\Users\SANDY\OneDrive\Desktop\PROJECT\OZALERX_INTERNAL\INTERNAL\examples\example_win32_directx11\Yorzen\Dudas\yorzen.h(263,19): warning C4244: 'initializing': conversion from 'float' to 'int', possible loss of data
  (compiling source file 'src/ui/YorzenInterface.cpp')
  
C:\Users\SANDY\OneDrive\Desktop\PROJECT\OZALERX_INTERNAL\INTERNAL\examples\example_win32_directx11\Yorzen\Dudas\yorzen.h(264,12): warning C4244: 'initializing': conversion from 'float' to 'int', possible loss of data
  (compiling source file 'src/ui/YorzenInterface.cpp')
  
C:\Users\SANDY\OneDrive\Desktop\PROJECT\OZALERX_INTERNAL\INTERNAL\examples\example_win32_directx11\Yorzen\Dudas\yorzen.h(265,20): warning C4244: 'initializing': conversion from 'float' to 'int', possible loss of data
  (compiling source file 'src/ui/YorzenInterface.cpp')
  
C:\Users\SANDY\OneDrive\Desktop\PROJECT\OZALERX_INTERNAL\INTERNAL\examples\example_win32_directx11\Yorzen\Dudas\yorzen.h(266,21): warning C4244: 'initializing': conversion from 'float' to 'int', possible loss of data
  (compiling source file 'src/ui/YorzenInterface.cpp')
  
C:\Users\SANDY\OneDrive\Desktop\PROJECT\OZALERX_INTERNAL\INTERNAL\examples\example_win32_directx11\RAMZIXMem.h(160,1): warning C4459: declaration of 'hwnd' hides global declaration
  (compiling source file 'src/ui/YorzenInterface.cpp')
      C:\Users\SANDY\OneDrive\Desktop\PROJECT\OZALERX_INTERNAL\INTERNAL\examples\example_win32_directx11\Yorzen\Dudas\yorzen.h(188,6):
      see declaration of 'hwnd'
  
C:\Users\SANDY\OneDrive\Desktop\PROJECT\OZALERX_INTERNAL\INTERNAL\examples\example_win32_directx11\RAMZIXMem.h(129,21): warning C4459: declaration of 'title' hides global declaration
  (compiling source file 'src/ui/YorzenInterface.cpp')
      C:\Users\SANDY\OneDrive\Desktop\PROJECT\OZALERX_INTERNAL\INTERNAL\imgui_settings.h(137,18):
      see declaration of 'c::child::title'
  
C:\Users\SANDY\OneDrive\Desktop\PROJECT\OZALERX_INTERNAL\INTERNAL\examples\example_win32_directx11\RAMZIXMem.h(240,1): warning C4459: declaration of 'hwnd' hides global declaration
  (compiling source file 'src/ui/YorzenInterface.cpp')
      C:\Users\SANDY\OneDrive\Desktop\PROJECT\OZALERX_INTERNAL\INTERNAL\examples\example_win32_directx11\Yorzen\Dudas\yorzen.h(188,6):
      see declaration of 'hwnd'
  
C:\Users\SANDY\OneDrive\Desktop\PROJECT\OZALERX_INTERNAL\INTERNAL\examples\example_win32_directx11\RAMZIXMem.h(215,21): warning C4459: declaration of 'title' hides global declaration
  (compiling source file 'src/ui/YorzenInterface.cpp')
      C:\Users\SANDY\OneDrive\Desktop\PROJECT\OZALERX_INTERNAL\INTERNAL\imgui_settings.h(137,18):
      see declaration of 'c::child::title'
  
C:\Users\SANDY\OneDrive\Desktop\PROJECT\OZALERX_INTERNAL\INTERNAL\examples\example_win32_directx11\RAMZIXMem.h(476,25): warning C4267: 'initializing': conversion from 'size_t' to 'int', possible loss of data
  (compiling source file 'src/ui/YorzenInterface.cpp')
  
C:\Users\SANDY\OneDrive\Desktop\PROJECT\OZALERX_INTERNAL\INTERNAL\examples\example_win32_directx11\RAMZIXMem.h(481,46): warning C4244: 'argument': conversion from '_Ty' to 'ULONG', possible loss of data
C:\Users\SANDY\OneDrive\Desktop\PROJECT\OZALERX_INTERNAL\INTERNAL\examples\example_win32_directx11\RAMZIXMem.h(481,46): warning C4244:         with
C:\Users\SANDY\OneDrive\Desktop\PROJECT\OZALERX_INTERNAL\INTERNAL\examples\example_win32_directx11\RAMZIXMem.h(481,46): warning C4244:         [
C:\Users\SANDY\OneDrive\Desktop\PROJECT\OZALERX_INTERNAL\INTERNAL\examples\example_win32_directx11\RAMZIXMem.h(481,46): warning C4244:             _Ty=DWORD_PTR
C:\Users\SANDY\OneDrive\Desktop\PROJECT\OZALERX_INTERNAL\INTERNAL\examples\example_win32_directx11\RAMZIXMem.h(481,46): warning C4244:         ]
  (compiling source file 'src/ui/YorzenInterface.cpp')
  
C:\Users\SANDY\OneDrive\Desktop\PROJECT\OZALERX_INTERNAL\INTERNAL\examples\example_win32_directx11\RAMZIXMem.h(499,25): warning C4267: 'initializing': conversion from 'size_t' to 'int', possible loss of data
  (compiling source file 'src/ui/YorzenInterface.cpp')
  
C:\Users\SANDY\OneDrive\Desktop\PROJECT\OZALERX_INTERNAL\INTERNAL\examples\example_win32_directx11\RAMZIXMem.h(504,46): warning C4244: 'argument': conversion from '_Ty' to 'ULONG', possible loss of data
C:\Users\SANDY\OneDrive\Desktop\PROJECT\OZALERX_INTERNAL\INTERNAL\examples\example_win32_directx11\RAMZIXMem.h(504,46): warning C4244:         with
C:\Users\SANDY\OneDrive\Desktop\PROJECT\OZALERX_INTERNAL\INTERNAL\examples\example_win32_directx11\RAMZIXMem.h(504,46): warning C4244:         [
C:\Users\SANDY\OneDrive\Desktop\PROJECT\OZALERX_INTERNAL\INTERNAL\examples\example_win32_directx11\RAMZIXMem.h(504,46): warning C4244:             _Ty=DWORD_PTR
C:\Users\SANDY\OneDrive\Desktop\PROJECT\OZALERX_INTERNAL\INTERNAL\examples\example_win32_directx11\RAMZIXMem.h(504,46): warning C4244:         ]
  (compiling source file 'src/ui/YorzenInterface.cpp')
  
C:\Users\SANDY\OneDrive\Desktop\PROJECT\OZALERX_INTERNAL\INTERNAL\examples\example_win32_directx11\RAMZIXMem.h(972,31): warning C4458: declaration of 'ProcessHandle' hides class member
  (compiling source file 'src/ui/YorzenInterface.cpp')
      C:\Users\SANDY\OneDrive\Desktop\PROJECT\OZALERX_INTERNAL\INTERNAL\examples\example_win32_directx11\RAMZIXMem.h(46,12):
      see declaration of 'AimbotMemory::ProcessHandle'
  
C:\Users\SANDY\OneDrive\Desktop\PROJECT\OZALERX_INTERNAL\INTERNAL\examples\example_win32_directx11\RAMZIXMem.h(1061,14): warning C4459: declaration of 'Status' hides global declaration
  (compiling source file 'src/ui/YorzenInterface.cpp')
      C:\Users\SANDY\OneDrive\Desktop\PROJECT\OZALERX_INTERNAL\INTERNAL\examples\example_win32_directx11\Yorzen\Dudas\yorzen.h(22,7):
      see declaration of 'YorzenMain::Status'
  
C:\Users\SANDY\OneDrive\Desktop\PROJECT\OZALERX_INTERNAL\INTERNAL\examples\example_win32_directx11\RAMZIXMem.h(1074,14): warning C4459: declaration of 'Status' hides global declaration
  (compiling source file 'src/ui/YorzenInterface.cpp')
      C:\Users\SANDY\OneDrive\Desktop\PROJECT\OZALERX_INTERNAL\INTERNAL\examples\example_win32_directx11\Yorzen\Dudas\yorzen.h(22,7):
      see declaration of 'YorzenMain::Status'
  
C:\Users\SANDY\OneDrive\Desktop\PROJECT\OZALERX_INTERNAL\INTERNAL\examples\example_win32_directx11\RAMZIXMem.h(1170,39): warning C4459: declaration of 'hwnd' hides global declaration
  (compiling source file 'src/ui/YorzenInterface.cpp')
      C:\Users\SANDY\OneDrive\Desktop\PROJECT\OZALERX_INTERNAL\INTERNAL\examples\example_win32_directx11\Yorzen\Dudas\yorzen.h(188,6):
      see declaration of 'hwnd'
  
C:\Users\SANDY\OneDrive\Desktop\PROJECT\OZALERX_INTERNAL\INTERNAL\examples\example_win32_directx11\RAMZIXMem.h(1210,40): warning C4459: declaration of 'hwnd' hides global declaration
  (compiling source file 'src/ui/YorzenInterface.cpp')
      C:\Users\SANDY\OneDrive\Desktop\PROJECT\OZALERX_INTERNAL\INTERNAL\examples\example_win32_directx11\Yorzen\Dudas\yorzen.h(188,6):
      see declaration of 'hwnd'
  
C:\Users\SANDY\OneDrive\Desktop\PROJECT\OZALERX_INTERNAL\INTERNAL\examples\example_win32_directx11\RAMZIXMem.h(1258,48): warning C4312: 'type cast': conversion from 'ULONG' to 'LPVOID' of greater size
  (compiling source file 'src/ui/YorzenInterface.cpp')
  
C:\Users\SANDY\OneDrive\Desktop\PROJECT\OZALERX_INTERNAL\INTERNAL\examples\example_win32_directx11\RAMZIXMem.h(1263,25): warning C4267: 'initializing': conversion from 'size_t' to 'int', possible loss of data
  (compiling source file 'src/ui/YorzenInterface.cpp')
  
C:\Users\SANDY\OneDrive\Desktop\PROJECT\OZALERX_INTERNAL\INTERNAL\examples\example_win32_directx11\RAMZIXMem.h(1286,46): warning C4244: 'argument': conversion from '_Ty' to 'ULONG', possible loss of data
C:\Users\SANDY\OneDrive\Desktop\PROJECT\OZALERX_INTERNAL\INTERNAL\examples\example_win32_directx11\RAMZIXMem.h(1286,46): warning C4244:         with
C:\Users\SANDY\OneDrive\Desktop\PROJECT\OZALERX_INTERNAL\INTERNAL\examples\example_win32_directx11\RAMZIXMem.h(1286,46): warning C4244:         [
C:\Users\SANDY\OneDrive\Desktop\PROJECT\OZALERX_INTERNAL\INTERNAL\examples\example_win32_directx11\RAMZIXMem.h(1286,46): warning C4244:             _Ty=DWORD_PTR
C:\Users\SANDY\OneDrive\Desktop\PROJECT\OZALERX_INTERNAL\INTERNAL\examples\example_win32_directx11\RAMZIXMem.h(1286,46): warning C4244:         ]
  (compiling source file 'src/ui/YorzenInterface.cpp')
  
C:\Users\SANDY\OneDrive\Desktop\PROJECT\OZALERX_INTERNAL\INTERNAL\examples\example_win32_directx11\RAMZIXMem.h(1261,111): warning C4100: 'ForceWrite': unreferenced parameter
  (compiling source file 'src/ui/YorzenInterface.cpp')
  
C:\Users\SANDY\OneDrive\Desktop\PROJECT\OZALERX_INTERNAL\INTERNAL\examples\example_win32_directx11\RAMZIXMem.h(1329,25): warning C4267: 'initializing': conversion from 'size_t' to 'int', possible loss of data
  (compiling source file 'src/ui/YorzenInterface.cpp')
  
C:\Users\SANDY\OneDrive\Desktop\PROJECT\OZALERX_INTERNAL\INTERNAL\examples\example_win32_directx11\RAMZIXMem.h(1345,19): warning C4101: 'OldProtect': unreferenced local variable
  (compiling source file 'src/ui/YorzenInterface.cpp')
  
C:\Users\SANDY\OneDrive\Desktop\PROJECT\OZALERX_INTERNAL\INTERNAL\examples\example_win32_directx11\RAMZIXMem.h(1354,19): warning C4101: 'OldProtect': unreferenced local variable
  (compiling source file 'src/ui/YorzenInterface.cpp')
  
C:\Users\SANDY\OneDrive\Desktop\PROJECT\OZALERX_INTERNAL\INTERNAL\examples\example_win32_directx11\RAMZIXMem.h(1602,20): warning C4458: declaration of 'mtx' hides class member
  (compiling source file 'src/ui/YorzenInterface.cpp')
      C:\Users\SANDY\OneDrive\Desktop\PROJECT\OZALERX_INTERNAL\INTERNAL\examples\example_win32_directx11\RAMZIXMem.h(63,16):
      see declaration of 'AimbotMemory::mtx'
  
C:\Users\SANDY\OneDrive\Desktop\PROJECT\OZALERX_INTERNAL\INTERNAL\examples\example_win32_directx11\RAMZIXMem.h(1647,24): warning C4244: 'return': conversion from 'DWORD_PTR' to 'int', possible loss of data
  (compiling source file 'src/ui/YorzenInterface.cpp')
  
C:\Users\SANDY\OneDrive\Desktop\PROJECT\OZALERX_INTERNAL\INTERNAL\examples\example_win32_directx11\EspLines\Math\Vector\Vector3.hpp(11,9): warning C4201: nonstandard extension used: nameless struct/union
  (compiling source file 'src/ui/YorzenInterface.cpp')
  
C:\Users\SANDY\OneDrive\Desktop\PROJECT\OZALERX_INTERNAL\INTERNAL\examples\example_win32_directx11\EspLines\Math\Vector\Vector3.hpp(339,13): warning C4244: '=': conversion from 'double' to 'float', possible loss of data
  (compiling source file 'src/ui/YorzenInterface.cpp')
  
C:\Users\SANDY\OneDrive\Desktop\PROJECT\OZALERX_INTERNAL\INTERNAL\examples\example_win32_directx11\EspLines\Math\Vector\Vector3.hpp(340,13): warning C4244: '=': conversion from 'double' to 'float', possible loss of data
  (compiling source file 'src/ui/YorzenInterface.cpp')
  
C:\Users\SANDY\OneDrive\Desktop\PROJECT\OZALERX_INTERNAL\INTERNAL\examples\example_win32_directx11\EspLines\Math\Vector\Vector3.hpp(492,72): warning C4305: 'argument': truncation from 'double' to 'float'
  (compiling source file 'src/ui/YorzenInterface.cpp')
  
C:\Users\SANDY\OneDrive\Desktop\PROJECT\OZALERX_INTERNAL\INTERNAL\examples\example_win32_directx11\EspLines\Math\Vector\Vector3.hpp(492,66): warning C4305: 'argument': truncation from 'double' to 'float'
  (compiling source file 'src/ui/YorzenInterface.cpp')
  
C:\Users\SANDY\OneDrive\Desktop\PROJECT\OZALERX_INTERNAL\INTERNAL\examples\example_win32_directx11\EspLines\Math\Vector\Vector3.hpp(492,60): warning C4305: 'argument': truncation from 'double' to 'float'
  (compiling source file 'src/ui/YorzenInterface.cpp')
  
C:\Users\SANDY\OneDrive\Desktop\PROJECT\OZALERX_INTERNAL\INTERNAL\examples\example_win32_directx11\EspLines\Math\Vector\Vector3.hpp(520,15): warning C4244: '=': conversion from 'double' to 'float', possible loss of data
  (compiling source file 'src/ui/YorzenInterface.cpp')
  
C:\Users\SANDY\OneDrive\Desktop\PROJECT\OZALERX_INTERNAL\INTERNAL\examples\example_win32_directx11\EspLines\Math\Vector\Vector3.hpp(521,15): warning C4244: '=': conversion from 'double' to 'float', possible loss of data
  (compiling source file 'src/ui/YorzenInterface.cpp')
  
C:\Users\SANDY\OneDrive\Desktop\PROJECT\OZALERX_INTERNAL\INTERNAL\examples\example_win32_directx11\EspLines\Math\Vector\Vector3.hpp(538,13): warning C4244: '=': conversion from 'double' to 'float', possible loss of data
  (compiling source file 'src/ui/YorzenInterface.cpp')
  
C:\Users\SANDY\OneDrive\Desktop\PROJECT\OZALERX_INTERNAL\INTERNAL\examples\example_win32_directx11\EspLines\Math\Vector\Vector3.hpp(539,13): warning C4244: '=': conversion from 'double' to 'float', possible loss of data
  (compiling source file 'src/ui/YorzenInterface.cpp')
  
C:\Users\SANDY\OneDrive\Desktop\PROJECT\OZALERX_INTERNAL\INTERNAL\examples\example_win32_directx11\EspLines\Math\Vector\Vector3.hpp(604,21): warning C4312: 'type cast': conversion from 'int' to 'const char *' of greater size
  (compiling source file 'src/ui/YorzenInterface.cpp')
  
C:\Users\SANDY\OneDrive\Desktop\PROJECT\OZALERX_INTERNAL\INTERNAL\examples\example_win32_directx11\EspLines\Math\Vector\Vector3.hpp(605,21): warning C4312: 'type cast': conversion from 'int' to 'const char *' of greater size
  (compiling source file 'src/ui/YorzenInterface.cpp')
  
C:\Users\SANDY\OneDrive\Desktop\PROJECT\OZALERX_INTERNAL\INTERNAL\examples\example_win32_directx11\EspLines\Math\Vector\Vector3.hpp(606,21): warning C4312: 'type cast': conversion from 'int' to 'const char *' of greater size
  (compiling source file 'src/ui/YorzenInterface.cpp')
  
C:\Users\SANDY\OneDrive\Desktop\PROJECT\OZALERX_INTERNAL\INTERNAL\examples\example_win32_directx11\esp.h(400,104): warning C4244: 'argument': conversion from 'int' to 'float', possible loss of data
  (compiling source file 'src/ui/YorzenInterface.cpp')
  
C:\Users\SANDY\OneDrive\Desktop\PROJECT\OZALERX_INTERNAL\INTERNAL\examples\example_win32_directx11\esp.h(402,33): warning C4244: '+=': conversion from 'float' to 'int', possible loss of data
  (compiling source file 'src/ui/YorzenInterface.cpp')
  
C:\Users\SANDY\OneDrive\Desktop\PROJECT\OZALERX_INTERNAL\INTERNAL\examples\example_win32_directx11\esp.h(405,111): warning C4244: 'argument': conversion from 'int' to 'float', possible loss of data
  (compiling source file 'src/ui/YorzenInterface.cpp')
  
C:\Users\SANDY\OneDrive\Desktop\PROJECT\OZALERX_INTERNAL\INTERNAL\examples\example_win32_directx11\esp.h(405,94): warning C4244: 'argument': conversion from 'int' to 'float', possible loss of data
  (compiling source file 'src/ui/YorzenInterface.cpp')
  
C:\Users\SANDY\OneDrive\Desktop\PROJECT\OZALERX_INTERNAL\INTERNAL\examples\example_win32_directx11\esp.h(407,33): warning C4244: '+=': conversion from 'const float' to 'int', possible loss of data
  (compiling source file 'src/ui/YorzenInterface.cpp')
  
C:\Users\SANDY\OneDrive\Desktop\PROJECT\OZALERX_INTERNAL\INTERNAL\examples\example_win32_directx11\esp.h(412,33): warning C4244: '+=': conversion from 'float' to 'int', possible loss of data
  (compiling source file 'src/ui/YorzenInterface.cpp')
  
C:\Users\SANDY\OneDrive\Desktop\PROJECT\OZALERX_INTERNAL\INTERNAL\examples\example_win32_directx11\esp.h(415,115): warning C4244: 'argument': conversion from 'int' to 'float', possible loss of data
  (compiling source file 'src/ui/YorzenInterface.cpp')
  
C:\Users\SANDY\OneDrive\Desktop\PROJECT\OZALERX_INTERNAL\INTERNAL\examples\example_win32_directx11\esp.h(417,33): warning C4244: '+=': conversion from 'float' to 'int', possible loss of data
  (compiling source file 'src/ui/YorzenInterface.cpp')
  
C:\Users\SANDY\OneDrive\Desktop\PROJECT\OZALERX_INTERNAL\INTERNAL\examples\example_win32_directx11\esp.h(434,88): warning C4244: 'argument': conversion from 'int' to 'float', possible loss of data
  (compiling source file 'src/ui/YorzenInterface.cpp')
  
C:\Users\SANDY\OneDrive\Desktop\PROJECT\OZALERX_INTERNAL\INTERNAL\examples\example_win32_directx11\esp.h(436,45): warning C4244: '+=': conversion from 'float' to 'int', possible loss of data
  (compiling source file 'src/ui/YorzenInterface.cpp')
  
C:\Users\SANDY\OneDrive\Desktop\PROJECT\OZALERX_INTERNAL\INTERNAL\examples\example_win32_directx11\esp.h(440,94): warning C4244: 'argument': conversion from 'int' to 'float', possible loss of data
  (compiling source file 'src/ui/YorzenInterface.cpp')
  
C:\Users\SANDY\OneDrive\Desktop\PROJECT\OZALERX_INTERNAL\INTERNAL\examples\example_win32_directx11\esp.h(442,45): warning C4244: '+=': conversion from 'float' to 'int', possible loss of data
  (compiling source file 'src/ui/YorzenInterface.cpp')
  
C:\Users\SANDY\OneDrive\Desktop\PROJECT\OZALERX_INTERNAL\INTERNAL\examples\example_win32_directx11\esp.h(446,93): warning C4244: 'argument': conversion from 'int' to 'float', possible loss of data
  (compiling source file 'src/ui/YorzenInterface.cpp')
  
C:\Users\SANDY\OneDrive\Desktop\PROJECT\OZALERX_INTERNAL\INTERNAL\examples\example_win32_directx11\esp.h(448,45): warning C4244: '+=': conversion from 'float' to 'int', possible loss of data
  (compiling source file 'src/ui/YorzenInterface.cpp')
  
C:\Users\SANDY\OneDrive\Desktop\PROJECT\OZALERX_INTERNAL\INTERNAL\examples\example_win32_directx11\esp.h(452,99): warning C4244: 'argument': conversion from 'int' to 'float', possible loss of data
  (compiling source file 'src/ui/YorzenInterface.cpp')
  
C:\Users\SANDY\OneDrive\Desktop\PROJECT\OZALERX_INTERNAL\INTERNAL\examples\example_win32_directx11\esp.h(454,45): warning C4244: '+=': conversion from 'float' to 'int', possible loss of data
  (compiling source file 'src/ui/YorzenInterface.cpp')
  
C:\Users\SANDY\OneDrive\Desktop\PROJECT\OZALERX_INTERNAL\INTERNAL\examples\example_win32_directx11\esp.h(457,89): warning C4244: 'argument': conversion from 'int' to 'float', possible loss of data
  (compiling source file 'src/ui/YorzenInterface.cpp')
  
C:\Users\SANDY\OneDrive\Desktop\PROJECT\OZALERX_INTERNAL\INTERNAL\examples\example_win32_directx11\esp.h(483,43): warning C4244: 'argument': conversion from 'int' to 'float', possible loss of data
  (compiling source file 'src/ui/YorzenInterface.cpp')
  
C:\Users\SANDY\OneDrive\Desktop\PROJECT\OZALERX_INTERNAL\INTERNAL\examples\example_win32_directx11\esp.h(483,34): warning C4244: 'argument': conversion from 'int' to 'float', possible loss of data
  (compiling source file 'src/ui/YorzenInterface.cpp')
  
C:\Users\SANDY\OneDrive\Desktop\PROJECT\OZALERX_INTERNAL\INTERNAL\examples\example_win32_directx11\esp.h(484,43): warning C4244: 'argument': conversion from 'int' to 'float', possible loss of data
  (compiling source file 'src/ui/YorzenInterface.cpp')
  
C:\Users\SANDY\OneDrive\Desktop\PROJECT\OZALERX_INTERNAL\INTERNAL\examples\example_win32_directx11\esp.h(484,34): warning C4244: 'argument': conversion from 'int' to 'float', possible loss of data
  (compiling source file 'src/ui/YorzenInterface.cpp')
  
C:\Users\SANDY\OneDrive\Desktop\PROJECT\OZALERX_INTERNAL\INTERNAL\examples\example_win32_directx11\esp.h(485,41): warning C4244: 'argument': conversion from 'int' to 'float', possible loss of data
  (compiling source file 'src/ui/YorzenInterface.cpp')
  
C:\Users\SANDY\OneDrive\Desktop\PROJECT\OZALERX_INTERNAL\INTERNAL\examples\example_win32_directx11\esp.h(485,23): warning C4244: 'argument': conversion from 'int' to 'float', possible loss of data
  (compiling source file 'src/ui/YorzenInterface.cpp')
  
C:\Users\SANDY\OneDrive\Desktop\PROJECT\OZALERX_INTERNAL\INTERNAL\examples\example_win32_directx11\esp.h(486,41): warning C4244: 'argument': conversion from 'int' to 'float', possible loss of data
  (compiling source file 'src/ui/YorzenInterface.cpp')
  
C:\Users\SANDY\OneDrive\Desktop\PROJECT\OZALERX_INTERNAL\INTERNAL\examples\example_win32_directx11\esp.h(486,23): warning C4244: 'argument': conversion from 'int' to 'float', possible loss of data
  (compiling source file 'src/ui/YorzenInterface.cpp')
  
C:\Users\SANDY\OneDrive\Desktop\PROJECT\OZALERX_INTERNAL\INTERNAL\examples\example_win32_directx11\esp.h(523,71): warning C4244: '+=': conversion from 'float' to 'int', possible loss of data
  (compiling source file 'src/ui/YorzenInterface.cpp')
  
C:\Users\SANDY\OneDrive\Desktop\PROJECT\OZALERX_INTERNAL\INTERNAL\examples\example_win32_directx11\esp.h(523,99): warning C4244: '+=': conversion from 'float' to 'int', possible loss of data
  (compiling source file 'src/ui/YorzenInterface.cpp')
  
C:\Users\SANDY\OneDrive\Desktop\PROJECT\OZALERX_INTERNAL\INTERNAL\examples\example_win32_directx11\esp.h(524,71): warning C4244: '+=': conversion from 'float' to 'int', possible loss of data
  (compiling source file 'src/ui/YorzenInterface.cpp')
  
C:\Users\SANDY\OneDrive\Desktop\PROJECT\OZALERX_INTERNAL\INTERNAL\examples\example_win32_directx11\esp.h(524,99): warning C4244: '+=': conversion from 'float' to 'int', possible loss of data
  (compiling source file 'src/ui/YorzenInterface.cpp')
  
C:\Users\SANDY\OneDrive\Desktop\PROJECT\OZALERX_INTERNAL\INTERNAL\examples\example_win32_directx11\esp.h(525,71): warning C4244: '+=': conversion from 'float' to 'int', possible loss of data
  (compiling source file 'src/ui/YorzenInterface.cpp')
  
C:\Users\SANDY\OneDrive\Desktop\PROJECT\OZALERX_INTERNAL\INTERNAL\examples\example_win32_directx11\esp.h(525,99): warning C4244: '+=': conversion from 'float' to 'int', possible loss of data
  (compiling source file 'src/ui/YorzenInterface.cpp')
  
C:\Users\SANDY\OneDrive\Desktop\PROJECT\OZALERX_INTERNAL\INTERNAL\examples\example_win32_directx11\esp.h(526,71): warning C4244: '+=': conversion from 'float' to 'int', possible loss of data
  (compiling source file 'src/ui/YorzenInterface.cpp')
  
C:\Users\SANDY\OneDrive\Desktop\PROJECT\OZALERX_INTERNAL\INTERNAL\examples\example_win32_directx11\esp.h(526,99): warning C4244: '+=': conversion from 'float' to 'int', possible loss of data
  (compiling source file 'src/ui/YorzenInterface.cpp')
  
C:\Users\SANDY\OneDrive\Desktop\PROJECT\OZALERX_INTERNAL\INTERNAL\examples\example_win32_directx11\esp.h(542,28): warning C4244: '=': conversion from 'float' to 'int', possible loss of data
  (compiling source file 'src/ui/YorzenInterface.cpp')
  
C:\Users\SANDY\OneDrive\Desktop\PROJECT\OZALERX_INTERNAL\INTERNAL\examples\example_win32_directx11\FWorkMain.h(147,31): warning C4244: '=': conversion from 'int' to 'float', possible loss of data
  (compiling source file 'src/ui/YorzenInterface.cpp')
  
C:\Users\SANDY\OneDrive\Desktop\PROJECT\OZALERX_INTERNAL\INTERNAL\examples\example_win32_directx11\FWorkMain.h(148,31): warning C4244: '=': conversion from 'int' to 'float', possible loss of data
  (compiling source file 'src/ui/YorzenInterface.cpp')
  
C:\Users\SANDY\OneDrive\Desktop\PROJECT\OZALERX_INTERNAL\INTERNAL\examples\example_win32_directx11\FWorkMain.h(149,52): warning C4244: 'argument': conversion from 'int' to 'float', possible loss of data
  (compiling source file 'src/ui/YorzenInterface.cpp')
  
C:\Users\SANDY\OneDrive\Desktop\PROJECT\OZALERX_INTERNAL\INTERNAL\examples\example_win32_directx11\FWorkMain.h(149,38): warning C4244: 'argument': conversion from 'int' to 'float', possible loss of data
  (compiling source file 'src/ui/YorzenInterface.cpp')
  
C:\Users\SANDY\OneDrive\Desktop\PROJECT\OZALERX_INTERNAL\INTERNAL\examples\example_win32_directx11\FWorkMain.h(150,34): warning C4244: '=': conversion from 'int' to 'float', possible loss of data
  (compiling source file 'src/ui/YorzenInterface.cpp')
  
C:\Users\SANDY\OneDrive\Desktop\PROJECT\OZALERX_INTERNAL\INTERNAL\examples\example_win32_directx11\FWorkMain.h(189,58): warning C4459: declaration of 'col' hides global declaration
  (compiling source file 'src/ui/YorzenInterface.cpp')
      C:\Users\SANDY\OneDrive\Desktop\PROJECT\OZALERX_INTERNAL\INTERNAL\examples\example_win32_directx11\FWorkMain.h(108,7):
      see declaration of 'col'
  
C:\Users\SANDY\OneDrive\Desktop\PROJECT\OZALERX_INTERNAL\INTERNAL\examples\example_win32_directx11\FWorkMain.h(346,14): warning C4459: declaration of 'key' hides global declaration
  (compiling source file 'src/ui/YorzenInterface.cpp')
      C:\Users\SANDY\OneDrive\Desktop\PROJECT\OZALERX_INTERNAL\INTERNAL\examples\example_win32_directx11\FWorkMain.h(83,5):
      see declaration of 'key'
  
C:\Users\SANDY\OneDrive\Desktop\PROJECT\OZALERX_INTERNAL\INTERNAL\examples\example_win32_directx11\FWorkMain.h(353,45): warning C4459: declaration of 'key' hides global declaration
  (compiling source file 'src/ui/YorzenInterface.cpp')
      C:\Users\SANDY\OneDrive\Desktop\PROJECT\OZALERX_INTERNAL\INTERNAL\examples\example_win32_directx11\FWorkMain.h(83,5):
      see declaration of 'key'
  
C:\Users\SANDY\OneDrive\Desktop\PROJECT\OZALERX_INTERNAL\INTERNAL\examples\example_win32_directx11\Yorzen\Dudas\menu_widgets.hpp(46,27): warning C4459: declaration of 'items' hides global declaration
  (compiling source file 'src/ui/YorzenInterface.cpp')
      C:\Users\SANDY\OneDrive\Desktop\PROJECT\OZALERX_INTERNAL\INTERNAL\examples\example_win32_directx11\FWorkMain.h(89,13):
      see declaration of 'items'
  
C:\Users\SANDY\OneDrive\Desktop\PROJECT\OZALERX_INTERNAL\INTERNAL\examples\example_win32_directx11\Yorzen\Dudas\menu_widgets.hpp(55,70): warning C4459: declaration of 'col' hides global declaration
  (compiling source file 'src/ui/YorzenInterface.cpp')
      C:\Users\SANDY\OneDrive\Desktop\PROJECT\OZALERX_INTERNAL\INTERNAL\examples\example_win32_directx11\FWorkMain.h(108,7):
      see declaration of 'col'
  
C:\Users\SANDY\OneDrive\Desktop\PROJECT\OZALERX_INTERNAL\INTERNAL\examples\example_win32_directx11\Yorzen\Dudas\menu_widgets.hpp(66,53): warning C4459: declaration of 'keybind' hides global declaration
  (compiling source file 'src/ui/YorzenInterface.cpp')
      C:\Users\SANDY\OneDrive\Desktop\PROJECT\OZALERX_INTERNAL\INTERNAL\examples\example_win32_directx11\Yorzen\Dudas\menu_ui.h(8,12):
      see declaration of 'keybind'
  
C:\Users\SANDY\OneDrive\Desktop\PROJECT\OZALERX_INTERNAL\INTERNAL\examples\example_win32_directx11\FWorkMain.h(702,19): warning C4459: declaration of 'accent' hides global declaration
  (compiling source file 'src/ui/YorzenInterface.cpp')
      C:\Users\SANDY\OneDrive\Desktop\PROJECT\OZALERX_INTERNAL\INTERNAL\imgui_settings.h(117,16):
      see declaration of 'c::accent'
  
C:\Users\SANDY\OneDrive\Desktop\PROJECT\OZALERX_INTERNAL\INTERNAL\examples\example_win32_directx11\FWorkMain.h(816,21): warning C4459: declaration of 'items' hides global declaration
  (compiling source file 'src/ui/YorzenInterface.cpp')
      C:\Users\SANDY\OneDrive\Desktop\PROJECT\OZALERX_INTERNAL\INTERNAL\examples\example_win32_directx11\FWorkMain.h(89,13):
      see declaration of 'items'
  
C:\Users\SANDY\OneDrive\Desktop\PROJECT\OZALERX_INTERNAL\INTERNAL\examples\example_win32_directx11\FWorkMain.h(1026,21): warning C4459: declaration of 'rainbow' hides global declaration
  (compiling source file 'src/ui/YorzenInterface.cpp')
      C:\Users\SANDY\OneDrive\Desktop\PROJECT\OZALERX_INTERNAL\INTERNAL\examples\example_win32_directx11\ImGui\keybind_system.hpp(14,16):
      see declaration of 'rainbow'
  
C:\Users\SANDY\OneDrive\Desktop\PROJECT\OZALERX_INTERNAL\INTERNAL\examples\example_win32_directx11\FWorkMain.h(974,20): warning C4189: 'region': local variable is initialized but not referenced
  (compiling source file 'src/ui/YorzenInterface.cpp')
  
C:\Users\SANDY\OneDrive\Desktop\PROJECT\OZALERX_INTERNAL\INTERNAL\examples\example_win32_directx11\FWorkMain.h(975,20): warning C4189: 'spacing': local variable is initialized but not referenced
  (compiling source file 'src/ui/YorzenInterface.cpp')
  
C:\Users\SANDY\OneDrive\Desktop\PROJECT\OZALERX_INTERNAL\INTERNAL\examples\example_win32_directx11\FWorkMain.h(977,18): warning C4189: 'bg_draw': local variable is initialized but not referenced
  (compiling source file 'src/ui/YorzenInterface.cpp')
  
C:\Users\SANDY\OneDrive\Desktop\PROJECT\OZALERX_INTERNAL\INTERNAL\examples\example_win32_directx11\FWorkMain.h(1131,9): warning C4459: declaration of 'rc' hides global declaration
  (compiling source file 'src/ui/YorzenInterface.cpp')
      C:\Users\SANDY\OneDrive\Desktop\PROJECT\OZALERX_INTERNAL\INTERNAL\examples\example_win32_directx11\Yorzen\Dudas\yorzen.h(189,6):
      see declaration of 'rc'
  
C:\Users\SANDY\OneDrive\Desktop\PROJECT\OZALERX_INTERNAL\INTERNAL\examples\example_win32_directx11\FWorkMain.h(1154,17): warning C4459: declaration of 'popup' hides global declaration
  (compiling source file 'src/ui/YorzenInterface.cpp')
      C:\Users\SANDY\OneDrive\Desktop\PROJECT\OZALERX_INTERNAL\INTERNAL\examples\example_win32_directx11\ImGui\keybind_system.hpp(12,14):
      see declaration of 'popup'
  
C:\Users\SANDY\OneDrive\Desktop\PROJECT\OZALERX_INTERNAL\INTERNAL\examples\example_win32_directx11\FWorkMain.h(1348,24): warning C4459: declaration of 'rainbow' hides global declaration
  (compiling source file 'src/ui/YorzenInterface.cpp')
      C:\Users\SANDY\OneDrive\Desktop\PROJECT\OZALERX_INTERNAL\INTERNAL\examples\example_win32_directx11\ImGui\keybind_system.hpp(14,16):
      see declaration of 'rainbow'
  
C:\Users\SANDY\OneDrive\Desktop\PROJECT\OZALERX_INTERNAL\INTERNAL\examples\example_win32_directx11\FWorkMain.h(1165,9): warning C4189: 'show_demo_window': local variable is initialized but not referenced
  (compiling source file 'src/ui/YorzenInterface.cpp')
  
C:\Users\SANDY\OneDrive\Desktop\PROJECT\OZALERX_INTERNAL\INTERNAL\examples\example_win32_directx11\FWorkMain.h(1130,10): warning C4101: 'mouse': unreferenced local variable
  (compiling source file 'src/ui/YorzenInterface.cpp')
  
C:\Users\SANDY\OneDrive\Desktop\PROJECT\OZALERX_INTERNAL\INTERNAL\examples\example_win32_directx11\FWorkMain.h(1166,9): warning C4189: 'show_another_window': local variable is initialized but not referenced
  (compiling source file 'src/ui/YorzenInterface.cpp')
  
C:\Users\SANDY\OneDrive\Desktop\PROJECT\OZALERX_INTERNAL\INTERNAL\examples\example_win32_directx11\FWorkMain.h(1205,8): warning C4189: 'msg_count': local variable is initialized but not referenced
  (compiling source file 'src/ui/YorzenInterface.cpp')
  
C:\Users\SANDY\OneDrive\Desktop\PROJECT\OZALERX_INTERNAL\INTERNAL\examples\example_win32_directx11\FWorkMain.h(1296,23): warning C4189: 'region': local variable is initialized but not referenced
  (compiling source file 'src/ui/YorzenInterface.cpp')
  
C:\Users\SANDY\OneDrive\Desktop\PROJECT\OZALERX_INTERNAL\INTERNAL\examples\example_win32_directx11\FWorkMain.h(1297,23): warning C4189: 'spacing': local variable is initialized but not referenced
  (compiling source file 'src/ui/YorzenInterface.cpp')
  
C:\Users\SANDY\OneDrive\Desktop\PROJECT\OZALERX_INTERNAL\INTERNAL\examples\example_win32_directx11\FWorkMain.h(1299,21): warning C4189: 'bg_draw': local variable is initialized but not referenced
  (compiling source file 'src/ui/YorzenInterface.cpp')
  
C:\Program Files\Microsoft Visual Studio\2022\Community\VC\Tools\MSVC\14.44.35207\atlmfc\include\atlcore.h(671,7): warning C4459: declaration of 'rc' hides global declaration
  (compiling source file 'src/ui/YorzenInterface.cpp')
      C:\Users\SANDY\OneDrive\Desktop\PROJECT\OZALERX_INTERNAL\INTERNAL\examples\example_win32_directx11\Yorzen\Dudas\yorzen.h(189,6):
      see declaration of 'rc'
  
C:\Program Files\Microsoft Visual Studio\2022\Community\VC\Tools\MSVC\14.44.35207\atlmfc\include\atltransactionmanager.h(267,14): warning C4459: declaration of 'bInitialized' hides global declaration
  (compiling source file 'src/ui/YorzenInterface.cpp')
      C:\Users\SANDY\OneDrive\Desktop\PROJECT\OZALERX_INTERNAL\INTERNAL\examples\example_win32_directx11\src\Overlay\Overlay.hpp(10,13):
      see declaration of 'bInitialized'
  
C:\Program Files\Microsoft Visual Studio\2022\Community\VC\Tools\MSVC\14.44.35207\atlmfc\include\atltransactionmanager.h(317,14): warning C4459: declaration of 'bInitialized' hides global declaration
  (compiling source file 'src/ui/YorzenInterface.cpp')
      C:\Users\SANDY\OneDrive\Desktop\PROJECT\OZALERX_INTERNAL\INTERNAL\examples\example_win32_directx11\src\Overlay\Overlay.hpp(10,13):
      see declaration of 'bInitialized'
  
C:\Program Files\Microsoft Visual Studio\2022\Community\VC\Tools\MSVC\14.44.35207\atlmfc\include\atltransactionmanager.h(347,14): warning C4459: declaration of 'bInitialized' hides global declaration
  (compiling source file 'src/ui/YorzenInterface.cpp')
      C:\Users\SANDY\OneDrive\Desktop\PROJECT\OZALERX_INTERNAL\INTERNAL\examples\example_win32_directx11\src\Overlay\Overlay.hpp(10,13):
      see declaration of 'bInitialized'
  
C:\Program Files\Microsoft Visual Studio\2022\Community\VC\Tools\MSVC\14.44.35207\atlmfc\include\atlbase.h(5700,42): warning C4459: declaration of 'key' hides global declaration
  (compiling source file 'src/ui/YorzenInterface.cpp')
      C:\Users\SANDY\OneDrive\Desktop\PROJECT\OZALERX_INTERNAL\INTERNAL\examples\example_win32_directx11\FWorkMain.h(83,5):
      see declaration of 'key'
  
C:\Program Files\Microsoft Visual Studio\2022\Community\VC\Tools\MSVC\14.44.35207\atlmfc\include\atlbase.h(5718,53): warning C4459: declaration of 'key' hides global declaration
  (compiling source file 'src/ui/YorzenInterface.cpp')
      C:\Users\SANDY\OneDrive\Desktop\PROJECT\OZALERX_INTERNAL\INTERNAL\examples\example_win32_directx11\FWorkMain.h(83,5):
      see declaration of 'key'
  
C:\Program Files\Microsoft Visual Studio\2022\Community\VC\Tools\MSVC\14.44.35207\atlmfc\include\atlbase.h(5769,14): warning C4459: declaration of 'bInitialized' hides global declaration
  (compiling source file 'src/ui/YorzenInterface.cpp')
      C:\Users\SANDY\OneDrive\Desktop\PROJECT\OZALERX_INTERNAL\INTERNAL\examples\example_win32_directx11\src\Overlay\Overlay.hpp(10,13):
      see declaration of 'bInitialized'
  
C:\Program Files\Microsoft Visual Studio\2022\Community\VC\Tools\MSVC\14.44.35207\atlmfc\include\atlbase.h(6171,10): warning C4459: declaration of 'key' hides global declaration
  (compiling source file 'src/ui/YorzenInterface.cpp')
      C:\Users\SANDY\OneDrive\Desktop\PROJECT\OZALERX_INTERNAL\INTERNAL\examples\example_win32_directx11\FWorkMain.h(83,5):
      see declaration of 'key'
  
C:\Program Files\Microsoft Visual Studio\2022\Community\VC\Tools\MSVC\14.44.35207\atlmfc\include\atlbase.h(6184,10): warning C4459: declaration of 'key' hides global declaration
  (compiling source file 'src/ui/YorzenInterface.cpp')
      C:\Users\SANDY\OneDrive\Desktop\PROJECT\OZALERX_INTERNAL\INTERNAL\examples\example_win32_directx11\FWorkMain.h(83,5):
      see declaration of 'key'
  
C:\Program Files\Microsoft Visual Studio\2022\Community\VC\Tools\MSVC\14.44.35207\atlmfc\include\atlbase.h(6339,10): warning C4459: declaration of 'key' hides global declaration
  (compiling source file 'src/ui/YorzenInterface.cpp')
      C:\Users\SANDY\OneDrive\Desktop\PROJECT\OZALERX_INTERNAL\INTERNAL\examples\example_win32_directx11\FWorkMain.h(83,5):
      see declaration of 'key'
  
C:\Program Files\Microsoft Visual Studio\2022\Community\VC\Tools\MSVC\14.44.35207\atlmfc\include\atlbase.h(6820,11): warning C4459: declaration of 'key' hides global declaration
  (compiling source file 'src/ui/YorzenInterface.cpp')
      C:\Users\SANDY\OneDrive\Desktop\PROJECT\OZALERX_INTERNAL\INTERNAL\examples\example_win32_directx11\FWorkMain.h(83,5):
      see declaration of 'key'
  
C:\Program Files\Microsoft Visual Studio\2022\Community\VC\Tools\MSVC\14.44.35207\atlmfc\include\atlbase.h(6877,10): warning C4459: declaration of 'key' hides global declaration
  (compiling source file 'src/ui/YorzenInterface.cpp')
      C:\Users\SANDY\OneDrive\Desktop\PROJECT\OZALERX_INTERNAL\INTERNAL\examples\example_win32_directx11\FWorkMain.h(83,5):
      see declaration of 'key'
  
C:\Program Files\Microsoft Visual Studio\2022\Community\VC\Tools\MSVC\14.44.35207\atlmfc\include\atlbase.h(7290,12): warning C4459: declaration of 'key' hides global declaration
  (compiling source file 'src/ui/YorzenInterface.cpp')
      C:\Users\SANDY\OneDrive\Desktop\PROJECT\OZALERX_INTERNAL\INTERNAL\examples\example_win32_directx11\FWorkMain.h(83,5):
      see declaration of 'key'
  
C:\Users\SANDY\OneDrive\Desktop\PROJECT\OZALERX_INTERNAL\INTERNAL\examples\example_win32_directx11\AIMBOTMEMORY.H(317,48): warning C4312: 'type cast': conversion from 'ULONG' to 'LPVOID' of greater size
  (compiling source file 'src/ui/YorzenInterface.cpp')
  
C:\Users\SANDY\OneDrive\Desktop\PROJECT\OZALERX_INTERNAL\INTERNAL\examples\example_win32_directx11\AIMBOTMEMORY.H(331,25): warning C4267: 'initializing': conversion from 'size_t' to 'int', possible loss of data
  (compiling source file 'src/ui/YorzenInterface.cpp')
  
C:\Users\SANDY\OneDrive\Desktop\PROJECT\OZALERX_INTERNAL\INTERNAL\examples\example_win32_directx11\AIMBOTMEMORY.H(343,46): warning C4244: 'argument': conversion from '_Ty' to 'ULONG', possible loss of data
C:\Users\SANDY\OneDrive\Desktop\PROJECT\OZALERX_INTERNAL\INTERNAL\examples\example_win32_directx11\AIMBOTMEMORY.H(343,46): warning C4244:         with
C:\Users\SANDY\OneDrive\Desktop\PROJECT\OZALERX_INTERNAL\INTERNAL\examples\example_win32_directx11\AIMBOTMEMORY.H(343,46): warning C4244:         [
C:\Users\SANDY\OneDrive\Desktop\PROJECT\OZALERX_INTERNAL\INTERNAL\examples\example_win32_directx11\AIMBOTMEMORY.H(343,46): warning C4244:             _Ty=DWORD_PTR
C:\Users\SANDY\OneDrive\Desktop\PROJECT\OZALERX_INTERNAL\INTERNAL\examples\example_win32_directx11\AIMBOTMEMORY.H(343,46): warning C4244:         ]
  (compiling source file 'src/ui/YorzenInterface.cpp')
  
C:\Users\SANDY\OneDrive\Desktop\PROJECT\OZALERX_INTERNAL\INTERNAL\examples\example_win32_directx11\AIMBOTMEMORY.H(353,25): warning C4267: 'initializing': conversion from 'size_t' to 'int', possible loss of data
  (compiling source file 'src/ui/YorzenInterface.cpp')
  
C:\Users\SANDY\OneDrive\Desktop\PROJECT\OZALERX_INTERNAL\INTERNAL\examples\example_win32_directx11\AIMBOTMEMORY.H(369,50): warning C4244: 'argument': conversion from '_Ty' to 'ULONG', possible loss of data
C:\Users\SANDY\OneDrive\Desktop\PROJECT\OZALERX_INTERNAL\INTERNAL\examples\example_win32_directx11\AIMBOTMEMORY.H(369,50): warning C4244:         with
C:\Users\SANDY\OneDrive\Desktop\PROJECT\OZALERX_INTERNAL\INTERNAL\examples\example_win32_directx11\AIMBOTMEMORY.H(369,50): warning C4244:         [
C:\Users\SANDY\OneDrive\Desktop\PROJECT\OZALERX_INTERNAL\INTERNAL\examples\example_win32_directx11\AIMBOTMEMORY.H(369,50): warning C4244:             _Ty=DWORD_PTR
C:\Users\SANDY\OneDrive\Desktop\PROJECT\OZALERX_INTERNAL\INTERNAL\examples\example_win32_directx11\AIMBOTMEMORY.H(369,50): warning C4244:         ]
  (compiling source file 'src/ui/YorzenInterface.cpp')
  
C:\Users\SANDY\OneDrive\Desktop\PROJECT\OZALERX_INTERNAL\INTERNAL\examples\example_win32_directx11\AIMBOTMEMORY.H(351,110): warning C4100: 'ForceWrite': unreferenced parameter
  (compiling source file 'src/ui/YorzenInterface.cpp')
  
C:\Users\SANDY\OneDrive\Desktop\PROJECT\OZALERX_INTERNAL\INTERNAL\examples\example_win32_directx11\AIMBOTMEMORY.H(463,20): warning C4458: declaration of 'mtx' hides class member
  (compiling source file 'src/ui/YorzenInterface.cpp')
      C:\Users\SANDY\OneDrive\Desktop\PROJECT\OZALERX_INTERNAL\INTERNAL\examples\example_win32_directx11\AIMBOTMEMORY.H(52,16):
      see declaration of 'AimMemory::mtx'
  
C:\Users\SANDY\OneDrive\Desktop\PROJECT\OZALERX_INTERNAL\INTERNAL\examples\example_win32_directx11\AIMBOTMEMORY.H(717,24): warning C4244: 'return': conversion from 'DWORD_PTR' to 'int', possible loss of data
  (compiling source file 'src/ui/YorzenInterface.cpp')
  
C:\Program Files\Microsoft Visual Studio\2022\Community\VC\Tools\MSVC\14.44.35207\atlmfc\include\atlsimpcoll.h(425,31): warning C4459: declaration of 'key' hides global declaration
  (compiling source file 'src/ui/YorzenInterface.cpp')
      C:\Users\SANDY\OneDrive\Desktop\PROJECT\OZALERX_INTERNAL\INTERNAL\examples\example_win32_directx11\FWorkMain.h(83,5):
      see declaration of 'key'
      C:\Program Files\Microsoft Visual Studio\2022\Community\VC\Tools\MSVC\14.44.35207\atlmfc\include\atlsimpcoll.h(425,31):
      the template instantiation context (the oldest one first) is
          C:\Program Files\Microsoft Visual Studio\2022\Community\VC\Tools\MSVC\14.44.35207\atlmfc\include\statreg.h(101,9):
          see reference to class template instantiation 'ATL::CSimpleMap<LPTSTR,LPOLESTR,ATL::CExpansionVectorEqualHelper>' being compiled
          C:\Program Files\Microsoft Visual Studio\2022\Community\VC\Tools\MSVC\14.44.35207\atlmfc\include\atlsimpcoll.h(425,7):
          while compiling class template member function 'TVal ATL::CSimpleMap<LPTSTR,TVal,ATL::CExpansionVectorEqualHelper>::Lookup(const TKey &) const'
          with
          [
              TVal=LPOLESTR,
              TKey=LPTSTR
          ]
              C:\Program Files\Microsoft Visual Studio\2022\Community\VC\Tools\MSVC\14.44.35207\atlmfc\include\statreg.h(654,17):
              see the first reference to 'ATL::CSimpleMap<LPTSTR,LPOLESTR,ATL::CExpansionVectorEqualHelper>::Lookup' in 'ATL::CRegObject::StrFromMap'
  
C:\Program Files\Microsoft Visual Studio\2022\Community\VC\Tools\MSVC\14.44.35207\atlmfc\include\atlsimpcoll.h(345,20): warning C4459: declaration of 'key' hides global declaration
  (compiling source file 'src/ui/YorzenInterface.cpp')
      C:\Users\SANDY\OneDrive\Desktop\PROJECT\OZALERX_INTERNAL\INTERNAL\examples\example_win32_directx11\FWorkMain.h(83,5):
      see declaration of 'key'
      C:\Program Files\Microsoft Visual Studio\2022\Community\VC\Tools\MSVC\14.44.35207\atlmfc\include\atlsimpcoll.h(345,20):
      the template instantiation context (the oldest one first) is
          C:\Program Files\Microsoft Visual Studio\2022\Community\VC\Tools\MSVC\14.44.35207\atlmfc\include\atlsimpcoll.h(344,7):
          while compiling class template member function 'BOOL ATL::CSimpleMap<LPTSTR,LPOLESTR,ATL::CExpansionVectorEqualHelper>::Add(const TKey &,const TVal &)'
          with
          [
              TKey=LPTSTR,
              TVal=LPOLESTR
          ]
              C:\Program Files\Microsoft Visual Studio\2022\Community\VC\Tools\MSVC\14.44.35207\atlmfc\include\statreg.h(141,4):
              see the first reference to 'ATL::CSimpleMap<LPTSTR,LPOLESTR,ATL::CExpansionVectorEqualHelper>::Add' in 'ATL::CExpansionVector::Add'
  
C:\Program Files\Microsoft Visual Studio\2022\Community\VC\Tools\MSVC\14.44.35207\atlmfc\include\atlsimpcoll.h(513,20): warning C4459: declaration of 'key' hides global declaration
  (compiling source file 'src/ui/YorzenInterface.cpp')
      C:\Users\SANDY\OneDrive\Desktop\PROJECT\OZALERX_INTERNAL\INTERNAL\examples\example_win32_directx11\FWorkMain.h(83,5):
      see declaration of 'key'
      C:\Program Files\Microsoft Visual Studio\2022\Community\VC\Tools\MSVC\14.44.35207\atlmfc\include\atlsimpcoll.h(513,20):
      the template instantiation context (the oldest one first) is
          C:\Program Files\Microsoft Visual Studio\2022\Community\VC\Tools\MSVC\14.44.35207\atlmfc\include\atlsimpcoll.h(511,7):
          while compiling class template member function 'void ATL::CSimpleMap<LPTSTR,LPOLESTR,ATL::CExpansionVectorEqualHelper>::InternalSetAtIndex(int,const TKey &,const TVal &)'
          with
          [
              TKey=LPTSTR,
              TVal=LPOLESTR
          ]
              C:\Program Files\Microsoft Visual Studio\2022\Community\VC\Tools\MSVC\14.44.35207\atlmfc\include\atlsimpcoll.h(358,21):
              see the first reference to 'ATL::CSimpleMap<LPTSTR,LPOLESTR,ATL::CExpansionVectorEqualHelper>::InternalSetAtIndex' in 'ATL::CSimpleMap<LPTSTR,LPOLESTR,ATL::CExpansionVectorEqualHelper>::Add'
              C:\Program Files\Microsoft Visual Studio\2022\Community\VC\Tools\MSVC\14.44.35207\atlmfc\include\statreg.h(141,4):
              see the first reference to 'ATL::CSimpleMap<LPTSTR,LPOLESTR,ATL::CExpansionVectorEqualHelper>::Add' in 'ATL::CExpansionVector::Add'
  
C:\Program Files\Microsoft Visual Studio\2022\Community\VC\Tools\MSVC\14.44.35207\atlmfc\include\atlsimpcoll.h(456,31): warning C4459: declaration of 'key' hides global declaration
  (compiling source file 'src/ui/YorzenInterface.cpp')
      C:\Users\SANDY\OneDrive\Desktop\PROJECT\OZALERX_INTERNAL\INTERNAL\examples\example_win32_directx11\FWorkMain.h(83,5):
      see declaration of 'key'
      C:\Program Files\Microsoft Visual Studio\2022\Community\VC\Tools\MSVC\14.44.35207\atlmfc\include\atlsimpcoll.h(456,31):
      the template instantiation context (the oldest one first) is
          C:\Program Files\Microsoft Visual Studio\2022\Community\VC\Tools\MSVC\14.44.35207\atlmfc\include\atlsimpcoll.h(456,6):
          while compiling class template member function 'int ATL::CSimpleMap<LPTSTR,LPOLESTR,ATL::CExpansionVectorEqualHelper>::FindKey(const TKey &) const'
          with
          [
              TKey=LPTSTR
          ]
              C:\Program Files\Microsoft Visual Studio\2022\Community\VC\Tools\MSVC\14.44.35207\atlmfc\include\atlsimpcoll.h(427,14):
              see the first reference to 'ATL::CSimpleMap<LPTSTR,LPOLESTR,ATL::CExpansionVectorEqualHelper>::FindKey' in 'ATL::CSimpleMap<LPTSTR,LPOLESTR,ATL::CExpansionVectorEqualHelper>::Lookup'
              C:\Program Files\Microsoft Visual Studio\2022\Community\VC\Tools\MSVC\14.44.35207\atlmfc\include\statreg.h(654,17):
              see the first reference to 'ATL::CSimpleMap<LPTSTR,LPOLESTR,ATL::CExpansionVectorEqualHelper>::Lookup' in 'ATL::CRegObject::StrFromMap'
  
  Compiling...
  menu.cpp
C:\Users\SANDY\OneDrive\Desktop\PROJECT\OZALERX_INTERNAL\INTERNAL\examples\example_win32_directx11\ImGui\custom_widgets.hpp(3,9): warning C4005: 'IMGUI_DEFINE_MATH_OPERATORS': macro redefinition
  (compiling source file 'Yorzen/Dudas/menu.cpp')
      C:\Users\SANDY\OneDrive\Desktop\PROJECT\OZALERX_INTERNAL\INTERNAL\examples\example_win32_directx11\ImGui\custom_widgets.hpp(3,9):
      'IMGUI_DEFINE_MATH_OPERATORS' previously declared on the command line
  
C:\Users\SANDY\OneDrive\Desktop\PROJECT\OZALERX_INTERNAL\INTERNAL\SDK\Include\dxgitype.h(12,9): warning C4005: 'DXGI_STATUS_OCCLUDED': macro redefinition
  (compiling source file 'Yorzen/Dudas/menu.cpp')
      C:\Program Files (x86)\Windows Kits\10\Include\10.0.26100.0\shared\winerror.h(59282,9):
      see previous definition of 'DXGI_STATUS_OCCLUDED'
  
C:\Users\SANDY\OneDrive\Desktop\PROJECT\OZALERX_INTERNAL\INTERNAL\SDK\Include\dxgitype.h(13,9): warning C4005: 'DXGI_STATUS_CLIPPED': macro redefinition
  (compiling source file 'Yorzen/Dudas/menu.cpp')
      C:\Program Files (x86)\Windows Kits\10\Include\10.0.26100.0\shared\winerror.h(59291,9):
      see previous definition of 'DXGI_STATUS_CLIPPED'
  
C:\Users\SANDY\OneDrive\Desktop\PROJECT\OZALERX_INTERNAL\INTERNAL\SDK\Include\dxgitype.h(14,9): warning C4005: 'DXGI_STATUS_NO_REDIRECTION': macro redefinition
  (compiling source file 'Yorzen/Dudas/menu.cpp')
      C:\Program Files (x86)\Windows Kits\10\Include\10.0.26100.0\shared\winerror.h(59300,9):
      see previous definition of 'DXGI_STATUS_NO_REDIRECTION'
  
C:\Users\SANDY\OneDrive\Desktop\PROJECT\OZALERX_INTERNAL\INTERNAL\SDK\Include\dxgitype.h(15,9): warning C4005: 'DXGI_STATUS_NO_DESKTOP_ACCESS': macro redefinition
  (compiling source file 'Yorzen/Dudas/menu.cpp')
      C:\Program Files (x86)\Windows Kits\10\Include\10.0.26100.0\shared\winerror.h(59309,9):
      see previous definition of 'DXGI_STATUS_NO_DESKTOP_ACCESS'
  
C:\Users\SANDY\OneDrive\Desktop\PROJECT\OZALERX_INTERNAL\INTERNAL\SDK\Include\dxgitype.h(16,9): warning C4005: 'DXGI_STATUS_GRAPHICS_VIDPN_SOURCE_IN_USE': macro redefinition
  (compiling source file 'Yorzen/Dudas/menu.cpp')
      C:\Program Files (x86)\Windows Kits\10\Include\10.0.26100.0\shared\winerror.h(59318,9):
      see previous definition of 'DXGI_STATUS_GRAPHICS_VIDPN_SOURCE_IN_USE'
  
C:\Users\SANDY\OneDrive\Desktop\PROJECT\OZALERX_INTERNAL\INTERNAL\SDK\Include\dxgitype.h(17,9): warning C4005: 'DXGI_STATUS_MODE_CHANGED': macro redefinition
  (compiling source file 'Yorzen/Dudas/menu.cpp')
      C:\Program Files (x86)\Windows Kits\10\Include\10.0.26100.0\shared\winerror.h(59327,9):
      see previous definition of 'DXGI_STATUS_MODE_CHANGED'
  
C:\Users\SANDY\OneDrive\Desktop\PROJECT\OZALERX_INTERNAL\INTERNAL\SDK\Include\dxgitype.h(18,9): warning C4005: 'DXGI_STATUS_MODE_CHANGE_IN_PROGRESS': macro redefinition
  (compiling source file 'Yorzen/Dudas/menu.cpp')
      C:\Program Files (x86)\Windows Kits\10\Include\10.0.26100.0\shared\winerror.h(59336,9):
      see previous definition of 'DXGI_STATUS_MODE_CHANGE_IN_PROGRESS'
  
C:\Users\SANDY\OneDrive\Desktop\PROJECT\OZALERX_INTERNAL\INTERNAL\SDK\Include\dxgitype.h(21,9): warning C4005: 'DXGI_ERROR_INVALID_CALL': macro redefinition
  (compiling source file 'Yorzen/Dudas/menu.cpp')
      C:\Program Files (x86)\Windows Kits\10\Include\10.0.26100.0\shared\winerror.h(59351,9):
      see previous definition of 'DXGI_ERROR_INVALID_CALL'
  
C:\Users\SANDY\OneDrive\Desktop\PROJECT\OZALERX_INTERNAL\INTERNAL\SDK\Include\dxgitype.h(22,9): warning C4005: 'DXGI_ERROR_NOT_FOUND': macro redefinition
  (compiling source file 'Yorzen/Dudas/menu.cpp')
      C:\Program Files (x86)\Windows Kits\10\Include\10.0.26100.0\shared\winerror.h(59360,9):
      see previous definition of 'DXGI_ERROR_NOT_FOUND'
  
C:\Users\SANDY\OneDrive\Desktop\PROJECT\OZALERX_INTERNAL\INTERNAL\SDK\Include\dxgitype.h(23,9): warning C4005: 'DXGI_ERROR_MORE_DATA': macro redefinition
  (compiling source file 'Yorzen/Dudas/menu.cpp')
      C:\Program Files (x86)\Windows Kits\10\Include\10.0.26100.0\shared\winerror.h(59369,9):
      see previous definition of 'DXGI_ERROR_MORE_DATA'
  
C:\Users\SANDY\OneDrive\Desktop\PROJECT\OZALERX_INTERNAL\INTERNAL\SDK\Include\dxgitype.h(24,9): warning C4005: 'DXGI_ERROR_UNSUPPORTED': macro redefinition
  (compiling source file 'Yorzen/Dudas/menu.cpp')
      C:\Program Files (x86)\Windows Kits\10\Include\10.0.26100.0\shared\winerror.h(59378,9):
      see previous definition of 'DXGI_ERROR_UNSUPPORTED'
  
C:\Users\SANDY\OneDrive\Desktop\PROJECT\OZALERX_INTERNAL\INTERNAL\SDK\Include\dxgitype.h(25,9): warning C4005: 'DXGI_ERROR_DEVICE_REMOVED': macro redefinition
  (compiling source file 'Yorzen/Dudas/menu.cpp')
      C:\Program Files (x86)\Windows Kits\10\Include\10.0.26100.0\shared\winerror.h(59387,9):
      see previous definition of 'DXGI_ERROR_DEVICE_REMOVED'
  
C:\Users\SANDY\OneDrive\Desktop\PROJECT\OZALERX_INTERNAL\INTERNAL\SDK\Include\dxgitype.h(26,9): warning C4005: 'DXGI_ERROR_DEVICE_HUNG': macro redefinition
  (compiling source file 'Yorzen/Dudas/menu.cpp')
      C:\Program Files (x86)\Windows Kits\10\Include\10.0.26100.0\shared\winerror.h(59396,9):
      see previous definition of 'DXGI_ERROR_DEVICE_HUNG'
  
C:\Users\SANDY\OneDrive\Desktop\PROJECT\OZALERX_INTERNAL\INTERNAL\SDK\Include\dxgitype.h(27,9): warning C4005: 'DXGI_ERROR_DEVICE_RESET': macro redefinition
  (compiling source file 'Yorzen/Dudas/menu.cpp')
      C:\Program Files (x86)\Windows Kits\10\Include\10.0.26100.0\shared\winerror.h(59406,9):
      see previous definition of 'DXGI_ERROR_DEVICE_RESET'
  
C:\Users\SANDY\OneDrive\Desktop\PROJECT\OZALERX_INTERNAL\INTERNAL\SDK\Include\dxgitype.h(28,9): warning C4005: 'DXGI_ERROR_WAS_STILL_DRAWING': macro redefinition
  (compiling source file 'Yorzen/Dudas/menu.cpp')
      C:\Program Files (x86)\Windows Kits\10\Include\10.0.26100.0\shared\winerror.h(59415,9):
      see previous definition of 'DXGI_ERROR_WAS_STILL_DRAWING'
  
C:\Users\SANDY\OneDrive\Desktop\PROJECT\OZALERX_INTERNAL\INTERNAL\SDK\Include\dxgitype.h(29,9): warning C4005: 'DXGI_ERROR_FRAME_STATISTICS_DISJOINT': macro redefinition
  (compiling source file 'Yorzen/Dudas/menu.cpp')
      C:\Program Files (x86)\Windows Kits\10\Include\10.0.26100.0\shared\winerror.h(59425,9):
      see previous definition of 'DXGI_ERROR_FRAME_STATISTICS_DISJOINT'
  
C:\Users\SANDY\OneDrive\Desktop\PROJECT\OZALERX_INTERNAL\INTERNAL\SDK\Include\dxgitype.h(30,9): warning C4005: 'DXGI_ERROR_GRAPHICS_VIDPN_SOURCE_IN_USE': macro redefinition
  (compiling source file 'Yorzen/Dudas/menu.cpp')
      C:\Program Files (x86)\Windows Kits\10\Include\10.0.26100.0\shared\winerror.h(59434,9):
      see previous definition of 'DXGI_ERROR_GRAPHICS_VIDPN_SOURCE_IN_USE'
  
C:\Users\SANDY\OneDrive\Desktop\PROJECT\OZALERX_INTERNAL\INTERNAL\SDK\Include\dxgitype.h(31,9): warning C4005: 'DXGI_ERROR_DRIVER_INTERNAL_ERROR': macro redefinition
  (compiling source file 'Yorzen/Dudas/menu.cpp')
      C:\Program Files (x86)\Windows Kits\10\Include\10.0.26100.0\shared\winerror.h(59444,9):
      see previous definition of 'DXGI_ERROR_DRIVER_INTERNAL_ERROR'
  
C:\Users\SANDY\OneDrive\Desktop\PROJECT\OZALERX_INTERNAL\INTERNAL\SDK\Include\dxgitype.h(32,9): warning C4005: 'DXGI_ERROR_NONEXCLUSIVE': macro redefinition
  (compiling source file 'Yorzen/Dudas/menu.cpp')
      C:\Program Files (x86)\Windows Kits\10\Include\10.0.26100.0\shared\winerror.h(59453,9):
      see previous definition of 'DXGI_ERROR_NONEXCLUSIVE'
  
C:\Users\SANDY\OneDrive\Desktop\PROJECT\OZALERX_INTERNAL\INTERNAL\SDK\Include\dxgitype.h(33,9): warning C4005: 'DXGI_ERROR_NOT_CURRENTLY_AVAILABLE': macro redefinition
  (compiling source file 'Yorzen/Dudas/menu.cpp')
      C:\Program Files (x86)\Windows Kits\10\Include\10.0.26100.0\shared\winerror.h(59462,9):
      see previous definition of 'DXGI_ERROR_NOT_CURRENTLY_AVAILABLE'
  
C:\Users\SANDY\OneDrive\Desktop\PROJECT\OZALERX_INTERNAL\INTERNAL\SDK\Include\dxgitype.h(34,9): warning C4005: 'DXGI_ERROR_REMOTE_CLIENT_DISCONNECTED': macro redefinition
  (compiling source file 'Yorzen/Dudas/menu.cpp')
      C:\Program Files (x86)\Windows Kits\10\Include\10.0.26100.0\shared\winerror.h(59472,9):
      see previous definition of 'DXGI_ERROR_REMOTE_CLIENT_DISCONNECTED'
  
C:\Users\SANDY\OneDrive\Desktop\PROJECT\OZALERX_INTERNAL\INTERNAL\SDK\Include\dxgitype.h(35,9): warning C4005: 'DXGI_ERROR_REMOTE_OUTOFMEMORY': macro redefinition
  (compiling source file 'Yorzen/Dudas/menu.cpp')
      C:\Program Files (x86)\Windows Kits\10\Include\10.0.26100.0\shared\winerror.h(59481,9):
      see previous definition of 'DXGI_ERROR_REMOTE_OUTOFMEMORY'
  
C:\Users\SANDY\OneDrive\Desktop\PROJECT\OZALERX_INTERNAL\INTERNAL\SDK\Include\d3d11.h(917,9): warning C4005: 'D3D11_ERROR_TOO_MANY_UNIQUE_STATE_OBJECTS': macro redefinition
  (compiling source file 'Yorzen/Dudas/menu.cpp')
      C:\Program Files (x86)\Windows Kits\10\Include\10.0.26100.0\shared\winerror.h(59796,9):
      see previous definition of 'D3D11_ERROR_TOO_MANY_UNIQUE_STATE_OBJECTS'
  
C:\Users\SANDY\OneDrive\Desktop\PROJECT\OZALERX_INTERNAL\INTERNAL\SDK\Include\d3d11.h(918,9): warning C4005: 'D3D11_ERROR_FILE_NOT_FOUND': macro redefinition
  (compiling source file 'Yorzen/Dudas/menu.cpp')
      C:\Program Files (x86)\Windows Kits\10\Include\10.0.26100.0\shared\winerror.h(59805,9):
      see previous definition of 'D3D11_ERROR_FILE_NOT_FOUND'
  
C:\Users\SANDY\OneDrive\Desktop\PROJECT\OZALERX_INTERNAL\INTERNAL\SDK\Include\d3d11.h(919,9): warning C4005: 'D3D11_ERROR_TOO_MANY_UNIQUE_VIEW_OBJECTS': macro redefinition
  (compiling source file 'Yorzen/Dudas/menu.cpp')
      C:\Program Files (x86)\Windows Kits\10\Include\10.0.26100.0\shared\winerror.h(59815,9):
      see previous definition of 'D3D11_ERROR_TOO_MANY_UNIQUE_VIEW_OBJECTS'
  
C:\Users\SANDY\OneDrive\Desktop\PROJECT\OZALERX_INTERNAL\INTERNAL\SDK\Include\d3d11.h(920,9): warning C4005: 'D3D11_ERROR_DEFERRED_CONTEXT_MAP_WITHOUT_INITIAL_DISCARD': macro redefinition
  (compiling source file 'Yorzen/Dudas/menu.cpp')
      C:\Program Files (x86)\Windows Kits\10\Include\10.0.26100.0\shared\winerror.h(59824,9):
      see previous definition of 'D3D11_ERROR_DEFERRED_CONTEXT_MAP_WITHOUT_INITIAL_DISCARD'
  
C:\Users\SANDY\OneDrive\Desktop\PROJECT\OZALERX_INTERNAL\INTERNAL\SDK\Include\d3d10.h(608,9): warning C4005: 'D3D10_ERROR_TOO_MANY_UNIQUE_STATE_OBJECTS': macro redefinition
  (compiling source file 'Yorzen/Dudas/menu.cpp')
      C:\Program Files (x86)\Windows Kits\10\Include\10.0.26100.0\shared\winerror.h(59772,9):
      see previous definition of 'D3D10_ERROR_TOO_MANY_UNIQUE_STATE_OBJECTS'
  
C:\Users\SANDY\OneDrive\Desktop\PROJECT\OZALERX_INTERNAL\INTERNAL\SDK\Include\d3d10.h(609,9): warning C4005: 'D3D10_ERROR_FILE_NOT_FOUND': macro redefinition
  (compiling source file 'Yorzen/Dudas/menu.cpp')
      C:\Program Files (x86)\Windows Kits\10\Include\10.0.26100.0\shared\winerror.h(59781,9):
      see previous definition of 'D3D10_ERROR_FILE_NOT_FOUND'
  
C:\Users\SANDY\OneDrive\Desktop\PROJECT\OZALERX_INTERNAL\INTERNAL\examples\example_win32_directx11\ImGui\stt.hpp(206,42): warning C4100: 'swap_chain': unreferenced parameter
  (compiling source file 'Yorzen/Dudas/menu.cpp')
  
C:\Users\SANDY\OneDrive\Desktop\PROJECT\OZALERX_INTERNAL\INTERNAL\examples\example_win32_directx11\ImGui\stt.hpp(294,20): warning C4189: 'col': local variable is initialized but not referenced
  (compiling source file 'Yorzen/Dudas/menu.cpp')
  
C:\Users\SANDY\OneDrive\Desktop\PROJECT\OZALERX_INTERNAL\INTERNAL\imgui_settings.h(94,16): warning C4091: 'static ': ignored on left of 'c::glow_draws' when no variable is declared
  (compiling source file 'Yorzen/Dudas/menu.cpp')
  
C:\Users\SANDY\OneDrive\Desktop\PROJECT\OZALERX_INTERNAL\INTERNAL\examples\example_win32_directx11\ImGui\custom_popup.hpp(64,48): warning C4458: declaration of 'anim' hides class member
  (compiling source file 'Yorzen/Dudas/menu.cpp')
      C:\Users\SANDY\OneDrive\Desktop\PROJECT\OZALERX_INTERNAL\INTERNAL\examples\example_win32_directx11\ImGui\custom_popup.hpp(32,35):
      see declaration of 'custom_popup::anim'
  
C:\Users\SANDY\OneDrive\Desktop\PROJECT\OZALERX_INTERNAL\INTERNAL\examples\example_win32_directx11\ImGui\custom_popup.hpp(118,48): warning C4458: declaration of 'anim' hides class member
  (compiling source file 'Yorzen/Dudas/menu.cpp')
      C:\Users\SANDY\OneDrive\Desktop\PROJECT\OZALERX_INTERNAL\INTERNAL\examples\example_win32_directx11\ImGui\custom_popup.hpp(32,35):
      see declaration of 'custom_popup::anim'
  
C:\Users\SANDY\OneDrive\Desktop\PROJECT\OZALERX_INTERNAL\INTERNAL\examples\example_win32_directx11\ImGui\custom_popup.hpp(150,27): warning C4458: declaration of 'name' hides class member
  (compiling source file 'Yorzen/Dudas/menu.cpp')
      C:\Users\SANDY\OneDrive\Desktop\PROJECT\OZALERX_INTERNAL\INTERNAL\examples\example_win32_directx11\ImGui\custom_popup.hpp(17,17):
      see declaration of 'custom_popup::name'
  
C:\Users\SANDY\OneDrive\Desktop\PROJECT\OZALERX_INTERNAL\INTERNAL\examples\example_win32_directx11\ImGui\custom_popup.hpp(169,50): warning C4458: declaration of 'name' hides class member
  (compiling source file 'Yorzen/Dudas/menu.cpp')
      C:\Users\SANDY\OneDrive\Desktop\PROJECT\OZALERX_INTERNAL\INTERNAL\examples\example_win32_directx11\ImGui\custom_popup.hpp(17,17):
      see declaration of 'custom_popup::name'
  
C:\Users\SANDY\OneDrive\Desktop\PROJECT\OZALERX_INTERNAL\INTERNAL\examples\example_win32_directx11\ImGui\custom_popup.hpp(246,30): warning C4100: 'label': unreferenced parameter
  (compiling source file 'Yorzen/Dudas/menu.cpp')
  
C:\Users\SANDY\OneDrive\Desktop\PROJECT\OZALERX_INTERNAL\INTERNAL\examples\example_win32_directx11\ImGui\notify.h(6,9): warning C4005: '_WIN32_WINNT': macro redefinition
  (compiling source file 'Yorzen/Dudas/menu.cpp')
      C:\Program Files (x86)\Windows Kits\10\Include\10.0.26100.0\shared\sdkddkver.h(228,10):
      see previous definition of '_WIN32_WINNT'
  
C:\Users\SANDY\OneDrive\Desktop\PROJECT\OZALERX_INTERNAL\INTERNAL\examples\example_win32_directx11\ImGui\notify.h(118,55): warning C4458: declaration of 'type' hides class member
  (compiling source file 'Yorzen/Dudas/menu.cpp')
      C:\Users\SANDY\OneDrive\Desktop\PROJECT\OZALERX_INTERNAL\INTERNAL\examples\example_win32_directx11\ImGui\notify.h(96,20):
      see declaration of 'ImGuiToast::type'
  
C:\Users\SANDY\OneDrive\Desktop\PROJECT\OZALERX_INTERNAL\INTERNAL\examples\example_win32_directx11\ImGui\notify.h(275,25): warning C4459: declaration of 'title' hides global declaration
  (compiling source file 'Yorzen/Dudas/menu.cpp')
      C:\Users\SANDY\OneDrive\Desktop\PROJECT\OZALERX_INTERNAL\INTERNAL\imgui_settings.h(137,18):
      see declaration of 'c::child::title'
  
C:\Users\SANDY\OneDrive\Desktop\PROJECT\OZALERX_INTERNAL\INTERNAL\examples\example_win32_directx11\ImGui\notify.h(337,41): warning C4244: 'argument': conversion from 'float' to 'ImDrawFlags', possible loss of data
  (compiling source file 'Yorzen/Dudas/menu.cpp')
  
C:\Users\SANDY\OneDrive\Desktop\PROJECT\OZALERX_INTERNAL\INTERNAL\examples\example_win32_directx11\ImGui\notify.h(359,35): warning C4130: '==': logical operation on address of string constant
  (compiling source file 'Yorzen/Dudas/menu.cpp')
  
C:\Users\SANDY\OneDrive\Desktop\PROJECT\OZALERX_INTERNAL\INTERNAL\examples\example_win32_directx11\ImGui\notify.h(360,35): warning C4130: '==': logical operation on address of string constant
  (compiling source file 'Yorzen/Dudas/menu.cpp')
  
C:\Users\SANDY\OneDrive\Desktop\PROJECT\OZALERX_INTERNAL\INTERNAL\examples\example_win32_directx11\ImGui\notify.h(361,35): warning C4130: '==': logical operation on address of string constant
  (compiling source file 'Yorzen/Dudas/menu.cpp')
  
C:\Users\SANDY\OneDrive\Desktop\PROJECT\OZALERX_INTERNAL\INTERNAL\examples\example_win32_directx11\ImGui\notify.h(362,35): warning C4130: '==': logical operation on address of string constant
  (compiling source file 'Yorzen/Dudas/menu.cpp')
  
C:\Users\SANDY\OneDrive\Desktop\PROJECT\OZALERX_INTERNAL\INTERNAL\examples\example_win32_directx11\ImGui\notify.h(363,35): warning C4130: '==': logical operation on address of string constant
  (compiling source file 'Yorzen/Dudas/menu.cpp')
  
C:\Users\SANDY\OneDrive\Desktop\PROJECT\OZALERX_INTERNAL\INTERNAL\examples\example_win32_directx11\ImGui\notify.h(275,25): warning C4189: 'title': local variable is initialized but not referenced
  (compiling source file 'Yorzen/Dudas/menu.cpp')
  
C:\Users\SANDY\OneDrive\Desktop\PROJECT\OZALERX_INTERNAL\INTERNAL\examples\example_win32_directx11\ImGui\custom_widgets.hpp(275,113): warning C4459: declaration of 'speed' hides global declaration
  (compiling source file 'Yorzen/Dudas/menu.cpp')
      C:\Users\SANDY\OneDrive\Desktop\PROJECT\OZALERX_INTERNAL\INTERNAL\imgui_settings.h(125,16):
      see declaration of 'c::anim::speed'
  
C:\Users\SANDY\OneDrive\Desktop\PROJECT\OZALERX_INTERNAL\INTERNAL\examples\example_win32_directx11\ImGui\custom_widgets.hpp(284,15): warning C4091: 'static ': ignored on left of 'custom::chroma' when no variable is declared
  (compiling source file 'Yorzen/Dudas/menu.cpp')
  
C:\Users\SANDY\OneDrive\Desktop\PROJECT\OZALERX_INTERNAL\INTERNAL\examples\example_win32_directx11\ImGui\custom_widgets.hpp(357,16): warning C4130: '!=': logical operation on address of string constant
  (compiling source file 'Yorzen/Dudas/menu.cpp')
  
C:\Users\SANDY\OneDrive\Desktop\PROJECT\OZALERX_INTERNAL\INTERNAL\examples\example_win32_directx11\ImGui\custom_widgets.hpp(338,52): warning C4100: 'c2': unreferenced parameter
  (compiling source file 'Yorzen/Dudas/menu.cpp')
  
C:\Users\SANDY\OneDrive\Desktop\PROJECT\OZALERX_INTERNAL\INTERNAL\examples\example_win32_directx11\ImGui\custom_widgets.hpp(338,40): warning C4100: 'c1': unreferenced parameter
  (compiling source file 'Yorzen/Dudas/menu.cpp')
  
C:\Users\SANDY\OneDrive\Desktop\PROJECT\OZALERX_INTERNAL\INTERNAL\examples\example_win32_directx11\ImGui\custom_widgets.hpp(379,55): warning C4100: 'size': unreferenced parameter
  (compiling source file 'Yorzen/Dudas/menu.cpp')
  
C:\Users\SANDY\OneDrive\Desktop\PROJECT\OZALERX_INTERNAL\INTERNAL\examples\example_win32_directx11\EspLines\Math\Vector\Vector3.hpp(11,9): warning C4201: nonstandard extension used: nameless struct/union
  (compiling source file 'Yorzen/Dudas/menu.cpp')
  
C:\Users\SANDY\OneDrive\Desktop\PROJECT\OZALERX_INTERNAL\INTERNAL\examples\example_win32_directx11\EspLines\Math\Vector\Vector3.hpp(339,13): warning C4244: '=': conversion from 'double' to 'float', possible loss of data
  (compiling source file 'Yorzen/Dudas/menu.cpp')
  
C:\Users\SANDY\OneDrive\Desktop\PROJECT\OZALERX_INTERNAL\INTERNAL\examples\example_win32_directx11\EspLines\Math\Vector\Vector3.hpp(340,13): warning C4244: '=': conversion from 'double' to 'float', possible loss of data
  (compiling source file 'Yorzen/Dudas/menu.cpp')
  
C:\Users\SANDY\OneDrive\Desktop\PROJECT\OZALERX_INTERNAL\INTERNAL\examples\example_win32_directx11\EspLines\Math\Vector\Vector3.hpp(492,72): warning C4305: 'argument': truncation from 'double' to 'float'
  (compiling source file 'Yorzen/Dudas/menu.cpp')
  
C:\Users\SANDY\OneDrive\Desktop\PROJECT\OZALERX_INTERNAL\INTERNAL\examples\example_win32_directx11\EspLines\Math\Vector\Vector3.hpp(492,66): warning C4305: 'argument': truncation from 'double' to 'float'
  (compiling source file 'Yorzen/Dudas/menu.cpp')
  
C:\Users\SANDY\OneDrive\Desktop\PROJECT\OZALERX_INTERNAL\INTERNAL\examples\example_win32_directx11\EspLines\Math\Vector\Vector3.hpp(492,60): warning C4305: 'argument': truncation from 'double' to 'float'
  (compiling source file 'Yorzen/Dudas/menu.cpp')
  
C:\Users\SANDY\OneDrive\Desktop\PROJECT\OZALERX_INTERNAL\INTERNAL\examples\example_win32_directx11\EspLines\Math\Vector\Vector3.hpp(520,15): warning C4244: '=': conversion from 'double' to 'float', possible loss of data
  (compiling source file 'Yorzen/Dudas/menu.cpp')
  
C:\Users\SANDY\OneDrive\Desktop\PROJECT\OZALERX_INTERNAL\INTERNAL\examples\example_win32_directx11\EspLines\Math\Vector\Vector3.hpp(521,15): warning C4244: '=': conversion from 'double' to 'float', possible loss of data
  (compiling source file 'Yorzen/Dudas/menu.cpp')
  
C:\Users\SANDY\OneDrive\Desktop\PROJECT\OZALERX_INTERNAL\INTERNAL\examples\example_win32_directx11\EspLines\Math\Vector\Vector3.hpp(538,13): warning C4244: '=': conversion from 'double' to 'float', possible loss of data
  (compiling source file 'Yorzen/Dudas/menu.cpp')
  
C:\Users\SANDY\OneDrive\Desktop\PROJECT\OZALERX_INTERNAL\INTERNAL\examples\example_win32_directx11\EspLines\Math\Vector\Vector3.hpp(539,13): warning C4244: '=': conversion from 'double' to 'float', possible loss of data
  (compiling source file 'Yorzen/Dudas/menu.cpp')
  
C:\Users\SANDY\OneDrive\Desktop\PROJECT\OZALERX_INTERNAL\INTERNAL\examples\example_win32_directx11\EspLines\Math\Vector\Vector3.hpp(604,21): warning C4312: 'type cast': conversion from 'int' to 'const char *' of greater size
  (compiling source file 'Yorzen/Dudas/menu.cpp')
  
C:\Users\SANDY\OneDrive\Desktop\PROJECT\OZALERX_INTERNAL\INTERNAL\examples\example_win32_directx11\EspLines\Math\Vector\Vector3.hpp(605,21): warning C4312: 'type cast': conversion from 'int' to 'const char *' of greater size
  (compiling source file 'Yorzen/Dudas/menu.cpp')
  
C:\Users\SANDY\OneDrive\Desktop\PROJECT\OZALERX_INTERNAL\INTERNAL\examples\example_win32_directx11\EspLines\Math\Vector\Vector3.hpp(606,21): warning C4312: 'type cast': conversion from 'int' to 'const char *' of greater size
  (compiling source file 'Yorzen/Dudas/menu.cpp')
  
C:\Users\SANDY\OneDrive\Desktop\PROJECT\OZALERX_INTERNAL\INTERNAL\examples\example_win32_directx11\RAMZIXMem.h(129,21): warning C4459: declaration of 'title' hides global declaration
  (compiling source file 'Yorzen/Dudas/menu.cpp')
      C:\Users\SANDY\OneDrive\Desktop\PROJECT\OZALERX_INTERNAL\INTERNAL\imgui_settings.h(137,18):
      see declaration of 'c::child::title'
  
C:\Users\SANDY\OneDrive\Desktop\PROJECT\OZALERX_INTERNAL\INTERNAL\examples\example_win32_directx11\RAMZIXMem.h(215,21): warning C4459: declaration of 'title' hides global declaration
  (compiling source file 'Yorzen/Dudas/menu.cpp')
      C:\Users\SANDY\OneDrive\Desktop\PROJECT\OZALERX_INTERNAL\INTERNAL\imgui_settings.h(137,18):
      see declaration of 'c::child::title'
  
C:\Users\SANDY\OneDrive\Desktop\PROJECT\OZALERX_INTERNAL\INTERNAL\examples\example_win32_directx11\RAMZIXMem.h(476,25): warning C4267: 'initializing': conversion from 'size_t' to 'int', possible loss of data
  (compiling source file 'Yorzen/Dudas/menu.cpp')
  
C:\Users\SANDY\OneDrive\Desktop\PROJECT\OZALERX_INTERNAL\INTERNAL\examples\example_win32_directx11\RAMZIXMem.h(481,46): warning C4244: 'argument': conversion from '_Ty' to 'ULONG', possible loss of data
C:\Users\SANDY\OneDrive\Desktop\PROJECT\OZALERX_INTERNAL\INTERNAL\examples\example_win32_directx11\RAMZIXMem.h(481,46): warning C4244:         with
C:\Users\SANDY\OneDrive\Desktop\PROJECT\OZALERX_INTERNAL\INTERNAL\examples\example_win32_directx11\RAMZIXMem.h(481,46): warning C4244:         [
C:\Users\SANDY\OneDrive\Desktop\PROJECT\OZALERX_INTERNAL\INTERNAL\examples\example_win32_directx11\RAMZIXMem.h(481,46): warning C4244:             _Ty=DWORD_PTR
C:\Users\SANDY\OneDrive\Desktop\PROJECT\OZALERX_INTERNAL\INTERNAL\examples\example_win32_directx11\RAMZIXMem.h(481,46): warning C4244:         ]
  (compiling source file 'Yorzen/Dudas/menu.cpp')
  
C:\Users\SANDY\OneDrive\Desktop\PROJECT\OZALERX_INTERNAL\INTERNAL\examples\example_win32_directx11\RAMZIXMem.h(499,25): warning C4267: 'initializing': conversion from 'size_t' to 'int', possible loss of data
  (compiling source file 'Yorzen/Dudas/menu.cpp')
  
C:\Users\SANDY\OneDrive\Desktop\PROJECT\OZALERX_INTERNAL\INTERNAL\examples\example_win32_directx11\RAMZIXMem.h(504,46): warning C4244: 'argument': conversion from '_Ty' to 'ULONG', possible loss of data
C:\Users\SANDY\OneDrive\Desktop\PROJECT\OZALERX_INTERNAL\INTERNAL\examples\example_win32_directx11\RAMZIXMem.h(504,46): warning C4244:         with
C:\Users\SANDY\OneDrive\Desktop\PROJECT\OZALERX_INTERNAL\INTERNAL\examples\example_win32_directx11\RAMZIXMem.h(504,46): warning C4244:         [
C:\Users\SANDY\OneDrive\Desktop\PROJECT\OZALERX_INTERNAL\INTERNAL\examples\example_win32_directx11\RAMZIXMem.h(504,46): warning C4244:             _Ty=DWORD_PTR
C:\Users\SANDY\OneDrive\Desktop\PROJECT\OZALERX_INTERNAL\INTERNAL\examples\example_win32_directx11\RAMZIXMem.h(504,46): warning C4244:         ]
  (compiling source file 'Yorzen/Dudas/menu.cpp')
  
C:\Users\SANDY\OneDrive\Desktop\PROJECT\OZALERX_INTERNAL\INTERNAL\examples\example_win32_directx11\RAMZIXMem.h(972,31): warning C4458: declaration of 'ProcessHandle' hides class member
  (compiling source file 'Yorzen/Dudas/menu.cpp')
      C:\Users\SANDY\OneDrive\Desktop\PROJECT\OZALERX_INTERNAL\INTERNAL\examples\example_win32_directx11\RAMZIXMem.h(46,12):
      see declaration of 'AimbotMemory::ProcessHandle'
  
C:\Users\SANDY\OneDrive\Desktop\PROJECT\OZALERX_INTERNAL\INTERNAL\examples\example_win32_directx11\RAMZIXMem.h(1258,48): warning C4312: 'type cast': conversion from 'ULONG' to 'LPVOID' of greater size
  (compiling source file 'Yorzen/Dudas/menu.cpp')
  
C:\Users\SANDY\OneDrive\Desktop\PROJECT\OZALERX_INTERNAL\INTERNAL\examples\example_win32_directx11\RAMZIXMem.h(1263,25): warning C4267: 'initializing': conversion from 'size_t' to 'int', possible loss of data
  (compiling source file 'Yorzen/Dudas/menu.cpp')
  
C:\Users\SANDY\OneDrive\Desktop\PROJECT\OZALERX_INTERNAL\INTERNAL\examples\example_win32_directx11\RAMZIXMem.h(1286,46): warning C4244: 'argument': conversion from '_Ty' to 'ULONG', possible loss of data
C:\Users\SANDY\OneDrive\Desktop\PROJECT\OZALERX_INTERNAL\INTERNAL\examples\example_win32_directx11\RAMZIXMem.h(1286,46): warning C4244:         with
C:\Users\SANDY\OneDrive\Desktop\PROJECT\OZALERX_INTERNAL\INTERNAL\examples\example_win32_directx11\RAMZIXMem.h(1286,46): warning C4244:         [
C:\Users\SANDY\OneDrive\Desktop\PROJECT\OZALERX_INTERNAL\INTERNAL\examples\example_win32_directx11\RAMZIXMem.h(1286,46): warning C4244:             _Ty=DWORD_PTR
C:\Users\SANDY\OneDrive\Desktop\PROJECT\OZALERX_INTERNAL\INTERNAL\examples\example_win32_directx11\RAMZIXMem.h(1286,46): warning C4244:         ]
  (compiling source file 'Yorzen/Dudas/menu.cpp')
  
C:\Users\SANDY\OneDrive\Desktop\PROJECT\OZALERX_INTERNAL\INTERNAL\examples\example_win32_directx11\RAMZIXMem.h(1261,111): warning C4100: 'ForceWrite': unreferenced parameter
  (compiling source file 'Yorzen/Dudas/menu.cpp')
  
C:\Users\SANDY\OneDrive\Desktop\PROJECT\OZALERX_INTERNAL\INTERNAL\examples\example_win32_directx11\RAMZIXMem.h(1329,25): warning C4267: 'initializing': conversion from 'size_t' to 'int', possible loss of data
  (compiling source file 'Yorzen/Dudas/menu.cpp')
  
C:\Users\SANDY\OneDrive\Desktop\PROJECT\OZALERX_INTERNAL\INTERNAL\examples\example_win32_directx11\RAMZIXMem.h(1345,19): warning C4101: 'OldProtect': unreferenced local variable
  (compiling source file 'Yorzen/Dudas/menu.cpp')
  
C:\Users\SANDY\OneDrive\Desktop\PROJECT\OZALERX_INTERNAL\INTERNAL\examples\example_win32_directx11\RAMZIXMem.h(1354,19): warning C4101: 'OldProtect': unreferenced local variable
  (compiling source file 'Yorzen/Dudas/menu.cpp')
  
C:\Users\SANDY\OneDrive\Desktop\PROJECT\OZALERX_INTERNAL\INTERNAL\examples\example_win32_directx11\RAMZIXMem.h(1602,20): warning C4458: declaration of 'mtx' hides class member
  (compiling source file 'Yorzen/Dudas/menu.cpp')
      C:\Users\SANDY\OneDrive\Desktop\PROJECT\OZALERX_INTERNAL\INTERNAL\examples\example_win32_directx11\RAMZIXMem.h(63,16):
      see declaration of 'AimbotMemory::mtx'
  
C:\Users\SANDY\OneDrive\Desktop\PROJECT\OZALERX_INTERNAL\INTERNAL\examples\example_win32_directx11\RAMZIXMem.h(1647,24): warning C4244: 'return': conversion from 'DWORD_PTR' to 'int', possible loss of data
  (compiling source file 'Yorzen/Dudas/menu.cpp')
  
C:\Users\SANDY\OneDrive\Desktop\PROJECT\OZALERX_INTERNAL\INTERNAL\examples\example_win32_directx11\Yorzen\Dudas\menu.cpp(77,33): warning C4459: declaration of 'fTabOffset' hides global declaration
      C:\Users\SANDY\OneDrive\Desktop\PROJECT\OZALERX_INTERNAL\INTERNAL\imgui_settings.h(119,15):
      see declaration of 'c::fTabOffset'
  
  buffer.c
C:\Users\SANDY\OneDrive\Desktop\PROJECT\OZALERX_INTERNAL\INTERNAL\examples\example_win32_directx11\ext\MinHook\src\buffer.c(49,6): warning C4201: nonstandard extension used: nameless struct/union
  hde32.c
C:\Users\SANDY\OneDrive\Desktop\PROJECT\OZALERX_INTERNAL\INTERNAL\examples\example_win32_directx11\ext\MinHook\src\hde\hde32.c(325,1): warning C4206: nonstandard extension used: translation unit is empty
  hde64.c
  hook.c
C:\Users\SANDY\OneDrive\Desktop\PROJECT\OZALERX_INTERNAL\INTERNAL\examples\example_win32_directx11\ext\MinHook\src\hook.c(419,44): warning C4310: cast truncates constant value
C:\Users\SANDY\OneDrive\Desktop\PROJECT\OZALERX_INTERNAL\INTERNAL\examples\example_win32_directx11\ext\MinHook\src\hook.c(435,26): warning C4244: '=': conversion from 'BOOL' to 'UINT8', possible loss of data
C:\Users\SANDY\OneDrive\Desktop\PROJECT\OZALERX_INTERNAL\INTERNAL\examples\example_win32_directx11\ext\MinHook\src\hook.c(436,26): warning C4244: '=': conversion from 'BOOL' to 'UINT8', possible loss of data
C:\Users\SANDY\OneDrive\Desktop\PROJECT\OZALERX_INTERNAL\INTERNAL\examples\example_win32_directx11\ext\MinHook\src\hook.c(612,52): warning C4244: '=': conversion from 'BOOL' to 'UINT8', possible loss of data
C:\Users\SANDY\OneDrive\Desktop\PROJECT\OZALERX_INTERNAL\INTERNAL\examples\example_win32_directx11\ext\MinHook\src\hook.c(796,49): warning C4244: '=': conversion from 'BOOL' to 'UINT8', possible loss of data
C:\Users\SANDY\OneDrive\Desktop\PROJECT\OZALERX_INTERNAL\INTERNAL\examples\example_win32_directx11\ext\MinHook\src\hook.c(803,51): warning C4244: '=': conversion from 'BOOL' to 'UINT8', possible loss of data
  trampoline.c
C:\Users\SANDY\OneDrive\Desktop\PROJECT\OZALERX_INTERNAL\INTERNAL\examples\example_win32_directx11\ext\MinHook\src\trampoline.c(286,19): warning C4244: '+=': conversion from 'UINT' to 'UINT8', possible loss of data
LINK : warning LNK4098: defaultlib 'LIBCMT' conflicts with use of other libs; use /NODEFAULTLIB:library
  Generating code
  Previous IPDB not found, fall back to full compilation.
C:\Users\SANDY\OneDrive\Desktop\PROJECT\OZALERX_INTERNAL\INTERNAL\examples\example_win32_directx11\ImGui\notify.h(175): warning C4715: 'ImGuiToast::get_color': not all control paths return a value
C:\Users\SANDY\OneDrive\Desktop\PROJECT\OZALERX_INTERNAL\INTERNAL\examples\example_win32_directx11\ext\MinHook\src\hde\hde64.c(59): warning C4701: potentially uninitialized local variable 'c' used
C:\Users\SANDY\OneDrive\Desktop\PROJECT\OZALERX_INTERNAL\INTERNAL\examples\example_win32_directx11\ImGui\notify.h(187): warning C4172: returning address of local variable or temporary
C:\Users\SANDY\OneDrive\Desktop\PROJECT\OZALERX_INTERNAL\INTERNAL\examples\example_win32_directx11\ImGui\notify.h(191): warning C4172: returning address of local variable or temporary
C:\Users\SANDY\OneDrive\Desktop\PROJECT\OZALERX_INTERNAL\INTERNAL\examples\example_win32_directx11\ImGui\notify.h(195): warning C4172: returning address of local variable or temporary
C:\Users\SANDY\OneDrive\Desktop\PROJECT\OZALERX_INTERNAL\INTERNAL\examples\example_win32_directx11\ImGui\notify.h(199): warning C4172: returning address of local variable or temporary
  All 9729 functions were compiled because no usable IPDB/IOBJ from previous compilation was found.
  Finished generating code
  example_win32_directx11.vcxproj -> C:\Users\SANDY\OneDrive\Desktop\PROJECT\OZALERX_INTERNAL\INTERNAL\examples\example_win32_directx11\Build\REIMANOS.dll
